customer_id,signup_date,churn_date,plan,country,age,monthly_fee,payment_method,acquisition_channel,contract_type,support_tickets,login_frequency,days_since_last_login,churn_flag,status,annual_revenue
C00001,2025-03-31,,Basic,Australia,32,19,UPI,Email,Monthly,0,1.95,10,0,Active,228
C00002,2024-07-31,2025-09-19,Basic,United Kingdom,39,19,Credit Card,Paid Search,Annual,1,13.21,1,1,Churned,228
C00003,2024-11-29,2025-09-25,Basic,India,44,19,UPI,Paid Search,Monthly,2,24.8,18,1,Churned,228
C00004,2025-10-24,2025-12-20,Basic,United Kingdom,24,19,Credit Card,Organic Search,Monthly,2,8.25,7,1,Churned,228
C00005,2026-02-06,,Standard,Canada,25,49,UPI,Referral,Annual,2,5.36,16,0,Active,588
C00006,2024-04-21,,Premium,United States,61,99,Debit Card,Paid Search,Annual,1,6.95,1,0,Active,1188
C00007,2025-05-04,,Basic,Australia,41,19,Debit Card,Organic Search,Monthly,1,8.62,21,0,Active,228
C00008,2025-03-03,,Basic,United Kingdom,34,19,PayPal,Referral,Annual,5,19.34,3,0,Active,228
C00009,2024-04-11,,Standard,Canada,57,49,Debit Card,Referral,Monthly,4,11.25,5,0,Active,588
C00010,2025-12-19,,Basic,India,49,19,PayPal,Partner,Monthly,1,12.68,21,0,Active,228
C00011,2025-09-20,,Standard,Canada,19,49,Debit Card,Email,Monthly,1,16.81,12,0,Active,588
C00012,2025-03-31,,Basic,Canada,42,19,UPI,Partner,Monthly,3,0.0,18,0,Active,228
C00013,2025-11-19,,Basic,United Kingdom,59,19,PayPal,Referral,Monthly,4,2.41,14,0,Active,228
C00014,2025-10-12,,Basic,India,19,19,Debit Card,Social Media,Monthly,2,13.7,14,0,Active,228
C00015,2025-01-20,2025-05-27,Basic,Canada,28,19,PayPal,Referral,Monthly,2,9.53,24,1,Churned,228
C00016,2024-10-07,,Basic,Australia,20,19,PayPal,Social Media,Monthly,1,6.69,19,0,Active,228
C00017,2024-12-03,,Standard,United States,57,49,Credit Card,Referral,Monthly,4,18.82,40,0,Active,588
C00018,2026-04-25,,Basic,Germany,29,19,Credit Card,Email,Annual,4,16.27,32,0,Active,228
C00019,2026-03-13,,Basic,India,52,19,Credit Card,Email,Monthly,3,11.98,11,0,Active,228
C00020,2024-10-16,,Basic,United Kingdom,34,19,PayPal,Organic Search,Monthly,2,11.94,19,0,Active,228
C00021,2024-03-10,,Premium,United Kingdom,51,99,Credit Card,Partner,Monthly,2,19.4,18,0,Active,1188
C00022,2025-03-12,2025-08-12,Basic,Canada,45,19,Debit Card,Email,Monthly,0,11.38,22,1,Churned,228
C00023,2026-01-19,2025-12-31,Premium,United Kingdom,50,99,PayPal,Email,Monthly,1,15.55,15,1,Churned,1188
C00024,2024-11-29,,Standard,Germany,41,49,Debit Card,Partner,Monthly,1,14.25,32,0,Active,588
C00025,2024-09-08,,Basic,United States,52,19,Debit Card,Organic Search,Monthly,0,6.08,19,0,Active,228
C00026,2024-07-31,,Basic,Germany,33,19,Debit Card,Social Media,Annual,3,12.75,16,0,Active,228
C00027,2025-08-18,,Basic,United States,23,19,UPI,Partner,Monthly,3,10.04,19,0,Active,228
C00028,2025-08-13,,Basic,United Kingdom,57,19,PayPal,Email,Annual,0,5.46,1,0,Active,228
C00029,2025-06-24,,Standard,United States,54,49,Debit Card,Email,Monthly,1,11.42,23,0,Active,588
C00030,2026-04-18,2025-12-31,Basic,Germany,42,19,PayPal,Email,Monthly,3,8.35,2,1,Churned,228
C00031,2024-08-11,,Standard,India,46,49,Debit Card,Social Media,Monthly,3,0.0,4,0,Active,588
C00032,2025-11-16,,Basic,Germany,54,19,UPI,Paid Search,Monthly,0,19.21,1,0,Active,228
C00033,2025-09-11,2025-10-12,Standard,India,22,49,Credit Card,Social Media,Monthly,0,15.24,16,1,Churned,588
C00034,2025-01-07,,Standard,United States,52,49,PayPal,Organic Search,Monthly,4,9.57,17,0,Active,588
C00035,2026-04-25,,Basic,United States,27,19,Debit Card,Partner,Annual,0,16.76,29,0,Active,228
C00036,2025-06-16,,Premium,Canada,42,99,Credit Card,Email,Monthly,4,8.65,26,0,Active,1188
C00037,2025-12-25,,Premium,Australia,29,99,Credit Card,Email,Annual,2,4.28,6,0,Active,1188
C00038,2026-01-25,,Basic,Canada,29,19,Credit Card,Organic Search,Annual,4,13.01,6,0,Active,228
C00039,2025-07-28,2025-10-23,Standard,Australia,53,49,Credit Card,Organic Search,Monthly,0,1.55,32,1,Churned,588
C00040,2024-06-23,2025-08-27,Premium,United Kingdom,28,99,Debit Card,Social Media,Monthly,0,13.22,9,1,Churned,1188
C00041,2026-03-01,,Basic,United States,44,19,Debit Card,Paid Search,Monthly,3,8.68,28,0,Active,228
C00042,2024-11-27,,Basic,Australia,61,19,Debit Card,Referral,Monthly,1,19.22,1,0,Active,228
C00043,2024-04-28,,Standard,Australia,58,49,UPI,Organic Search,Monthly,2,0.0,26,0,Active,588
C00044,2025-10-29,,Premium,Australia,49,99,Credit Card,Email,Monthly,4,9.64,9,0,Active,1188
C00045,2024-07-13,2025-05-10,Basic,India,20,19,PayPal,Organic Search,Annual,3,11.21,1,1,Churned,228
C00046,2024-11-22,2025-05-15,Basic,United States,45,19,PayPal,Email,Annual,1,4.43,21,1,Churned,228
C00047,2025-08-20,,Basic,United Kingdom,23,19,Debit Card,Referral,Annual,3,11.63,12,0,Active,228
C00048,2025-09-19,2025-11-14,Premium,India,28,99,Credit Card,Paid Search,Monthly,1,13.71,34,1,Churned,1188
C00049,2024-06-30,,Standard,United Kingdom,40,49,Credit Card,Email,Annual,1,5.16,20,0,Active,588
C00050,2024-02-26,,Standard,United States,45,49,UPI,Paid Search,Monthly,4,14.07,28,0,Active,588
C00051,2024-07-23,2025-03-01,Standard,Australia,38,49,Debit Card,Paid Search,Annual,0,17.29,1,1,Churned,588
C00052,2025-07-12,2025-09-09,Basic,United Kingdom,51,19,PayPal,Organic Search,Monthly,3,11.93,22,1,Churned,228
C00053,2026-02-13,,Basic,Australia,51,19,Debit Card,Email,Monthly,2,23.71,3,0,Active,228
C00054,2026-05-22,,Basic,Canada,57,19,PayPal,Organic Search,Annual,1,9.35,7,0,Active,228
C00055,2024-11-21,,Basic,Australia,23,19,Credit Card,Email,Monthly,2,8.5,17,0,Active,228
C00056,2025-11-26,,Premium,Australia,34,99,Debit Card,Social Media,Annual,1,10.62,1,0,Active,1188
C00057,2024-03-17,,Standard,Germany,41,49,Debit Card,Email,Monthly,0,16.33,19,0,Active,588
C00058,2025-01-03,,Standard,Canada,62,49,Debit Card,Paid Search,Monthly,0,8.14,20,0,Active,588
C00059,2025-11-16,,Standard,India,56,49,Debit Card,Paid Search,Monthly,2,10.51,36,0,Active,588
C00060,2025-11-01,,Standard,Germany,51,49,UPI,Organic Search,Monthly,3,1.6,14,0,Active,588
C00061,2025-02-11,,Premium,Australia,39,99,Credit Card,Partner,Monthly,1,15.99,16,0,Active,1188
C00062,2025-12-28,2025-12-31,Basic,Germany,47,19,PayPal,Partner,Monthly,2,8.69,20,1,Churned,228
C00063,2025-07-28,,Basic,United Kingdom,37,19,Credit Card,Social Media,Monthly,2,11.67,2,0,Active,228
C00064,2024-09-03,,Standard,India,23,49,Debit Card,Paid Search,Monthly,2,11.64,4,0,Active,588
C00065,2024-09-30,,Standard,United Kingdom,47,49,UPI,Organic Search,Annual,3,15.34,13,0,Active,588
C00066,2024-07-20,,Standard,Canada,46,49,PayPal,Referral,Annual,1,14.72,25,0,Active,588
C00067,2025-05-03,2025-07-10,Standard,Canada,42,49,Credit Card,Paid Search,Monthly,4,2.7,24,1,Churned,588
C00068,2024-08-05,,Basic,United States,31,19,Credit Card,Referral,Monthly,3,11.94,25,0,Active,228
C00069,2026-02-01,,Standard,United Kingdom,53,49,Credit Card,Partner,Annual,1,15.29,5,0,Active,588
C00070,2025-01-18,,Standard,United States,50,49,Debit Card,Partner,Monthly,3,0.0,11,0,Active,588
C00071,2025-04-07,,Standard,United Kingdom,48,49,UPI,Referral,Monthly,4,3.6,8,0,Active,588
C00072,2025-10-18,,Standard,United States,30,49,PayPal,Partner,Monthly,2,8.99,28,0,Active,588
C00073,2026-05-27,,Basic,United Kingdom,46,19,Debit Card,Organic Search,Annual,0,12.28,25,0,Active,228
C00074,2026-05-21,2025-12-31,Standard,Australia,64,49,Credit Card,Email,Monthly,0,6.94,1,1,Churned,588
C00075,2025-04-23,2025-09-27,Standard,United Kingdom,55,49,Debit Card,Paid Search,Monthly,1,10.77,12,1,Churned,588
C00076,2025-11-25,,Standard,Germany,41,49,Credit Card,Organic Search,Annual,1,14.23,15,0,Active,588
C00077,2024-03-22,,Standard,Canada,39,49,PayPal,Email,Monthly,1,18.75,11,0,Active,588
C00078,2025-04-27,2025-06-14,Basic,Germany,46,19,Credit Card,Email,Monthly,0,10.73,30,1,Churned,228
C00079,2024-05-20,,Standard,Canada,47,49,Debit Card,Referral,Monthly,3,6.45,32,0,Active,588
C00080,2024-04-25,,Basic,Canada,49,19,Debit Card,Email,Monthly,1,24.86,16,0,Active,228
C00081,2024-06-29,,Basic,Australia,20,19,UPI,Organic Search,Monthly,6,3.53,5,0,Active,228
C00082,2024-09-06,,Basic,United States,24,19,Credit Card,Email,Monthly,4,8.48,1,0,Active,228
C00083,2025-02-01,,Standard,Canada,37,49,Credit Card,Email,Monthly,1,16.86,14,0,Active,588
C00084,2026-03-31,,Standard,India,34,49,Debit Card,Organic Search,Monthly,1,5.56,16,0,Active,588
C00085,2024-06-30,,Basic,United Kingdom,23,19,Debit Card,Email,Annual,0,11.66,1,0,Active,228
C00086,2025-09-27,,Standard,Australia,59,49,Debit Card,Email,Monthly,2,25.8,12,0,Active,588
C00087,2025-08-02,,Premium,Australia,45,99,Debit Card,Paid Search,Monthly,2,10.87,27,0,Active,1188
C00088,2025-08-08,,Premium,United Kingdom,56,99,PayPal,Referral,Annual,1,3.23,13,0,Active,1188
C00089,2025-09-17,2025-11-28,Standard,United Kingdom,52,49,PayPal,Referral,Annual,2,12.9,11,1,Churned,588
C00090,2025-12-18,2025-12-31,Standard,United Kingdom,57,49,Debit Card,Organic Search,Monthly,3,8.36,12,1,Churned,588
C00091,2026-02-06,,Premium,Australia,34,99,Debit Card,Organic Search,Monthly,5,9.73,21,0,Active,1188
C00092,2025-02-23,,Standard,United Kingdom,43,49,Credit Card,Email,Monthly,4,13.79,9,0,Active,588
C00093,2025-07-14,,Basic,United States,40,19,Credit Card,Paid Search,Annual,3,16.51,1,0,Active,228
C00094,2025-10-24,,Standard,United Kingdom,54,49,UPI,Paid Search,Annual,2,17.16,1,0,Active,588
C00095,2025-01-20,2025-10-27,Premium,United States,61,99,Debit Card,Paid Search,Monthly,5,9.41,29,1,Churned,1188
C00096,2026-04-25,,Standard,India,33,49,PayPal,Social Media,Annual,2,9.9,12,0,Active,588
C00097,2024-10-16,,Basic,Germany,21,19,Debit Card,Partner,Monthly,1,10.77,6,0,Active,228
C00098,2026-05-13,,Basic,United Kingdom,54,19,Credit Card,Email,Monthly,4,12.83,19,0,Active,228
C00099,2025-07-04,,Standard,Australia,63,49,Debit Card,Referral,Monthly,2,19.1,9,0,Active,588
C00100,2026-04-17,,Standard,United Kingdom,49,49,UPI,Partner,Monthly,0,0.77,6,0,Active,588
C00101,2024-09-25,,Basic,Australia,26,19,UPI,Organic Search,Annual,3,10.82,16,0,Active,228
C00102,2024-05-20,,Standard,Australia,30,49,PayPal,Email,Annual,5,14.05,21,0,Active,588
C00103,2026-06-18,,Standard,Canada,50,49,UPI,Referral,Monthly,2,7.36,20,0,Active,588
C00104,2026-05-24,,Premium,Australia,48,99,UPI,Paid Search,Monthly,1,14.09,19,0,Active,1188
C00105,2024-03-31,,Standard,United States,49,49,Credit Card,Partner,Monthly,0,10.89,16,0,Active,588
C00106,2026-03-08,,Basic,United States,58,19,PayPal,Paid Search,Monthly,1,12.88,19,0,Active,228
C00107,2025-12-09,,Basic,United Kingdom,34,19,PayPal,Partner,Annual,0,22.1,7,0,Active,228
C00108,2025-12-03,,Standard,Canada,24,49,Credit Card,Referral,Annual,2,11.44,2,0,Active,588
C00109,2026-03-30,,Premium,United Kingdom,30,99,Credit Card,Email,Monthly,0,17.61,28,0,Active,1188
C00110,2025-07-21,2025-11-28,Basic,India,61,19,PayPal,Social Media,Annual,2,11.77,17,1,Churned,228
C00111,2024-02-22,,Premium,United States,52,99,PayPal,Organic Search,Monthly,3,13.71,19,0,Active,1188
C00112,2026-04-15,,Standard,Germany,24,49,UPI,Email,Monthly,4,13.87,7,0,Active,588
C00113,2026-02-05,2025-12-31,Basic,Germany,39,19,Debit Card,Email,Monthly,2,11.13,8,1,Churned,228
C00114,2024-12-31,2025-10-23,Standard,Germany,49,49,UPI,Email,Annual,1,11.98,3,1,Churned,588
C00115,2024-10-04,,Standard,Canada,50,49,Debit Card,Paid Search,Monthly,0,10.65,14,0,Active,588
C00116,2025-12-24,,Basic,Germany,56,19,Debit Card,Partner,Monthly,2,13.38,7,0,Active,228
C00117,2024-09-09,,Standard,Germany,26,49,Debit Card,Organic Search,Monthly,4,12.57,24,0,Active,588
C00118,2026-02-09,,Premium,United States,20,99,UPI,Organic Search,Monthly,3,4.21,25,0,Active,1188
C00119,2024-04-16,,Standard,Australia,25,49,Credit Card,Email,Monthly,2,6.36,20,0,Active,588
C00120,2024-05-18,2024-07-10,Standard,Australia,32,49,Credit Card,Social Media,Monthly,2,13.12,25,1,Churned,588
C00121,2024-08-11,2025-05-29,Basic,Australia,51,19,PayPal,Social Media,Annual,3,8.64,1,1,Churned,228
C00122,2026-05-19,,Premium,India,52,99,Debit Card,Social Media,Annual,2,11.87,26,0,Active,1188
C00123,2026-06-07,,Basic,Canada,64,19,Debit Card,Organic Search,Monthly,2,20.58,30,0,Active,228
C00124,2025-11-18,,Basic,United Kingdom,27,19,UPI,Partner,Monthly,2,15.24,1,0,Active,228
C00125,2024-11-25,,Standard,Germany,37,49,PayPal,Organic Search,Monthly,3,12.87,25,0,Active,588
C00126,2024-05-31,2024-06-30,Standard,Canada,31,49,Debit Card,Organic Search,Monthly,0,15.66,14,1,Churned,588
C00127,2025-09-25,,Basic,India,31,19,PayPal,Paid Search,Monthly,1,4.28,20,0,Active,228
C00128,2026-02-20,,Standard,Canada,55,49,PayPal,Partner,Monthly,2,13.38,8,0,Active,588
C00129,2026-03-19,2025-12-31,Basic,Australia,64,19,Debit Card,Paid Search,Monthly,1,15.34,9,1,Churned,228
C00130,2025-06-28,,Premium,India,29,99,UPI,Organic Search,Monthly,2,8.14,17,0,Active,1188
C00131,2026-02-02,2025-12-31,Standard,United States,23,49,UPI,Organic Search,Annual,1,8.98,11,1,Churned,588
C00132,2025-07-31,2025-09-11,Standard,Germany,63,49,PayPal,Partner,Monthly,3,11.13,15,1,Churned,588
C00133,2025-08-03,,Basic,Canada,24,19,UPI,Email,Monthly,3,6.06,18,0,Active,228
C00134,2024-12-05,2025-04-30,Standard,United States,63,49,Credit Card,Referral,Monthly,1,12.45,3,1,Churned,588
C00135,2025-12-24,,Basic,Canada,32,19,UPI,Partner,Annual,4,12.65,18,0,Active,228
C00136,2026-06-18,,Basic,Canada,38,19,Credit Card,Partner,Monthly,4,7.86,16,0,Active,228
C00137,2024-04-03,,Standard,United States,30,49,PayPal,Paid Search,Monthly,1,21.23,17,0,Active,588
C00138,2026-01-01,,Basic,United States,59,19,PayPal,Social Media,Monthly,3,24.73,19,0,Active,228
C00139,2026-06-12,2025-12-31,Standard,United States,41,49,Debit Card,Organic Search,Annual,1,8.41,23,1,Churned,588
C00140,2024-09-05,,Premium,Canada,56,99,Debit Card,Organic Search,Monthly,2,15.17,19,0,Active,1188
C00141,2024-11-28,,Basic,India,39,19,PayPal,Email,Monthly,1,19.3,1,0,Active,228
C00142,2024-07-03,,Standard,United States,52,49,UPI,Email,Monthly,2,17.21,9,0,Active,588
C00143,2026-03-21,,Standard,Germany,59,49,PayPal,Email,Monthly,2,8.75,2,0,Active,588
C00144,2024-06-30,,Basic,India,19,19,PayPal,Email,Monthly,2,10.77,1,0,Active,228
C00145,2024-04-16,2025-08-29,Basic,United States,40,19,PayPal,Paid Search,Monthly,1,14.79,15,1,Churned,228
C00146,2026-06-19,2025-12-31,Basic,India,33,19,Debit Card,Partner,Monthly,0,0.32,10,1,Churned,228
C00147,2025-10-29,,Basic,United Kingdom,57,19,Debit Card,Email,Annual,2,16.07,8,0,Active,228
C00148,2025-06-18,,Premium,Australia,33,99,PayPal,Partner,Monthly,0,8.59,3,0,Active,1188
C00149,2024-06-03,2025-08-13,Basic,United States,44,19,Credit Card,Organic Search,Monthly,2,13.83,29,1,Churned,228
C00150,2024-06-30,2025-05-16,Standard,Canada,59,49,PayPal,Organic Search,Monthly,3,14.89,9,1,Churned,588
C00151,2024-03-11,2024-12-31,Basic,United Kingdom,19,19,UPI,Paid Search,Monthly,1,24.32,11,1,Churned,228
C00152,2026-03-11,,Standard,Australia,20,49,UPI,Organic Search,Annual,0,16.75,1,0,Active,588
C00153,2025-06-27,,Basic,Australia,29,19,PayPal,Social Media,Monthly,1,5.95,20,0,Active,228
C00154,2025-03-01,,Standard,Canada,40,49,UPI,Referral,Monthly,1,15.23,28,0,Active,588
C00155,2026-03-29,,Basic,United Kingdom,26,19,UPI,Email,Monthly,0,10.06,16,0,Active,228
C00156,2025-11-27,,Standard,India,54,49,UPI,Social Media,Monthly,2,11.36,24,0,Active,588
C00157,2024-05-17,,Basic,United Kingdom,45,19,Debit Card,Partner,Monthly,2,18.85,11,0,Active,228
C00158,2024-07-16,2025-03-15,Standard,United States,56,49,Credit Card,Organic Search,Monthly,1,11.39,10,1,Churned,588
C00159,2025-02-23,,Basic,United Kingdom,38,19,PayPal,Email,Monthly,2,5.14,1,0,Active,228
C00160,2024-04-27,,Standard,Australia,59,49,Credit Card,Organic Search,Annual,2,15.39,10,0,Active,588
C00161,2025-03-20,,Basic,Canada,57,19,Credit Card,Social Media,Monthly,3,6.04,15,0,Active,228
C00162,2025-09-02,,Standard,India,40,49,Credit Card,Email,Monthly,2,12.05,9,0,Active,588
C00163,2025-03-18,,Basic,Germany,53,19,UPI,Social Media,Annual,1,13.41,7,0,Active,228
C00164,2024-08-13,,Standard,United States,55,49,UPI,Social Media,Annual,3,7.69,6,0,Active,588
C00165,2025-10-31,2025-12-21,Basic,India,27,19,Credit Card,Social Media,Monthly,4,7.85,17,1,Churned,228
C00166,2025-06-02,2025-12-20,Basic,Germany,42,19,Debit Card,Partner,Monthly,2,16.3,9,1,Churned,228
C00167,2024-10-01,,Premium,India,29,99,Credit Card,Paid Search,Monthly,3,11.27,11,0,Active,1188
C00168,2024-03-22,,Standard,India,39,49,PayPal,Email,Annual,1,11.93,20,0,Active,588
C00169,2026-03-24,,Basic,Canada,30,19,Debit Card,Referral,Annual,1,17.01,17,0,Active,228
C00170,2024-07-10,2025-08-31,Basic,United States,33,19,PayPal,Organic Search,Annual,0,18.44,10,1,Churned,228
C00171,2026-05-31,,Basic,United States,38,19,PayPal,Partner,Monthly,3,8.08,21,0,Active,228
C00172,2025-09-26,,Premium,India,37,99,UPI,Referral,Annual,1,19.82,2,0,Active,1188
C00173,2024-05-26,,Standard,Germany,52,49,Debit Card,Email,Monthly,1,10.03,10,0,Active,588
C00174,2024-08-08,,Basic,India,24,19,PayPal,Email,Monthly,3,17.12,20,0,Active,228
C00175,2025-06-11,,Basic,Canada,36,19,Credit Card,Partner,Monthly,3,0.48,18,0,Active,228
C00176,2024-10-11,2025-09-08,Basic,India,50,19,Debit Card,Social Media,Monthly,5,10.87,5,1,Churned,228
C00177,2025-08-20,,Premium,United Kingdom,56,99,Credit Card,Paid Search,Monthly,1,9.36,22,0,Active,1188
C00178,2025-10-13,2025-12-10,Standard,Australia,36,49,Debit Card,Referral,Monthly,2,12.78,18,1,Churned,588
C00179,2025-12-17,,Standard,Germany,56,49,UPI,Paid Search,Annual,0,10.63,5,0,Active,588
C00180,2025-01-28,,Premium,India,53,99,Credit Card,Partner,Monthly,0,7.23,5,0,Active,1188
C00181,2024-04-26,2025-12-02,Standard,United States,33,49,PayPal,Partner,Monthly,1,12.65,10,1,Churned,588
C00182,2024-02-27,,Standard,Australia,21,49,Debit Card,Organic Search,Annual,2,17.8,11,0,Active,588
C00183,2025-01-10,,Standard,Germany,54,49,Debit Card,Email,Monthly,1,14.33,14,0,Active,588
C00184,2024-03-02,,Standard,India,58,49,Credit Card,Paid Search,Annual,0,14.35,34,0,Active,588
C00185,2026-05-21,,Premium,Australia,51,99,PayPal,Paid Search,Monthly,2,10.82,26,0,Active,1188
C00186,2024-09-25,,Basic,Germany,19,19,Debit Card,Paid Search,Annual,3,12.36,14,0,Active,228
C00187,2025-09-21,,Standard,India,49,49,UPI,Email,Monthly,2,10.2,20,0,Active,588
C00188,2024-08-02,,Standard,United States,45,49,Debit Card,Organic Search,Monthly,3,13.49,7,0,Active,588
C00189,2026-05-21,,Premium,United States,60,99,UPI,Email,Annual,2,21.37,25,0,Active,1188
C00190,2024-06-26,,Standard,Germany,57,49,Debit Card,Paid Search,Monthly,1,15.94,12,0,Active,588
C00191,2024-06-14,,Basic,Germany,50,19,PayPal,Organic Search,Monthly,5,13.7,9,0,Active,228
C00192,2025-06-29,,Basic,India,62,19,UPI,Email,Monthly,2,17.94,40,0,Active,228
C00193,2025-04-24,,Standard,United States,43,49,Debit Card,Partner,Annual,4,18.59,13,0,Active,588
C00194,2024-06-27,,Standard,Australia,41,49,Debit Card,Partner,Annual,1,9.17,10,0,Active,588
C00195,2026-01-07,,Basic,United States,28,19,Credit Card,Partner,Annual,2,9.55,17,0,Active,228
C00196,2024-03-18,,Basic,Canada,64,19,UPI,Partner,Annual,3,2.32,16,0,Active,228
C00197,2024-05-29,,Basic,United Kingdom,63,19,PayPal,Partner,Annual,1,13.41,22,0,Active,228
C00198,2024-04-07,,Premium,United Kingdom,40,99,UPI,Referral,Monthly,1,10.81,4,0,Active,1188
C00199,2025-02-13,,Premium,United Kingdom,37,99,Credit Card,Organic Search,Monthly,1,14.7,23,0,Active,1188
C00200,2026-01-10,,Premium,Australia,24,99,Debit Card,Organic Search,Monthly,2,13.84,33,0,Active,1188
C00201,2024-10-03,,Basic,Germany,26,19,PayPal,Organic Search,Monthly,2,16.75,32,0,Active,228
C00202,2024-10-20,,Premium,Australia,47,99,PayPal,Referral,Monthly,2,11.68,1,0,Active,1188
C00203,2024-10-14,,Standard,India,26,49,PayPal,Referral,Annual,2,8.73,1,0,Active,588
C00204,2026-02-26,,Standard,India,36,49,Debit Card,Social Media,Monthly,3,7.17,15,0,Active,588
C00205,2024-12-24,,Basic,Australia,20,19,Debit Card,Social Media,Annual,3,8.29,1,0,Active,228
C00206,2025-07-03,2025-11-02,Standard,United States,44,49,PayPal,Referral,Monthly,3,24.42,7,1,Churned,588
C00207,2024-11-23,,Standard,India,63,49,Credit Card,Partner,Annual,1,4.75,11,0,Active,588
C00208,2026-05-28,2025-12-31,Basic,Germany,58,19,Credit Card,Email,Monthly,3,10.53,16,1,Churned,228
C00209,2025-11-08,,Standard,Germany,62,49,Credit Card,Social Media,Annual,2,17.26,5,0,Active,588
C00210,2025-11-01,,Premium,Australia,25,99,Credit Card,Referral,Monthly,1,10.12,20,0,Active,1188
C00211,2025-09-14,,Standard,India,53,49,Debit Card,Email,Monthly,1,10.88,8,0,Active,588
C00212,2026-05-28,,Premium,Australia,58,99,Debit Card,Paid Search,Annual,1,14.26,4,0,Active,1188
C00213,2024-06-18,,Standard,Australia,55,49,UPI,Partner,Monthly,1,25.39,10,0,Active,588
C00214,2024-12-01,,Basic,Australia,48,19,Credit Card,Organic Search,Monthly,2,17.59,16,0,Active,228
C00215,2025-09-05,,Standard,Canada,51,49,PayPal,Referral,Monthly,1,10.64,14,0,Active,588
C00216,2025-02-08,2025-04-25,Basic,United States,45,19,Credit Card,Social Media,Monthly,1,18.55,28,1,Churned,228
C00217,2026-02-12,,Basic,United Kingdom,28,19,Credit Card,Organic Search,Monthly,1,11.87,17,0,Active,228
C00218,2024-12-21,,Standard,Australia,22,49,Debit Card,Referral,Monthly,0,3.16,1,0,Active,588
C00219,2025-09-03,2025-11-08,Basic,Australia,32,19,Credit Card,Partner,Monthly,4,11.46,19,1,Churned,228
C00220,2025-08-01,,Basic,Germany,21,19,Credit Card,Email,Monthly,1,9.83,25,0,Active,228
C00221,2026-04-21,2025-12-31,Premium,Australia,38,99,Debit Card,Social Media,Monthly,1,13.62,11,1,Churned,1188
C00222,2024-11-03,,Basic,Australia,34,19,UPI,Social Media,Monthly,3,14.28,22,0,Active,228
C00223,2025-01-16,2025-07-13,Premium,United Kingdom,51,99,UPI,Partner,Monthly,2,10.19,34,1,Churned,1188
C00224,2024-03-30,,Basic,Germany,34,19,UPI,Referral,Monthly,2,28.27,2,0,Active,228
C00225,2025-07-08,,Standard,United Kingdom,28,49,PayPal,Organic Search,Monthly,3,18.4,18,0,Active,588
C00226,2025-09-21,2025-11-21,Standard,India,25,49,PayPal,Email,Monthly,1,16.43,22,1,Churned,588
C00227,2024-07-18,,Premium,Germany,60,99,UPI,Partner,Monthly,3,19.23,16,0,Active,1188
C00228,2024-10-14,,Premium,United States,25,99,Debit Card,Organic Search,Monthly,0,18.05,1,0,Active,1188
C00229,2024-06-11,,Basic,Australia,57,19,PayPal,Email,Annual,2,19.7,8,0,Active,228
C00230,2025-03-20,,Basic,Canada,47,19,UPI,Partner,Monthly,3,8.42,18,0,Active,228
C00231,2024-08-20,,Premium,Canada,33,99,Debit Card,Social Media,Monthly,2,4.04,7,0,Active,1188
C00232,2024-04-04,,Basic,United Kingdom,46,19,UPI,Email,Annual,1,9.97,1,0,Active,228
C00233,2024-07-12,2024-10-03,Standard,India,40,49,PayPal,Partner,Monthly,0,6.47,22,1,Churned,588
C00234,2026-01-30,,Standard,Canada,41,49,UPI,Partner,Monthly,3,7.18,24,0,Active,588
C00235,2025-09-03,,Basic,India,48,19,Credit Card,Paid Search,Annual,4,12.92,4,0,Active,228
C00236,2025-02-13,2025-07-04,Premium,Canada,53,99,Debit Card,Referral,Monthly,2,12.39,9,1,Churned,1188
C00237,2025-04-02,,Premium,India,27,99,UPI,Email,Annual,5,15.08,27,0,Active,1188
C00238,2026-05-25,,Basic,Australia,56,19,PayPal,Organic Search,Monthly,2,10.57,18,0,Active,228
C00239,2024-06-28,,Standard,Canada,48,49,Debit Card,Organic Search,Monthly,2,4.23,23,0,Active,588
C00240,2025-09-07,,Basic,Canada,35,19,UPI,Social Media,Annual,3,12.57,11,0,Active,228
C00241,2024-11-06,,Premium,Germany,27,99,Credit Card,Social Media,Monthly,3,7.7,26,0,Active,1188
C00242,2025-07-31,,Premium,Canada,41,99,Credit Card,Referral,Annual,3,9.79,11,0,Active,1188
C00243,2024-03-12,,Premium,Germany,59,99,UPI,Partner,Monthly,2,7.77,22,0,Active,1188
C00244,2024-06-17,,Standard,Canada,33,49,PayPal,Referral,Monthly,5,9.64,11,0,Active,588
C00245,2024-04-19,,Premium,Australia,58,99,Credit Card,Paid Search,Monthly,0,16.25,32,0,Active,1188
C00246,2024-11-03,,Premium,Australia,49,99,PayPal,Paid Search,Monthly,2,16.16,17,0,Active,1188
C00247,2024-08-03,,Premium,United Kingdom,62,99,UPI,Referral,Annual,2,18.22,6,0,Active,1188
C00248,2025-01-04,,Standard,India,63,49,Debit Card,Paid Search,Monthly,2,12.19,20,0,Active,588
C00249,2024-05-18,2025-09-05,Basic,Australia,38,19,Debit Card,Email,Monthly,2,4.88,12,1,Churned,228
C00250,2026-06-16,2025-12-31,Basic,India,34,19,PayPal,Referral,Annual,2,4.01,19,1,Churned,228
C00251,2025-03-06,2025-12-20,Basic,United Kingdom,40,19,UPI,Partner,Monthly,4,17.25,11,1,Churned,228
C00252,2026-04-08,,Standard,Canada,64,49,Debit Card,Organic Search,Monthly,6,18.83,17,0,Active,588
C00253,2024-11-04,,Basic,United States,57,19,Debit Card,Referral,Monthly,2,29.48,1,0,Active,228
C00254,2025-06-19,,Standard,United Kingdom,37,49,PayPal,Email,Monthly,1,18.22,1,0,Active,588
C00255,2025-10-21,,Basic,India,18,19,Debit Card,Paid Search,Annual,1,13.07,13,0,Active,228
C00256,2024-03-25,,Basic,Australia,21,19,Credit Card,Referral,Monthly,2,16.4,13,0,Active,228
C00257,2026-01-17,,Premium,Australia,38,99,Debit Card,Social Media,Annual,1,7.7,4,0,Active,1188
C00258,2025-02-26,,Standard,Germany,45,49,Debit Card,Organic Search,Monthly,2,16.5,22,0,Active,588
C00259,2024-06-01,,Basic,Canada,20,19,Debit Card,Organic Search,Monthly,2,20.35,39,0,Active,228
C00260,2025-03-19,,Standard,Canada,23,49,Credit Card,Organic Search,Annual,1,15.4,3,0,Active,588
C00261,2025-06-02,,Standard,Australia,30,49,UPI,Paid Search,Monthly,2,15.92,12,0,Active,588
C00262,2026-04-01,,Premium,Germany,38,99,Debit Card,Email,Monthly,2,12.67,1,0,Active,1188
C00263,2024-11-06,,Basic,United States,39,19,Credit Card,Organic Search,Monthly,2,21.98,46,0,Active,228
C00264,2025-10-09,,Basic,India,41,19,Debit Card,Referral,Annual,0,9.91,24,0,Active,228
C00265,2025-07-30,,Basic,India,46,19,Credit Card,Email,Monthly,1,15.69,26,0,Active,228
C00266,2026-04-04,2025-12-31,Basic,India,34,19,UPI,Paid Search,Monthly,2,4.41,11,1,Churned,228
C00267,2024-04-06,,Standard,United Kingdom,23,49,Credit Card,Organic Search,Annual,3,13.22,28,0,Active,588
C00268,2024-04-04,,Basic,United Kingdom,60,19,Debit Card,Organic Search,Monthly,4,17.56,34,0,Active,228
C00269,2025-10-09,,Premium,United Kingdom,35,99,PayPal,Social Media,Monthly,1,15.38,13,0,Active,1188
C00270,2024-10-27,,Basic,Canada,31,19,Credit Card,Partner,Monthly,0,18.19,3,0,Active,228
C00271,2025-09-25,,Basic,Germany,64,19,UPI,Social Media,Annual,1,15.36,21,0,Active,228
C00272,2024-12-05,2025-08-09,Standard,Canada,46,49,PayPal,Paid Search,Annual,2,13.94,15,1,Churned,588
C00273,2024-12-26,,Standard,United States,43,49,PayPal,Organic Search,Monthly,0,13.95,39,0,Active,588
C00274,2025-07-15,,Standard,United States,41,49,Debit Card,Partner,Annual,0,9.27,12,0,Active,588
C00275,2025-11-02,,Standard,Canada,52,49,UPI,Paid Search,Monthly,3,4.13,24,0,Active,588
C00276,2025-04-27,,Basic,Canada,19,19,Credit Card,Social Media,Annual,2,10.93,17,0,Active,228
C00277,2026-05-23,,Standard,United States,47,49,Credit Card,Email,Monthly,2,11.45,19,0,Active,588
C00278,2024-05-30,,Premium,United States,49,99,PayPal,Partner,Annual,0,7.68,13,0,Active,1188
C00279,2025-02-01,,Standard,India,45,49,UPI,Social Media,Monthly,0,20.75,28,0,Active,588
C00280,2025-09-15,,Standard,United States,37,49,Credit Card,Organic Search,Annual,1,7.13,1,0,Active,588
C00281,2025-02-26,,Basic,India,28,19,PayPal,Paid Search,Monthly,3,9.63,28,0,Active,228
C00282,2025-06-23,,Standard,United Kingdom,63,49,PayPal,Referral,Annual,2,9.9,28,0,Active,588
C00283,2026-01-19,,Premium,United Kingdom,55,99,Debit Card,Social Media,Monthly,3,5.54,19,0,Active,1188
C00284,2026-02-22,,Standard,Australia,60,49,Debit Card,Social Media,Monthly,1,15.69,13,0,Active,588
C00285,2024-03-16,,Basic,Australia,22,19,Credit Card,Paid Search,Annual,4,11.48,22,0,Active,228
C00286,2024-03-10,,Standard,India,38,49,Credit Card,Paid Search,Annual,3,12.43,1,0,Active,588
C00287,2025-04-03,,Premium,India,38,99,Credit Card,Organic Search,Monthly,3,9.45,1,0,Active,1188
C00288,2025-08-03,,Basic,Germany,26,19,Credit Card,Email,Monthly,2,15.1,19,0,Active,228
C00289,2024-04-02,,Standard,Canada,35,49,Debit Card,Partner,Monthly,3,17.59,33,0,Active,588
C00290,2025-02-21,,Basic,United States,45,19,UPI,Partner,Monthly,1,14.24,30,0,Active,228
C00291,2025-09-15,,Premium,India,64,99,Credit Card,Partner,Annual,2,14.65,1,0,Active,1188
C00292,2026-04-06,2025-12-31,Standard,Australia,64,49,Credit Card,Organic Search,Monthly,3,15.75,26,1,Churned,588
C00293,2026-04-09,,Standard,Australia,18,49,Credit Card,Partner,Annual,3,13.4,32,0,Active,588
C00294,2025-01-05,,Premium,India,39,99,PayPal,Organic Search,Monthly,2,8.0,14,0,Active,1188
C00295,2026-06-05,,Basic,United States,19,19,PayPal,Partner,Monthly,5,8.25,14,0,Active,228
C00296,2024-12-04,,Standard,United Kingdom,21,49,UPI,Social Media,Annual,1,15.26,3,0,Active,588
C00297,2026-05-21,,Standard,Canada,48,49,PayPal,Paid Search,Annual,0,14.29,29,0,Active,588
C00298,2024-11-17,,Standard,Australia,56,49,PayPal,Paid Search,Annual,2,5.84,28,0,Active,588
C00299,2024-07-14,2025-04-14,Basic,United States,34,19,PayPal,Referral,Monthly,1,21.05,12,1,Churned,228
C00300,2024-04-26,2025-03-21,Basic,United Kingdom,57,19,Credit Card,Referral,Annual,3,2.91,1,1,Churned,228
C00301,2026-05-18,,Premium,India,55,99,Credit Card,Referral,Annual,1,14.99,5,0,Active,1188
C00302,2024-07-27,2025-09-17,Basic,Canada,24,19,Debit Card,Paid Search,Monthly,5,11.05,1,1,Churned,228
C00303,2025-05-09,,Basic,Australia,38,19,PayPal,Referral,Annual,3,20.63,16,0,Active,228
C00304,2026-01-01,,Basic,Australia,55,19,Debit Card,Paid Search,Annual,7,24.25,3,0,Active,228
C00305,2026-02-17,2025-12-31,Basic,Australia,52,19,PayPal,Referral,Monthly,2,15.11,28,1,Churned,228
C00306,2026-04-27,,Standard,United Kingdom,52,49,UPI,Email,Annual,5,14.5,1,0,Active,588
C00307,2025-02-16,,Premium,Germany,51,99,UPI,Social Media,Monthly,6,21.77,9,0,Active,1188
C00308,2025-11-14,,Standard,United States,40,49,UPI,Email,Monthly,2,20.04,18,0,Active,588
C00309,2026-01-30,,Premium,India,32,99,PayPal,Social Media,Monthly,2,11.1,2,0,Active,1188
C00310,2024-02-20,2024-04-02,Standard,Canada,47,49,Debit Card,Referral,Monthly,1,13.93,12,1,Churned,588
C00311,2025-05-22,,Standard,Canada,57,49,UPI,Partner,Annual,2,16.05,4,0,Active,588
C00312,2026-03-10,,Standard,Australia,64,49,PayPal,Referral,Annual,2,13.27,23,0,Active,588
C00313,2026-04-23,,Premium,Australia,47,99,Debit Card,Social Media,Monthly,3,19.17,17,0,Active,1188
C00314,2024-02-22,2025-10-07,Basic,United States,51,19,UPI,Social Media,Monthly,3,9.94,10,1,Churned,228
C00315,2024-07-20,,Standard,Australia,47,49,PayPal,Social Media,Annual,1,13.0,17,0,Active,588
C00316,2024-06-24,2025-10-19,Basic,Germany,19,19,UPI,Referral,Monthly,2,12.58,13,1,Churned,228
C00317,2026-01-10,,Basic,United States,59,19,Credit Card,Paid Search,Monthly,4,18.12,16,0,Active,228
C00318,2024-09-12,,Premium,India,57,99,PayPal,Paid Search,Monthly,4,10.63,25,0,Active,1188
C00319,2025-07-18,2025-12-07,Basic,Canada,42,19,PayPal,Partner,Annual,1,10.24,41,1,Churned,228
C00320,2026-05-26,,Standard,Canada,56,49,PayPal,Organic Search,Annual,0,10.92,17,0,Active,588
C00321,2025-02-11,,Premium,United Kingdom,62,99,Debit Card,Paid Search,Annual,2,8.54,23,0,Active,1188
C00322,2025-06-29,,Premium,United Kingdom,29,99,Credit Card,Referral,Annual,1,8.59,8,0,Active,1188
C00323,2024-12-24,,Premium,Germany,21,99,Credit Card,Email,Annual,2,1.56,9,0,Active,1188
C00324,2024-05-01,,Basic,United States,25,19,Debit Card,Referral,Monthly,1,11.65,23,0,Active,228
C00325,2024-07-21,,Standard,India,33,49,UPI,Paid Search,Annual,4,17.65,22,0,Active,588
C00326,2024-03-01,,Basic,India,57,19,UPI,Social Media,Monthly,1,4.87,23,0,Active,228
C00327,2026-04-05,,Premium,India,64,99,Credit Card,Social Media,Monthly,1,9.15,18,0,Active,1188
C00328,2025-07-07,,Standard,United Kingdom,29,49,Credit Card,Referral,Annual,1,8.35,22,0,Active,588
C00329,2025-03-29,,Standard,Australia,57,49,UPI,Partner,Monthly,2,8.92,1,0,Active,588
C00330,2025-12-13,,Basic,Australia,19,19,UPI,Referral,Monthly,1,16.37,1,0,Active,228
C00331,2024-06-29,,Standard,Canada,21,49,Debit Card,Paid Search,Annual,3,18.95,11,0,Active,588
C00332,2024-04-16,,Basic,Germany,57,19,PayPal,Referral,Annual,5,9.51,8,0,Active,228
C00333,2025-04-10,,Standard,Germany,62,49,Credit Card,Paid Search,Monthly,0,13.32,22,0,Active,588
C00334,2024-02-29,2024-07-20,Basic,United Kingdom,20,19,PayPal,Email,Monthly,0,15.18,3,1,Churned,228
C00335,2025-10-10,2025-12-01,Basic,United States,40,19,UPI,Paid Search,Annual,1,20.35,10,1,Churned,228
C00336,2025-01-18,,Premium,Australia,42,99,PayPal,Organic Search,Annual,1,13.6,16,0,Active,1188
C00337,2026-01-25,,Basic,Germany,42,19,Credit Card,Organic Search,Monthly,0,7.44,16,0,Active,228
C00338,2026-02-14,,Premium,United Kingdom,57,99,Debit Card,Paid Search,Monthly,2,6.35,39,0,Active,1188
C00339,2025-10-25,,Basic,Australia,55,19,Credit Card,Email,Monthly,1,14.12,35,0,Active,228
C00340,2025-07-01,,Basic,United States,30,19,UPI,Email,Monthly,1,8.51,22,0,Active,228
C00341,2025-08-15,,Basic,Canada,42,19,PayPal,Organic Search,Monthly,2,17.41,10,0,Active,228
C00342,2024-05-17,,Premium,Germany,52,99,Credit Card,Partner,Annual,1,4.4,1,0,Active,1188
C00343,2024-12-28,,Premium,Germany,31,99,UPI,Email,Monthly,2,11.29,7,0,Active,1188
C00344,2025-12-23,,Standard,Australia,43,49,PayPal,Partner,Monthly,3,7.19,12,0,Active,588
C00345,2024-08-11,,Standard,United Kingdom,64,49,PayPal,Referral,Monthly,4,5.14,7,0,Active,588
C00346,2025-12-14,,Basic,Canada,30,19,Debit Card,Paid Search,Monthly,1,9.71,15,0,Active,228
C00347,2025-02-16,,Premium,Canada,62,99,Debit Card,Social Media,Monthly,0,7.62,3,0,Active,1188
C00348,2024-09-04,,Premium,Canada,56,99,Debit Card,Email,Monthly,3,15.88,20,0,Active,1188
C00349,2024-05-27,,Basic,Australia,47,19,Debit Card,Paid Search,Monthly,3,3.39,18,0,Active,228
C00350,2025-12-12,,Premium,Germany,20,99,Debit Card,Referral,Annual,1,14.26,11,0,Active,1188
C00351,2024-05-26,,Premium,United Kingdom,39,99,Credit Card,Social Media,Monthly,3,0.31,1,0,Active,1188
C00352,2025-07-28,,Basic,India,40,19,Debit Card,Referral,Annual,3,3.26,34,0,Active,228
C00353,2024-09-28,,Standard,United States,63,49,Debit Card,Partner,Monthly,2,10.13,9,0,Active,588
C00354,2025-12-06,,Premium,Canada,59,99,Debit Card,Partner,Monthly,0,14.17,21,0,Active,1188
C00355,2024-08-27,,Premium,India,61,99,UPI,Paid Search,Monthly,3,14.37,12,0,Active,1188
C00356,2025-11-10,,Basic,Germany,57,19,PayPal,Social Media,Monthly,1,10.15,12,0,Active,228
C00357,2024-11-24,,Basic,Canada,45,19,Debit Card,Email,Monthly,1,16.21,18,0,Active,228
C00358,2024-04-21,,Standard,Australia,20,49,UPI,Social Media,Monthly,1,14.64,12,0,Active,588
C00359,2026-02-21,,Standard,India,23,49,UPI,Social Media,Monthly,2,17.4,9,0,Active,588
C00360,2024-04-14,,Basic,Germany,46,19,PayPal,Partner,Monthly,0,13.53,6,0,Active,228
C00361,2024-03-06,,Premium,India,37,99,Credit Card,Social Media,Monthly,2,11.73,10,0,Active,1188
C00362,2024-03-29,,Standard,Canada,36,49,Debit Card,Partner,Monthly,4,22.57,5,0,Active,588
C00363,2024-06-04,,Standard,Germany,56,49,Credit Card,Referral,Monthly,0,14.78,39,0,Active,588
C00364,2024-03-24,,Basic,India,50,19,UPI,Social Media,Monthly,4,9.4,12,0,Active,228
C00365,2024-10-12,2025-09-11,Premium,United Kingdom,29,99,UPI,Paid Search,Annual,3,8.32,22,1,Churned,1188
C00366,2026-03-29,,Standard,India,30,49,PayPal,Organic Search,Monthly,2,8.71,18,0,Active,588
C00367,2025-10-13,,Premium,United States,42,99,Debit Card,Social Media,Monthly,0,11.07,11,0,Active,1188
C00368,2026-03-01,,Basic,Canada,19,19,Credit Card,Referral,Monthly,3,12.92,24,0,Active,228
C00369,2024-08-06,,Standard,Australia,27,49,Debit Card,Partner,Annual,2,16.41,22,0,Active,588
C00370,2025-12-11,2025-12-31,Premium,India,49,99,Credit Card,Email,Monthly,1,7.59,7,1,Churned,1188
C00371,2025-08-10,,Standard,United Kingdom,31,49,UPI,Partner,Annual,2,8.2,17,0,Active,588
C00372,2025-11-22,,Basic,United Kingdom,31,19,UPI,Referral,Monthly,1,12.12,11,0,Active,228
C00373,2025-12-08,,Premium,United Kingdom,37,99,UPI,Email,Monthly,2,5.06,9,0,Active,1188
C00374,2025-07-13,2025-10-25,Basic,Canada,61,19,UPI,Referral,Annual,5,7.91,1,1,Churned,228
C00375,2024-10-14,,Standard,Germany,25,49,Credit Card,Referral,Monthly,1,4.11,19,0,Active,588
C00376,2025-11-09,,Premium,United Kingdom,36,99,Debit Card,Referral,Monthly,0,9.7,1,0,Active,1188
C00377,2026-03-28,,Standard,Germany,60,49,UPI,Social Media,Monthly,1,16.61,7,0,Active,588
C00378,2024-11-21,,Standard,United Kingdom,29,49,UPI,Partner,Monthly,2,19.87,1,0,Active,588
C00379,2025-06-27,2025-08-02,Standard,Canada,18,49,UPI,Referral,Monthly,2,14.51,32,1,Churned,588
C00380,2025-12-04,,Basic,Australia,54,19,Debit Card,Email,Monthly,3,19.13,9,0,Active,228
C00381,2024-05-03,,Standard,United Kingdom,45,49,Debit Card,Organic Search,Monthly,3,12.39,1,0,Active,588
C00382,2026-03-03,,Basic,Germany,45,19,Credit Card,Referral,Monthly,1,10.93,24,0,Active,228
C00383,2024-03-28,,Basic,Australia,55,19,PayPal,Organic Search,Annual,2,19.25,33,0,Active,228
C00384,2025-12-07,,Basic,Canada,50,19,Credit Card,Social Media,Monthly,2,22.83,26,0,Active,228
C00385,2025-09-01,,Premium,United Kingdom,25,99,Credit Card,Referral,Monthly,2,17.31,16,0,Active,1188
C00386,2025-09-29,,Basic,Australia,34,19,UPI,Partner,Annual,1,23.36,10,0,Active,228
C00387,2024-09-22,2025-01-16,Premium,United States,43,99,Credit Card,Email,Monthly,1,18.34,19,1,Churned,1188
C00388,2025-01-27,2025-10-12,Standard,United States,48,49,Debit Card,Email,Monthly,4,13.8,1,1,Churned,588
C00389,2024-12-04,,Basic,United States,56,19,Credit Card,Social Media,Monthly,2,8.96,14,0,Active,228
C00390,2025-08-03,,Premium,Canada,35,99,PayPal,Organic Search,Monthly,2,10.48,14,0,Active,1188
C00391,2024-02-22,,Basic,Germany,56,19,PayPal,Social Media,Monthly,0,14.17,19,0,Active,228
C00392,2025-11-21,,Standard,Australia,49,49,UPI,Paid Search,Monthly,1,14.16,8,0,Active,588
C00393,2025-02-21,,Basic,United Kingdom,23,19,PayPal,Partner,Monthly,2,8.36,15,0,Active,228
C00394,2024-03-13,2025-03-04,Basic,Australia,20,19,PayPal,Organic Search,Monthly,0,22.52,20,1,Churned,228
C00395,2024-02-19,,Basic,United Kingdom,33,19,Debit Card,Organic Search,Monthly,0,12.26,4,0,Active,228
C00396,2025-03-27,2025-05-13,Basic,India,40,19,UPI,Partner,Monthly,1,16.85,2,1,Churned,228
C00397,2026-02-15,,Basic,Canada,44,19,PayPal,Organic Search,Monthly,1,19.65,21,0,Active,228
C00398,2025-05-08,,Basic,Germany,62,19,Credit Card,Email,Monthly,4,11.08,11,0,Active,228
C00399,2026-05-05,2025-12-31,Basic,United Kingdom,36,19,UPI,Email,Monthly,4,8.98,23,1,Churned,228
C00400,2025-10-22,,Standard,India,36,49,PayPal,Referral,Monthly,5,8.66,16,0,Active,588
C00401,2026-05-05,,Standard,United Kingdom,62,49,Debit Card,Social Media,Annual,1,3.23,4,0,Active,588
C00402,2025-09-11,,Basic,United Kingdom,60,19,UPI,Partner,Annual,2,6.68,7,0,Active,228
C00403,2025-07-25,,Basic,United Kingdom,59,19,UPI,Paid Search,Monthly,2,12.3,1,0,Active,228
C00404,2025-03-28,,Basic,India,40,19,PayPal,Email,Annual,1,7.95,1,0,Active,228
C00405,2024-12-02,,Premium,Australia,55,99,Debit Card,Email,Monthly,0,8.64,16,0,Active,1188
C00406,2025-12-08,,Basic,India,41,19,Credit Card,Referral,Annual,0,13.15,25,0,Active,228
C00407,2024-07-22,,Premium,United States,46,99,UPI,Referral,Monthly,1,10.08,10,0,Active,1188
C00408,2024-05-01,,Standard,United States,51,49,Credit Card,Email,Monthly,0,10.06,18,0,Active,588
C00409,2024-09-04,,Standard,United States,47,49,Credit Card,Social Media,Monthly,2,9.94,22,0,Active,588
C00410,2025-05-20,,Basic,India,33,19,UPI,Referral,Monthly,4,7.83,21,0,Active,228
C00411,2024-09-01,,Basic,United Kingdom,63,19,PayPal,Organic Search,Monthly,1,10.04,1,0,Active,228
C00412,2026-04-28,2025-12-31,Basic,Canada,26,19,PayPal,Paid Search,Monthly,2,4.3,1,1,Churned,228
C00413,2024-12-22,,Premium,India,48,99,Debit Card,Social Media,Monthly,3,2.11,15,0,Active,1188
C00414,2024-09-13,,Basic,Germany,37,19,PayPal,Email,Monthly,1,12.55,15,0,Active,228
C00415,2026-03-08,,Basic,India,61,19,UPI,Referral,Annual,2,11.88,7,0,Active,228
C00416,2024-12-16,,Basic,United States,45,19,PayPal,Social Media,Monthly,5,9.85,23,0,Active,228
C00417,2025-08-26,,Basic,Germany,41,19,UPI,Paid Search,Monthly,0,7.84,13,0,Active,228
C00418,2025-11-09,,Standard,Germany,25,49,UPI,Social Media,Monthly,3,18.33,29,0,Active,588
C00419,2025-11-15,,Standard,Australia,57,49,UPI,Referral,Annual,0,14.52,10,0,Active,588
C00420,2026-05-19,,Standard,India,53,49,Credit Card,Organic Search,Monthly,5,14.25,17,0,Active,588
C00421,2024-04-23,2025-04-22,Basic,Canada,41,19,PayPal,Paid Search,Monthly,0,16.55,11,1,Churned,228
C00422,2025-11-17,2025-12-17,Basic,United Kingdom,64,19,Credit Card,Organic Search,Monthly,3,5.57,16,1,Churned,228
C00423,2026-04-18,,Basic,Australia,48,19,PayPal,Email,Monthly,2,12.44,25,0,Active,228
C00424,2024-12-17,,Standard,Australia,39,49,UPI,Email,Annual,2,12.42,31,0,Active,588
C00425,2025-01-06,2025-02-20,Basic,Germany,34,19,UPI,Organic Search,Monthly,2,15.48,43,1,Churned,228
C00426,2025-11-30,,Basic,United States,46,19,Debit Card,Referral,Monthly,2,1.11,16,0,Active,228
C00427,2024-10-22,2025-10-04,Basic,India,45,19,Debit Card,Organic Search,Annual,1,18.26,10,1,Churned,228
C00428,2025-02-23,2025-09-22,Basic,Australia,60,19,UPI,Email,Monthly,0,10.94,30,1,Churned,228
C00429,2026-01-24,,Premium,United States,59,99,UPI,Partner,Monthly,2,7.12,28,0,Active,1188
C00430,2024-12-07,2025-11-29,Basic,Canada,59,19,UPI,Referral,Monthly,1,13.18,1,1,Churned,228
C00431,2024-04-25,,Basic,United Kingdom,47,19,Credit Card,Partner,Annual,3,17.63,3,0,Active,228
C00432,2025-05-10,,Premium,Germany,20,99,PayPal,Referral,Monthly,1,11.54,2,0,Active,1188
C00433,2026-03-10,2025-12-31,Standard,Canada,57,49,Debit Card,Social Media,Annual,3,7.03,4,1,Churned,588
C00434,2024-10-13,,Basic,Canada,31,19,Debit Card,Referral,Annual,3,8.04,18,0,Active,228
C00435,2025-01-29,2025-04-12,Basic,United Kingdom,35,19,Debit Card,Email,Monthly,4,12.17,33,1,Churned,228
C00436,2024-11-29,,Premium,Germany,33,99,Debit Card,Email,Monthly,1,13.39,23,0,Active,1188
C00437,2024-11-26,2025-01-04,Premium,India,18,99,Credit Card,Partner,Monthly,1,9.78,26,1,Churned,1188
C00438,2026-06-14,,Basic,United States,64,19,Debit Card,Referral,Monthly,3,19.05,13,0,Active,228
C00439,2024-04-23,,Basic,Canada,24,19,Credit Card,Organic Search,Monthly,2,5.02,20,0,Active,228
C00440,2025-02-21,,Basic,Australia,41,19,PayPal,Partner,Monthly,1,6.69,14,0,Active,228
C00441,2026-04-26,,Basic,India,34,19,Credit Card,Paid Search,Annual,4,9.65,10,0,Active,228
C00442,2024-05-30,,Premium,United States,34,99,Credit Card,Partner,Annual,4,10.8,1,0,Active,1188
C00443,2025-09-06,,Basic,United Kingdom,43,19,PayPal,Paid Search,Monthly,3,12.72,23,0,Active,228
C00444,2024-07-10,,Standard,India,20,49,UPI,Organic Search,Annual,6,11.38,9,0,Active,588
C00445,2026-03-11,,Standard,United States,25,49,Credit Card,Social Media,Monthly,2,10.0,40,0,Active,588
C00446,2025-12-02,2025-12-31,Basic,Canada,20,19,PayPal,Social Media,Annual,3,6.93,23,1,Churned,228
C00447,2024-10-20,,Basic,United States,38,19,PayPal,Social Media,Monthly,1,6.97,11,0,Active,228
C00448,2026-04-28,,Standard,Canada,63,49,UPI,Social Media,Annual,1,12.13,22,0,Active,588
C00449,2025-05-06,,Standard,Canada,39,49,Debit Card,Social Media,Annual,1,22.56,28,0,Active,588
C00450,2024-07-28,,Basic,Australia,60,19,Credit Card,Referral,Monthly,3,9.84,7,0,Active,228
C00451,2024-10-07,,Standard,Australia,28,49,Debit Card,Paid Search,Monthly,4,10.16,7,0,Active,588
C00452,2025-09-15,,Standard,Canada,56,49,PayPal,Paid Search,Monthly,6,17.58,30,0,Active,588
C00453,2024-05-23,,Standard,India,19,49,PayPal,Paid Search,Monthly,2,11.37,6,0,Active,588
C00454,2024-05-16,,Standard,Germany,38,49,Debit Card,Email,Monthly,2,15.83,20,0,Active,588
C00455,2024-05-16,,Premium,Germany,61,99,Debit Card,Partner,Monthly,2,12.09,19,0,Active,1188
C00456,2024-03-20,,Standard,Germany,56,49,PayPal,Organic Search,Monthly,0,9.56,21,0,Active,588
C00457,2024-12-28,,Basic,Germany,59,19,PayPal,Paid Search,Monthly,0,17.89,12,0,Active,228
C00458,2025-12-25,,Basic,India,54,19,Debit Card,Social Media,Monthly,2,10.62,6,0,Active,228
C00459,2025-02-24,,Basic,Canada,28,19,Debit Card,Paid Search,Monthly,2,6.29,25,0,Active,228
C00460,2024-06-16,,Basic,United Kingdom,33,19,Credit Card,Social Media,Annual,4,16.66,10,0,Active,228
C00461,2024-04-26,,Standard,United States,29,49,Debit Card,Referral,Annual,2,17.33,11,0,Active,588
C00462,2024-03-27,,Basic,Germany,26,19,PayPal,Email,Monthly,2,11.58,27,0,Active,228
C00463,2024-07-13,,Standard,Canada,49,49,UPI,Social Media,Annual,2,10.18,1,0,Active,588
C00464,2024-09-17,,Basic,United Kingdom,56,19,PayPal,Email,Monthly,3,11.71,9,0,Active,228
C00465,2024-10-31,,Premium,India,45,99,Credit Card,Social Media,Monthly,1,8.86,1,0,Active,1188
C00466,2025-08-26,,Premium,United Kingdom,59,99,Debit Card,Social Media,Monthly,3,8.18,4,0,Active,1188
C00467,2025-09-23,,Basic,Germany,27,19,PayPal,Partner,Annual,4,11.0,17,0,Active,228
C00468,2025-07-18,,Premium,India,51,99,Credit Card,Partner,Monthly,2,11.27,11,0,Active,1188
C00469,2024-12-28,,Standard,United States,34,49,PayPal,Referral,Monthly,1,20.42,25,0,Active,588
C00470,2024-09-29,,Basic,India,26,19,PayPal,Paid Search,Annual,3,17.8,15,0,Active,228
C00471,2026-03-11,,Standard,United States,33,49,Credit Card,Email,Annual,3,8.17,14,0,Active,588
C00472,2024-03-24,,Standard,Canada,48,49,PayPal,Paid Search,Annual,0,12.06,19,0,Active,588
C00473,2026-05-05,,Basic,United States,54,19,Credit Card,Referral,Monthly,0,16.93,7,0,Active,228
C00474,2024-10-03,2024-12-26,Standard,India,61,49,Credit Card,Social Media,Monthly,2,11.51,24,1,Churned,588
C00475,2024-12-16,,Standard,Canada,38,49,PayPal,Organic Search,Annual,1,11.51,3,0,Active,588
C00476,2026-04-05,,Standard,Germany,60,49,UPI,Referral,Annual,4,16.47,12,0,Active,588
C00477,2025-06-12,2025-11-04,Premium,United States,44,99,Credit Card,Social Media,Annual,1,3.77,21,1,Churned,1188
C00478,2026-01-13,,Basic,India,18,19,Credit Card,Referral,Annual,2,21.12,12,0,Active,228
C00479,2024-11-28,2025-07-26,Basic,Australia,30,19,Credit Card,Organic Search,Monthly,5,21.64,18,1,Churned,228
C00480,2024-11-18,,Standard,Australia,56,49,Debit Card,Email,Annual,1,11.62,13,0,Active,588
C00481,2024-06-24,,Basic,Australia,35,19,Debit Card,Organic Search,Monthly,2,12.89,1,0,Active,228
C00482,2026-03-29,,Standard,Australia,29,49,PayPal,Organic Search,Monthly,1,9.63,10,0,Active,588
C00483,2026-04-26,,Standard,Germany,49,49,UPI,Social Media,Annual,4,11.54,6,0,Active,588
C00484,2024-06-03,,Basic,United Kingdom,26,19,Debit Card,Referral,Annual,3,13.45,1,0,Active,228
C00485,2025-08-22,,Standard,Canada,55,49,UPI,Social Media,Annual,1,12.39,16,0,Active,588
C00486,2025-12-08,,Basic,Canada,29,19,UPI,Paid Search,Annual,3,10.23,25,0,Active,228
C00487,2024-03-21,,Standard,United States,23,49,Debit Card,Partner,Annual,3,13.97,13,0,Active,588
C00488,2026-06-05,,Standard,United Kingdom,20,49,Credit Card,Social Media,Monthly,2,7.04,24,0,Active,588
C00489,2025-08-01,,Standard,United States,26,49,UPI,Email,Monthly,4,6.31,6,0,Active,588
C00490,2025-10-21,,Standard,Australia,21,49,Debit Card,Partner,Monthly,1,8.5,22,0,Active,588
C00491,2025-01-17,,Basic,United Kingdom,43,19,Debit Card,Referral,Annual,4,17.42,31,0,Active,228
C00492,2025-11-10,,Premium,India,57,99,Debit Card,Email,Monthly,2,20.86,18,0,Active,1188
C00493,2025-04-20,,Basic,United Kingdom,62,19,UPI,Email,Monthly,2,6.5,13,0,Active,228
C00494,2025-02-08,,Premium,United Kingdom,23,99,Credit Card,Referral,Monthly,3,19.97,14,0,Active,1188
C00495,2025-10-03,,Basic,United States,64,19,Credit Card,Paid Search,Monthly,1,6.54,16,0,Active,228
C00496,2025-10-13,,Standard,United States,40,49,Credit Card,Partner,Monthly,2,11.33,23,0,Active,588
C00497,2024-05-24,,Basic,Canada,41,19,Credit Card,Referral,Monthly,1,17.84,10,0,Active,228
C00498,2024-12-20,,Premium,United States,48,99,UPI,Organic Search,Annual,1,19.29,13,0,Active,1188
C00499,2024-08-15,,Standard,United Kingdom,50,49,Debit Card,Paid Search,Monthly,2,13.36,8,0,Active,588
C00500,2025-03-19,,Premium,United Kingdom,52,99,UPI,Social Media,Annual,1,17.41,10,0,Active,1188
C00501,2024-09-26,,Standard,United States,22,49,Credit Card,Paid Search,Monthly,2,11.0,20,0,Active,588
C00502,2025-08-30,,Premium,United Kingdom,27,99,Credit Card,Partner,Annual,2,18.44,2,0,Active,1188
C00503,2025-07-07,,Basic,Australia,20,19,PayPal,Email,Monthly,0,16.98,20,0,Active,228
C00504,2024-07-06,,Basic,United Kingdom,55,19,Debit Card,Organic Search,Annual,1,14.76,21,0,Active,228
C00505,2025-08-08,,Basic,United States,63,19,UPI,Paid Search,Monthly,0,14.4,29,0,Active,228
C00506,2024-06-04,,Basic,Canada,62,19,Debit Card,Email,Monthly,1,12.48,9,0,Active,228
C00507,2026-03-30,,Premium,India,26,99,Credit Card,Referral,Monthly,4,9.1,3,0,Active,1188
C00508,2026-04-25,2025-12-31,Basic,Germany,19,19,Credit Card,Organic Search,Annual,1,21.34,27,1,Churned,228
C00509,2026-02-03,,Standard,United States,35,49,UPI,Paid Search,Monthly,3,6.03,17,0,Active,588
C00510,2024-12-17,,Standard,United Kingdom,41,49,Debit Card,Social Media,Monthly,0,8.63,8,0,Active,588
C00511,2025-05-08,2025-09-29,Standard,United Kingdom,32,49,PayPal,Organic Search,Monthly,3,3.67,12,1,Churned,588
C00512,2025-07-10,,Premium,India,54,99,PayPal,Paid Search,Annual,4,9.05,5,0,Active,1188
C00513,2026-06-18,,Basic,India,42,19,PayPal,Paid Search,Monthly,3,7.73,15,0,Active,228
C00514,2026-05-19,,Basic,United States,33,19,Credit Card,Paid Search,Monthly,2,11.73,9,0,Active,228
C00515,2024-09-16,,Premium,United Kingdom,26,99,UPI,Partner,Monthly,0,21.72,11,0,Active,1188
C00516,2024-09-10,,Basic,United States,64,19,UPI,Social Media,Monthly,4,12.68,7,0,Active,228
C00517,2024-03-01,,Basic,United States,60,19,Credit Card,Email,Annual,1,14.05,12,0,Active,228
C00518,2025-05-31,,Standard,Germany,42,49,UPI,Partner,Annual,2,9.31,21,0,Active,588
C00519,2025-07-12,2025-08-30,Standard,United Kingdom,59,49,PayPal,Partner,Monthly,3,13.11,15,1,Churned,588
C00520,2024-05-29,2025-02-16,Premium,Canada,51,99,PayPal,Email,Monthly,1,10.58,10,1,Churned,1188
C00521,2025-10-08,,Premium,India,47,99,Credit Card,Paid Search,Monthly,3,14.02,5,0,Active,1188
C00522,2025-08-18,,Standard,United States,49,49,Debit Card,Email,Annual,2,18.82,1,0,Active,588
C00523,2025-07-15,2025-10-05,Basic,Germany,20,19,Credit Card,Referral,Monthly,1,7.11,23,1,Churned,228
C00524,2025-09-20,2025-12-17,Premium,United States,38,99,PayPal,Social Media,Monthly,2,16.48,17,1,Churned,1188
C00525,2025-04-25,,Premium,United Kingdom,37,99,PayPal,Organic Search,Monthly,0,13.65,16,0,Active,1188
C00526,2024-04-25,,Standard,United Kingdom,36,49,PayPal,Paid Search,Monthly,3,13.78,27,0,Active,588
C00527,2024-05-07,,Basic,Australia,59,19,PayPal,Email,Annual,3,4.77,14,0,Active,228
C00528,2025-09-15,,Standard,Australia,56,49,Credit Card,Paid Search,Monthly,3,19.9,21,0,Active,588
C00529,2025-12-29,,Standard,India,46,49,Debit Card,Partner,Annual,4,5.4,13,0,Active,588
C00530,2025-03-29,2025-10-30,Basic,India,32,19,PayPal,Paid Search,Annual,2,15.26,1,1,Churned,228
C00531,2026-02-13,,Basic,India,29,19,Credit Card,Referral,Monthly,4,6.13,7,0,Active,228
C00532,2026-02-21,,Premium,United Kingdom,39,99,PayPal,Referral,Monthly,1,4.78,10,0,Active,1188
C00533,2026-04-01,,Basic,United States,49,19,PayPal,Referral,Monthly,2,14.17,9,0,Active,228
C00534,2026-05-12,,Standard,India,20,49,Debit Card,Paid Search,Annual,0,12.32,3,0,Active,588
C00535,2025-04-30,2025-08-13,Basic,Canada,62,19,Credit Card,Referral,Monthly,2,2.11,25,1,Churned,228
C00536,2025-12-13,,Premium,Germany,63,99,Credit Card,Referral,Annual,1,15.61,16,0,Active,1188
C00537,2025-08-01,,Standard,Australia,22,49,PayPal,Email,Annual,2,8.38,21,0,Active,588
C00538,2024-08-28,,Basic,United Kingdom,50,19,Credit Card,Referral,Annual,1,18.3,21,0,Active,228
C00539,2025-09-11,2025-10-15,Standard,Australia,64,49,Debit Card,Referral,Monthly,2,21.99,35,1,Churned,588
C00540,2025-12-06,,Basic,Canada,30,19,Credit Card,Paid Search,Annual,0,14.92,11,0,Active,228
C00541,2025-04-11,,Basic,United States,40,19,PayPal,Paid Search,Monthly,2,15.91,5,0,Active,228
C00542,2025-07-15,,Premium,India,35,99,UPI,Social Media,Monthly,1,17.15,22,0,Active,1188
C00543,2024-05-17,,Basic,India,50,19,Credit Card,Email,Annual,4,6.52,1,0,Active,228
C00544,2024-06-13,,Premium,United States,26,99,Credit Card,Email,Annual,5,13.1,11,0,Active,1188
C00545,2024-07-30,,Basic,Germany,33,19,UPI,Referral,Monthly,3,7.7,6,0,Active,228
C00546,2025-03-17,,Standard,Canada,42,49,Debit Card,Organic Search,Annual,2,5.06,18,0,Active,588
C00547,2025-02-13,,Standard,Australia,43,49,Credit Card,Partner,Monthly,2,7.11,5,0,Active,588
C00548,2024-10-07,,Standard,Canada,41,49,Credit Card,Partner,Annual,0,0.0,10,0,Active,588
C00549,2025-07-06,,Basic,Germany,59,19,Debit Card,Referral,Monthly,4,13.08,5,0,Active,228
C00550,2025-07-06,,Standard,Australia,32,49,Credit Card,Paid Search,Monthly,3,12.56,26,0,Active,588
C00551,2026-03-01,,Standard,United States,25,49,Credit Card,Referral,Annual,4,8.82,15,0,Active,588
C00552,2024-03-27,,Basic,Canada,28,19,UPI,Organic Search,Annual,1,9.62,6,0,Active,228
C00553,2025-04-19,,Basic,Australia,22,19,PayPal,Social Media,Monthly,1,9.33,16,0,Active,228
C00554,2025-08-11,,Premium,United States,23,99,Debit Card,Partner,Monthly,1,5.3,19,0,Active,1188
C00555,2026-02-23,,Basic,Canada,31,19,PayPal,Partner,Annual,1,14.23,7,0,Active,228
C00556,2024-05-26,,Standard,United States,57,49,UPI,Referral,Monthly,1,12.61,19,0,Active,588
C00557,2025-12-25,2025-12-31,Basic,Australia,51,19,UPI,Partner,Monthly,3,15.54,18,1,Churned,228
C00558,2024-08-30,,Standard,Canada,44,49,PayPal,Email,Monthly,2,8.97,27,0,Active,588
C00559,2025-06-05,2025-10-20,Basic,Germany,56,19,PayPal,Partner,Monthly,3,9.89,3,1,Churned,228
C00560,2024-07-24,,Premium,Canada,28,99,PayPal,Referral,Monthly,1,12.01,32,0,Active,1188
C00561,2025-07-07,,Basic,India,62,19,Debit Card,Organic Search,Annual,1,17.48,1,0,Active,228
C00562,2026-01-10,,Standard,Australia,64,49,Debit Card,Organic Search,Annual,1,16.58,14,0,Active,588
C00563,2024-09-02,,Basic,Germany,60,19,UPI,Social Media,Monthly,1,23.03,26,0,Active,228
C00564,2025-08-08,2025-09-25,Standard,Australia,50,49,UPI,Partner,Monthly,1,6.97,1,1,Churned,588
C00565,2025-01-14,,Basic,India,25,19,Credit Card,Paid Search,Monthly,2,8.72,12,0,Active,228
C00566,2025-05-20,,Standard,Germany,39,49,UPI,Referral,Monthly,2,18.16,1,0,Active,588
C00567,2025-06-02,,Premium,India,64,99,Debit Card,Social Media,Annual,1,2.81,21,0,Active,1188
C00568,2024-08-06,,Basic,Germany,30,19,Credit Card,Social Media,Monthly,2,8.71,14,0,Active,228
C00569,2024-06-06,,Basic,United Kingdom,53,19,UPI,Email,Monthly,1,3.02,11,0,Active,228
C00570,2024-12-20,,Basic,Australia,48,19,Debit Card,Referral,Annual,3,10.56,29,0,Active,228
C00571,2026-02-09,,Basic,India,58,19,Debit Card,Email,Monthly,4,14.61,26,0,Active,228
C00572,2024-11-27,,Standard,India,37,49,Debit Card,Social Media,Monthly,4,17.22,28,0,Active,588
C00573,2025-01-31,,Premium,Germany,49,99,UPI,Partner,Annual,1,19.54,9,0,Active,1188
C00574,2025-04-01,,Standard,United States,29,49,PayPal,Partner,Monthly,4,10.37,22,0,Active,588
C00575,2025-07-09,,Basic,Australia,46,19,Credit Card,Social Media,Monthly,2,2.49,2,0,Active,228
C00576,2026-06-10,,Premium,United States,32,99,PayPal,Partner,Annual,0,9.81,1,0,Active,1188
C00577,2026-04-16,,Basic,United States,33,19,PayPal,Organic Search,Monthly,5,7.03,16,0,Active,228
C00578,2025-08-08,,Basic,Germany,63,19,Debit Card,Referral,Monthly,2,3.45,9,0,Active,228
C00579,2024-06-11,,Standard,United States,24,49,Debit Card,Organic Search,Monthly,1,7.36,22,0,Active,588
C00580,2026-02-26,2025-12-31,Standard,India,61,49,PayPal,Social Media,Annual,3,7.55,22,1,Churned,588
C00581,2026-02-27,,Basic,Germany,58,19,Debit Card,Paid Search,Annual,4,13.99,14,0,Active,228
C00582,2026-05-25,,Basic,United States,60,19,UPI,Organic Search,Monthly,2,16.8,13,0,Active,228
C00583,2025-07-09,2025-08-31,Basic,United States,34,19,Credit Card,Partner,Monthly,0,12.75,15,1,Churned,228
C00584,2026-03-12,,Premium,United States,54,99,UPI,Organic Search,Annual,1,14.4,22,0,Active,1188
C00585,2024-06-17,,Premium,United Kingdom,51,99,UPI,Social Media,Monthly,1,9.88,25,0,Active,1188
C00586,2024-12-18,,Premium,United States,58,99,Debit Card,Referral,Annual,0,15.99,3,0,Active,1188
C00587,2024-03-31,,Premium,United States,36,99,PayPal,Paid Search,Annual,3,6.26,22,0,Active,1188
C00588,2025-11-09,,Standard,United Kingdom,50,49,Credit Card,Email,Monthly,1,14.2,1,0,Active,588
C00589,2025-09-18,,Basic,Canada,54,19,Debit Card,Email,Monthly,2,11.58,15,0,Active,228
C00590,2024-05-21,,Standard,India,43,49,UPI,Social Media,Monthly,3,15.33,13,0,Active,588
C00591,2024-09-12,,Standard,United Kingdom,50,49,Debit Card,Partner,Monthly,2,14.78,9,0,Active,588
C00592,2026-03-14,,Standard,United Kingdom,64,49,UPI,Organic Search,Annual,0,13.32,13,0,Active,588
C00593,2024-07-28,,Standard,India,38,49,Credit Card,Social Media,Monthly,1,8.83,20,0,Active,588
C00594,2025-01-03,,Basic,India,62,19,Credit Card,Partner,Monthly,3,13.21,1,0,Active,228
C00595,2024-09-03,,Standard,United Kingdom,59,49,Credit Card,Social Media,Annual,0,18.27,7,0,Active,588
C00596,2025-03-10,,Basic,Canada,48,19,Credit Card,Email,Monthly,3,19.91,11,0,Active,228
C00597,2026-04-17,2025-12-31,Standard,Germany,20,49,PayPal,Referral,Monthly,3,10.0,23,1,Churned,588
C00598,2024-06-19,,Basic,Canada,51,19,UPI,Paid Search,Monthly,3,18.33,10,0,Active,228
C00599,2026-01-26,,Basic,Canada,29,19,Debit Card,Social Media,Monthly,2,13.81,24,0,Active,228
C00600,2024-04-22,,Basic,United States,19,19,PayPal,Partner,Monthly,3,4.65,2,0,Active,228
C00601,2024-10-09,,Standard,Canada,27,49,UPI,Paid Search,Monthly,4,8.97,24,0,Active,588
C00602,2025-06-17,2025-09-27,Standard,Canada,44,49,Credit Card,Partner,Monthly,1,8.57,3,1,Churned,588
C00603,2025-07-15,,Standard,Germany,35,49,PayPal,Paid Search,Annual,0,4.5,11,0,Active,588
C00604,2024-12-26,,Basic,India,54,19,UPI,Referral,Annual,2,17.65,16,0,Active,228
C00605,2024-09-27,,Standard,Canada,35,49,UPI,Organic Search,Monthly,2,11.27,24,0,Active,588
C00606,2026-02-16,2025-12-31,Basic,United States,36,19,Credit Card,Social Media,Monthly,6,24.85,20,1,Churned,228
C00607,2025-05-12,2025-06-19,Basic,Canada,42,19,UPI,Organic Search,Monthly,1,10.51,11,1,Churned,228
C00608,2025-01-11,,Basic,India,46,19,Debit Card,Partner,Monthly,1,18.98,15,0,Active,228
C00609,2024-11-21,,Basic,Canada,33,19,UPI,Partner,Annual,1,10.63,1,0,Active,228
C00610,2025-09-17,,Standard,Canada,37,49,Debit Card,Organic Search,Annual,2,6.47,23,0,Active,588
C00611,2024-08-02,,Basic,Australia,60,19,Credit Card,Organic Search,Monthly,2,14.89,20,0,Active,228
C00612,2025-06-05,,Premium,Australia,30,99,UPI,Paid Search,Annual,0,11.44,29,0,Active,1188
C00613,2024-08-06,,Basic,Canada,53,19,Debit Card,Paid Search,Annual,4,9.38,20,0,Active,228
C00614,2025-03-07,,Basic,Canada,18,19,Credit Card,Paid Search,Monthly,2,18.76,1,0,Active,228
C00615,2025-10-24,,Basic,Canada,37,19,Credit Card,Paid Search,Monthly,0,5.35,1,0,Active,228
C00616,2024-04-23,,Standard,Germany,21,49,Debit Card,Organic Search,Monthly,0,20.67,15,0,Active,588
C00617,2024-09-14,,Premium,United Kingdom,24,99,Debit Card,Partner,Annual,1,7.09,26,0,Active,1188
C00618,2025-07-07,,Basic,India,45,19,Credit Card,Referral,Monthly,1,11.08,1,0,Active,228
C00619,2026-06-05,,Basic,Germany,57,19,Debit Card,Social Media,Monthly,0,17.79,16,0,Active,228
C00620,2024-06-16,,Basic,Germany,55,19,PayPal,Email,Annual,3,11.47,31,0,Active,228
C00621,2025-12-17,,Basic,United States,35,19,Debit Card,Organic Search,Monthly,0,5.43,22,0,Active,228
C00622,2024-05-01,,Basic,India,53,19,Credit Card,Partner,Annual,2,8.51,5,0,Active,228
C00623,2025-02-20,2025-11-16,Basic,Canada,44,19,PayPal,Partner,Monthly,2,22.07,21,1,Churned,228
C00624,2025-01-04,,Basic,India,30,19,PayPal,Paid Search,Monthly,1,11.82,21,0,Active,228
C00625,2024-06-27,2025-03-08,Basic,Australia,19,19,Debit Card,Partner,Monthly,1,11.03,11,1,Churned,228
C00626,2024-06-11,,Premium,Germany,30,99,Debit Card,Referral,Annual,2,17.0,14,0,Active,1188
C00627,2024-04-25,2025-04-21,Standard,United Kingdom,60,49,Credit Card,Referral,Monthly,2,9.94,25,1,Churned,588
C00628,2024-04-09,2025-12-16,Standard,Canada,59,49,Debit Card,Partner,Monthly,1,7.5,11,1,Churned,588
C00629,2026-05-13,,Standard,Germany,37,49,Credit Card,Organic Search,Annual,1,5.9,13,0,Active,588
C00630,2026-04-28,,Basic,Canada,32,19,Credit Card,Partner,Monthly,3,9.26,21,0,Active,228
C00631,2026-01-10,,Standard,United Kingdom,22,49,UPI,Referral,Monthly,1,8.27,8,0,Active,588
C00632,2024-11-07,,Basic,United States,58,19,UPI,Paid Search,Monthly,2,18.46,7,0,Active,228
C00633,2024-03-31,,Standard,India,35,49,UPI,Referral,Annual,1,11.86,16,0,Active,588
C00634,2026-05-11,,Basic,India,27,19,PayPal,Social Media,Monthly,3,9.93,21,0,Active,228
C00635,2025-04-14,,Standard,United Kingdom,26,49,Debit Card,Paid Search,Annual,1,11.68,1,0,Active,588
C00636,2024-07-09,,Premium,Australia,58,99,UPI,Referral,Monthly,0,8.88,22,0,Active,1188
C00637,2024-04-04,,Premium,United States,42,99,PayPal,Paid Search,Monthly,2,5.04,8,0,Active,1188
C00638,2025-09-07,,Premium,India,25,99,PayPal,Social Media,Annual,1,11.13,15,0,Active,1188
C00639,2025-01-08,,Basic,Canada,32,19,Credit Card,Social Media,Monthly,2,20.15,13,0,Active,228
C00640,2024-11-09,,Standard,Canada,27,49,UPI,Email,Annual,2,4.78,21,0,Active,588
C00641,2025-09-27,,Basic,United States,58,19,Debit Card,Paid Search,Annual,3,16.49,15,0,Active,228
C00642,2026-02-12,2025-12-31,Premium,India,56,99,Debit Card,Email,Monthly,0,17.19,15,1,Churned,1188
C00643,2024-03-04,,Basic,Germany,50,19,PayPal,Partner,Monthly,2,7.3,19,0,Active,228
C00644,2026-05-05,,Standard,United States,60,49,Credit Card,Email,Monthly,0,8.3,23,0,Active,588
C00645,2024-09-10,,Premium,United Kingdom,32,99,PayPal,Partner,Monthly,2,16.15,9,0,Active,1188
C00646,2026-05-01,,Standard,United Kingdom,60,49,Debit Card,Partner,Monthly,3,11.12,15,0,Active,588
C00647,2024-09-28,,Premium,Germany,31,99,PayPal,Paid Search,Monthly,3,13.25,14,0,Active,1188
C00648,2026-04-30,,Standard,Canada,53,49,Debit Card,Email,Monthly,3,3.35,28,0,Active,588
C00649,2025-11-13,,Standard,United States,25,49,UPI,Referral,Monthly,2,13.8,10,0,Active,588
C00650,2026-02-19,,Premium,United States,36,99,PayPal,Paid Search,Annual,2,19.7,11,0,Active,1188
C00651,2024-04-22,,Basic,United States,40,19,PayPal,Email,Monthly,6,10.0,7,0,Active,228
C00652,2024-11-02,,Premium,Australia,26,99,Debit Card,Social Media,Monthly,1,8.1,24,0,Active,1188
C00653,2024-10-12,,Premium,Canada,20,99,Debit Card,Partner,Monthly,2,2.98,17,0,Active,1188
C00654,2025-01-04,,Basic,United Kingdom,56,19,UPI,Paid Search,Monthly,4,8.7,25,0,Active,228
C00655,2025-09-27,,Premium,Germany,30,99,Debit Card,Partner,Monthly,3,7.96,33,0,Active,1188
C00656,2024-06-16,,Standard,India,64,49,Credit Card,Partner,Monthly,7,12.28,20,0,Active,588
C00657,2025-04-09,,Basic,India,49,19,Debit Card,Paid Search,Annual,4,19.43,3,0,Active,228
C00658,2024-04-18,,Basic,United States,20,19,UPI,Organic Search,Monthly,1,8.22,23,0,Active,228
C00659,2025-02-01,2025-10-02,Basic,Australia,33,19,Debit Card,Paid Search,Monthly,2,14.87,9,1,Churned,228
C00660,2025-04-26,,Standard,Australia,48,49,UPI,Social Media,Monthly,4,14.29,35,0,Active,588
C00661,2026-03-30,,Premium,Canada,34,99,Credit Card,Referral,Monthly,3,11.98,9,0,Active,1188
C00662,2025-07-10,,Standard,United States,53,49,UPI,Paid Search,Monthly,2,6.3,31,0,Active,588
C00663,2024-02-24,,Basic,Germany,38,19,Credit Card,Organic Search,Monthly,3,7.27,17,0,Active,228
C00664,2025-04-06,,Basic,United Kingdom,47,19,PayPal,Email,Monthly,1,12.17,17,0,Active,228
C00665,2024-12-14,,Standard,United Kingdom,48,49,Credit Card,Partner,Annual,2,12.8,28,0,Active,588
C00666,2025-11-22,,Basic,United Kingdom,33,19,UPI,Organic Search,Annual,1,15.36,32,0,Active,228
C00667,2026-02-05,2025-12-31,Basic,Australia,60,19,PayPal,Referral,Monthly,1,4.53,1,1,Churned,228
C00668,2026-05-20,,Basic,Australia,36,19,Credit Card,Social Media,Monthly,1,7.55,21,0,Active,228
C00669,2025-07-14,,Standard,United States,45,49,Credit Card,Social Media,Monthly,0,17.41,2,0,Active,588
C00670,2026-02-19,2025-12-31,Standard,United States,18,49,UPI,Email,Monthly,3,10.66,30,1,Churned,588
C00671,2024-06-13,,Standard,India,39,49,PayPal,Referral,Annual,2,11.49,24,0,Active,588
C00672,2024-05-23,2025-11-05,Standard,United Kingdom,58,49,Credit Card,Social Media,Annual,1,15.57,12,1,Churned,588
C00673,2024-10-21,,Basic,India,30,19,Debit Card,Organic Search,Annual,2,20.48,22,0,Active,228
C00674,2024-08-02,,Premium,United States,58,99,UPI,Email,Monthly,1,0.0,14,0,Active,1188
C00675,2024-07-19,2025-02-24,Standard,India,22,49,PayPal,Referral,Annual,1,17.44,17,1,Churned,588
C00676,2026-05-23,,Basic,India,22,19,Credit Card,Social Media,Annual,3,15.56,4,0,Active,228
C00677,2025-07-01,,Basic,United States,50,19,Credit Card,Social Media,Monthly,3,20.09,18,0,Active,228
C00678,2024-05-17,,Standard,Canada,43,49,Credit Card,Paid Search,Monthly,2,22.44,22,0,Active,588
C00679,2025-12-13,2025-12-31,Basic,Australia,36,19,Credit Card,Partner,Monthly,3,5.82,10,1,Churned,228
C00680,2025-11-15,,Basic,Germany,37,19,Debit Card,Organic Search,Monthly,3,11.38,21,0,Active,228
C00681,2025-01-30,,Standard,India,48,49,Credit Card,Email,Monthly,1,4.77,27,0,Active,588
C00682,2025-12-03,,Basic,Australia,29,19,UPI,Organic Search,Annual,2,13.46,2,0,Active,228
C00683,2024-06-17,,Standard,United Kingdom,50,49,PayPal,Referral,Monthly,0,21.96,18,0,Active,588
C00684,2024-11-20,2025-03-09,Basic,United States,50,19,Credit Card,Social Media,Monthly,1,16.69,2,1,Churned,228
C00685,2024-03-14,,Basic,Australia,48,19,Credit Card,Paid Search,Annual,4,9.18,14,0,Active,228
C00686,2024-10-02,2025-07-19,Standard,Canada,34,49,Credit Card,Referral,Monthly,0,7.73,27,1,Churned,588
C00687,2024-09-05,,Standard,Canada,26,49,Credit Card,Paid Search,Annual,2,11.45,12,0,Active,588
C00688,2026-04-27,,Standard,United Kingdom,27,49,Credit Card,Email,Monthly,1,12.76,34,0,Active,588
C00689,2025-11-08,,Basic,India,19,19,PayPal,Paid Search,Monthly,5,10.23,16,0,Active,228
C00690,2024-11-18,,Standard,Australia,22,49,Credit Card,Partner,Monthly,3,13.71,30,0,Active,588
C00691,2025-03-28,,Premium,United Kingdom,35,99,PayPal,Social Media,Monthly,1,23.61,21,0,Active,1188
C00692,2025-07-31,,Standard,Australia,47,49,UPI,Paid Search,Annual,2,10.29,20,0,Active,588
C00693,2024-06-13,,Standard,India,58,49,UPI,Referral,Annual,2,12.32,10,0,Active,588
C00694,2024-03-18,,Standard,Canada,36,49,UPI,Partner,Annual,1,5.52,8,0,Active,588
C00695,2025-01-29,,Basic,Australia,40,19,UPI,Partner,Annual,3,13.99,17,0,Active,228
C00696,2026-06-19,,Basic,United Kingdom,34,19,UPI,Referral,Monthly,1,15.53,17,0,Active,228
C00697,2025-03-08,,Basic,Canada,25,19,Debit Card,Social Media,Monthly,2,14.67,7,0,Active,228
C00698,2025-11-13,,Basic,India,53,19,Credit Card,Social Media,Monthly,1,7.77,23,0,Active,228
C00699,2025-06-23,,Premium,Germany,35,99,PayPal,Email,Monthly,2,7.88,12,0,Active,1188
C00700,2024-12-08,2025-06-18,Standard,Germany,46,49,Debit Card,Organic Search,Monthly,0,17.45,9,1,Churned,588
C00701,2025-12-20,2025-12-31,Premium,Australia,27,99,Debit Card,Partner,Monthly,0,11.92,21,1,Churned,1188
C00702,2026-04-13,,Basic,Germany,30,19,Credit Card,Email,Monthly,1,18.45,23,0,Active,228
C00703,2025-07-04,,Basic,Germany,23,19,UPI,Organic Search,Monthly,0,8.41,11,0,Active,228
C00704,2024-06-21,,Basic,Canada,45,19,Debit Card,Paid Search,Monthly,1,11.21,5,0,Active,228
C00705,2025-11-23,,Basic,Australia,19,19,Credit Card,Email,Monthly,6,1.84,3,0,Active,228
C00706,2025-05-16,,Basic,Canada,48,19,PayPal,Partner,Annual,3,12.97,25,0,Active,228
C00707,2025-08-08,2025-09-22,Basic,United Kingdom,60,19,Debit Card,Email,Monthly,0,5.61,22,1,Churned,228
C00708,2025-10-22,,Premium,United Kingdom,60,99,Credit Card,Paid Search,Monthly,3,12.2,12,0,Active,1188
C00709,2026-05-20,2025-12-31,Basic,Canada,49,19,PayPal,Paid Search,Monthly,3,17.15,1,1,Churned,228
C00710,2025-02-23,,Premium,Australia,39,99,PayPal,Organic Search,Monthly,3,9.48,20,0,Active,1188
C00711,2025-05-17,,Basic,Australia,58,19,UPI,Referral,Monthly,3,12.97,24,0,Active,228
C00712,2025-03-17,,Basic,Australia,61,19,Credit Card,Referral,Monthly,1,14.9,25,0,Active,228
C00713,2025-03-24,,Standard,India,24,49,Credit Card,Organic Search,Monthly,0,10.92,5,0,Active,588
C00714,2025-09-19,2025-11-23,Standard,Canada,48,49,PayPal,Partner,Monthly,1,8.15,17,1,Churned,588
C00715,2025-02-17,,Basic,Canada,22,19,UPI,Email,Annual,1,21.79,23,0,Active,228
C00716,2024-12-22,,Basic,India,61,19,Credit Card,Partner,Annual,2,13.15,9,0,Active,228
C00717,2025-01-18,,Standard,Germany,33,49,Debit Card,Social Media,Annual,2,16.44,31,0,Active,588
C00718,2025-10-22,,Premium,Australia,44,99,Debit Card,Referral,Monthly,0,10.8,21,0,Active,1188
C00719,2025-01-29,,Basic,India,59,19,Credit Card,Partner,Monthly,2,15.35,21,0,Active,228
C00720,2026-01-13,2025-12-31,Standard,Germany,25,49,Credit Card,Organic Search,Monthly,4,17.16,4,1,Churned,588
C00721,2024-10-21,,Standard,United States,59,49,UPI,Email,Annual,1,9.95,16,0,Active,588
C00722,2025-09-09,,Standard,India,30,49,PayPal,Referral,Monthly,2,7.61,21,0,Active,588
C00723,2024-12-04,,Basic,Canada,27,19,Credit Card,Organic Search,Monthly,2,9.31,26,0,Active,228
C00724,2026-05-22,,Standard,United States,46,49,Credit Card,Email,Monthly,4,7.37,13,0,Active,588
C00725,2024-03-12,,Standard,United Kingdom,18,49,PayPal,Social Media,Monthly,2,9.84,27,0,Active,588
C00726,2025-06-01,,Basic,Canada,22,19,Credit Card,Partner,Monthly,2,1.61,12,0,Active,228
C00727,2025-09-08,,Basic,United States,40,19,Debit Card,Referral,Monthly,3,2.96,26,0,Active,228
C00728,2026-01-06,,Standard,United Kingdom,34,49,PayPal,Organic Search,Annual,2,9.87,20,0,Active,588
C00729,2024-05-30,,Basic,Australia,33,19,PayPal,Partner,Monthly,2,9.55,18,0,Active,228
C00730,2024-06-21,2025-10-18,Basic,United States,29,19,Debit Card,Organic Search,Monthly,2,19.39,25,1,Churned,228
C00731,2026-05-22,,Basic,Germany,60,19,Debit Card,Organic Search,Monthly,3,11.8,13,0,Active,228
C00732,2024-06-25,,Basic,United Kingdom,43,19,Credit Card,Email,Monthly,3,9.99,7,0,Active,228
C00733,2024-06-14,,Standard,Australia,39,49,UPI,Paid Search,Annual,1,20.93,19,0,Active,588
C00734,2024-05-09,2025-12-19,Basic,United Kingdom,64,19,Credit Card,Referral,Monthly,0,11.98,33,1,Churned,228
C00735,2025-02-22,,Premium,Germany,60,99,Debit Card,Referral,Annual,2,9.55,13,0,Active,1188
C00736,2024-09-06,,Standard,United Kingdom,46,49,UPI,Organic Search,Annual,2,7.13,7,0,Active,588
C00737,2025-06-29,,Standard,Australia,41,49,Credit Card,Organic Search,Monthly,3,5.81,2,0,Active,588
C00738,2025-12-13,,Basic,Germany,34,19,Debit Card,Email,Monthly,3,21.1,21,0,Active,228
C00739,2026-01-12,2025-12-31,Basic,India,35,19,Credit Card,Email,Monthly,5,8.06,28,1,Churned,228
C00740,2025-05-07,2025-07-09,Basic,United Kingdom,64,19,PayPal,Email,Annual,0,10.58,22,1,Churned,228
C00741,2025-12-01,,Standard,United States,32,49,Debit Card,Referral,Monthly,3,21.1,19,0,Active,588
C00742,2024-09-07,,Standard,Canada,39,49,Debit Card,Referral,Annual,0,3.28,5,0,Active,588
C00743,2025-05-30,,Standard,Australia,54,49,Credit Card,Referral,Annual,2,5.66,32,0,Active,588
C00744,2025-01-24,,Premium,India,57,99,UPI,Organic Search,Monthly,3,16.47,1,0,Active,1188
C00745,2024-05-26,,Standard,Australia,58,49,UPI,Social Media,Monthly,0,14.95,40,0,Active,588
C00746,2026-03-12,,Standard,United Kingdom,48,49,Credit Card,Organic Search,Monthly,1,16.21,21,0,Active,588
C00747,2024-03-06,2024-06-28,Standard,Australia,29,49,Credit Card,Paid Search,Monthly,2,14.89,8,1,Churned,588
C00748,2026-01-14,,Premium,United Kingdom,57,99,Debit Card,Paid Search,Monthly,2,13.14,5,0,Active,1188
C00749,2024-12-14,,Standard,United Kingdom,36,49,PayPal,Referral,Monthly,1,4.23,30,0,Active,588
C00750,2025-11-10,,Basic,India,44,19,Debit Card,Social Media,Monthly,1,20.97,18,0,Active,228
C00751,2026-05-24,2025-12-31,Basic,Australia,33,19,PayPal,Social Media,Monthly,0,10.61,2,1,Churned,228
C00752,2024-06-06,,Basic,United States,21,19,PayPal,Referral,Monthly,1,14.6,14,0,Active,228
C00753,2025-03-21,2025-09-23,Premium,United States,34,99,PayPal,Partner,Monthly,0,13.87,10,1,Churned,1188
C00754,2025-08-01,2025-10-07,Basic,Canada,33,19,Debit Card,Email,Monthly,3,21.74,12,1,Churned,228
C00755,2025-09-29,,Standard,United States,52,49,Debit Card,Partner,Monthly,1,5.6,3,0,Active,588
C00756,2025-02-14,,Standard,Canada,47,49,UPI,Social Media,Monthly,2,8.39,20,0,Active,588
C00757,2024-10-31,2025-10-20,Basic,Canada,55,19,PayPal,Referral,Monthly,4,12.31,1,1,Churned,228
C00758,2024-10-18,,Basic,India,21,19,UPI,Social Media,Monthly,0,19.57,19,0,Active,228
C00759,2024-10-24,,Basic,Australia,37,19,Debit Card,Social Media,Monthly,0,8.47,11,0,Active,228
C00760,2025-09-25,,Premium,India,30,99,UPI,Partner,Monthly,3,12.17,13,0,Active,1188
C00761,2025-11-02,,Basic,Germany,44,19,Credit Card,Email,Monthly,1,17.53,17,0,Active,228
C00762,2025-01-16,,Basic,United States,24,19,UPI,Organic Search,Monthly,1,5.65,30,0,Active,228
C00763,2026-02-03,,Premium,Australia,40,99,Credit Card,Organic Search,Monthly,1,16.55,1,0,Active,1188
C00764,2024-12-09,2025-04-10,Premium,India,61,99,Debit Card,Social Media,Monthly,3,10.86,1,1,Churned,1188
C00765,2025-12-25,2025-12-31,Basic,Canada,30,19,UPI,Social Media,Monthly,0,12.45,15,1,Churned,228
C00766,2025-02-06,,Premium,Germany,44,99,Credit Card,Social Media,Monthly,1,12.79,25,0,Active,1188
C00767,2026-04-03,,Standard,United States,46,49,UPI,Referral,Annual,4,10.65,3,0,Active,588
C00768,2024-11-27,,Standard,United Kingdom,37,49,UPI,Email,Monthly,2,21.6,13,0,Active,588
C00769,2025-11-18,,Standard,Australia,48,49,Credit Card,Organic Search,Annual,3,17.24,14,0,Active,588
C00770,2026-01-07,,Standard,Australia,55,49,Debit Card,Referral,Monthly,3,9.15,13,0,Active,588
C00771,2025-03-07,2025-07-07,Basic,United States,61,19,PayPal,Paid Search,Monthly,5,11.88,6,1,Churned,228
C00772,2024-06-24,,Basic,India,45,19,PayPal,Organic Search,Monthly,2,7.23,20,0,Active,228
C00773,2024-10-15,2025-07-27,Basic,Canada,45,19,Debit Card,Paid Search,Annual,0,10.2,18,1,Churned,228
C00774,2024-05-06,,Standard,India,22,49,UPI,Referral,Annual,4,13.45,1,0,Active,588
C00775,2025-11-14,,Standard,United States,48,49,Debit Card,Partner,Monthly,2,16.36,18,0,Active,588
C00776,2025-10-22,,Basic,Australia,18,19,Debit Card,Paid Search,Annual,4,13.36,26,0,Active,228
C00777,2026-04-22,,Premium,United States,51,99,PayPal,Email,Monthly,2,12.52,24,0,Active,1188
C00778,2026-02-07,,Premium,United Kingdom,60,99,PayPal,Referral,Annual,2,18.39,1,0,Active,1188
C00779,2024-05-16,,Standard,India,51,49,PayPal,Email,Annual,4,11.26,5,0,Active,588
C00780,2024-05-25,,Standard,Canada,43,49,PayPal,Paid Search,Annual,1,26.9,13,0,Active,588
C00781,2025-07-12,2025-08-20,Standard,Germany,46,49,UPI,Paid Search,Annual,2,11.99,2,1,Churned,588
C00782,2025-12-20,2025-12-31,Standard,India,45,49,UPI,Email,Annual,4,5.27,25,1,Churned,588
C00783,2026-05-21,,Standard,India,61,49,Debit Card,Organic Search,Monthly,4,15.7,16,0,Active,588
C00784,2024-06-14,,Premium,Germany,50,99,Debit Card,Social Media,Monthly,1,16.25,21,0,Active,1188
C00785,2025-02-14,,Basic,United States,52,19,Debit Card,Referral,Annual,3,8.08,22,0,Active,228
C00786,2024-08-29,,Basic,Canada,61,19,PayPal,Referral,Monthly,1,14.76,7,0,Active,228
C00787,2026-06-09,,Basic,Canada,25,19,Credit Card,Partner,Monthly,0,20.46,30,0,Active,228
C00788,2025-05-16,,Basic,Germany,32,19,Debit Card,Email,Monthly,1,5.78,19,0,Active,228
C00789,2024-12-08,,Basic,Germany,45,19,UPI,Partner,Annual,1,10.0,14,0,Active,228
C00790,2024-07-15,2025-04-27,Standard,Canada,48,49,Credit Card,Social Media,Monthly,0,13.34,1,1,Churned,588
C00791,2026-03-13,2025-12-31,Premium,United Kingdom,39,99,PayPal,Partner,Monthly,2,17.34,2,1,Churned,1188
C00792,2024-03-06,,Standard,Australia,59,49,UPI,Email,Monthly,3,0.0,15,0,Active,588
C00793,2026-04-24,2025-12-31,Basic,Australia,36,19,PayPal,Partner,Monthly,4,10.75,11,1,Churned,228
C00794,2024-06-30,,Basic,United Kingdom,31,19,Debit Card,Social Media,Monthly,2,8.81,12,0,Active,228
C00795,2025-10-04,,Premium,Germany,55,99,Debit Card,Referral,Monthly,2,15.35,26,0,Active,1188
C00796,2024-07-14,,Basic,Australia,57,19,Debit Card,Email,Monthly,3,13.15,16,0,Active,228
C00797,2024-12-20,,Standard,India,49,49,Credit Card,Paid Search,Annual,0,11.06,34,0,Active,588
C00798,2024-03-10,,Basic,Australia,36,19,UPI,Social Media,Monthly,3,15.9,20,0,Active,228
C00799,2025-12-29,,Basic,Canada,46,19,UPI,Paid Search,Annual,1,10.62,8,0,Active,228
C00800,2024-09-10,,Basic,Australia,31,19,Credit Card,Email,Monthly,3,6.64,26,0,Active,228
C00801,2024-12-14,,Basic,Canada,47,19,Debit Card,Referral,Annual,0,9.92,6,0,Active,228
C00802,2024-03-11,,Standard,Australia,29,49,Credit Card,Paid Search,Annual,4,13.46,15,0,Active,588
C00803,2024-09-02,,Standard,Germany,23,49,Debit Card,Partner,Monthly,3,12.54,10,0,Active,588
C00804,2024-05-06,,Premium,Germany,60,99,Credit Card,Paid Search,Monthly,0,11.72,17,0,Active,1188
C00805,2024-08-21,,Basic,United States,23,19,UPI,Partner,Monthly,0,10.78,23,0,Active,228
C00806,2024-03-04,,Basic,Canada,52,19,Debit Card,Partner,Annual,3,8.48,1,0,Active,228
C00807,2026-02-19,,Basic,United States,24,19,Debit Card,Email,Annual,1,17.7,8,0,Active,228
C00808,2025-05-02,,Basic,United Kingdom,26,19,UPI,Paid Search,Annual,2,19.26,1,0,Active,228
C00809,2024-04-30,,Standard,India,47,49,Credit Card,Social Media,Monthly,3,15.85,22,0,Active,588
C00810,2025-08-09,,Standard,Canada,48,49,Debit Card,Referral,Annual,2,10.46,1,0,Active,588
C00811,2025-11-22,,Basic,Canada,38,19,Credit Card,Organic Search,Monthly,0,16.16,19,0,Active,228
C00812,2025-11-14,,Standard,India,37,49,Credit Card,Referral,Monthly,4,14.88,28,0,Active,588
C00813,2025-08-21,,Standard,United Kingdom,40,49,Debit Card,Referral,Annual,1,12.11,25,0,Active,588
C00814,2024-09-28,,Premium,Germany,24,99,PayPal,Email,Monthly,2,0.0,19,0,Active,1188
C00815,2025-03-16,,Standard,Germany,30,49,PayPal,Paid Search,Annual,2,11.35,36,0,Active,588
C00816,2024-03-13,,Standard,Canada,53,49,Debit Card,Paid Search,Annual,0,7.31,1,0,Active,588
C00817,2025-05-21,,Premium,Germany,63,99,UPI,Referral,Annual,3,12.17,1,0,Active,1188
C00818,2025-03-14,,Basic,India,51,19,Credit Card,Referral,Monthly,4,12.87,18,0,Active,228
C00819,2024-05-30,,Standard,Australia,52,49,Credit Card,Paid Search,Annual,2,10.08,14,0,Active,588
C00820,2026-03-24,,Basic,United States,41,19,PayPal,Email,Annual,0,11.16,21,0,Active,228
C00821,2025-04-26,,Standard,Canada,48,49,UPI,Paid Search,Monthly,4,16.64,21,0,Active,588
C00822,2026-01-06,,Basic,India,44,19,PayPal,Partner,Monthly,2,16.97,13,0,Active,228
C00823,2024-04-17,,Premium,Germany,30,99,UPI,Paid Search,Monthly,2,17.54,26,0,Active,1188
C00824,2024-05-17,2024-07-12,Basic,Canada,50,19,UPI,Paid Search,Monthly,2,12.07,20,1,Churned,228
C00825,2026-04-14,,Standard,United Kingdom,57,49,UPI,Partner,Monthly,3,5.58,14,0,Active,588
C00826,2025-08-07,,Basic,United States,64,19,Credit Card,Organic Search,Monthly,5,10.71,17,0,Active,228
C00827,2024-11-10,,Basic,Australia,53,19,UPI,Partner,Annual,0,7.73,8,0,Active,228
C00828,2025-01-18,,Basic,United Kingdom,25,19,Credit Card,Referral,Monthly,0,17.95,25,0,Active,228
C00829,2024-03-18,,Standard,United Kingdom,30,49,Credit Card,Organic Search,Annual,1,15.6,33,0,Active,588
C00830,2024-06-25,,Premium,Canada,31,99,PayPal,Partner,Annual,6,10.38,14,0,Active,1188
C00831,2024-04-30,,Basic,United Kingdom,36,19,Debit Card,Partner,Monthly,2,16.52,12,0,Active,228
C00832,2024-10-06,2025-04-29,Basic,India,42,19,Debit Card,Referral,Monthly,0,9.71,18,1,Churned,228
C00833,2024-12-17,,Standard,Canada,44,49,Credit Card,Social Media,Monthly,4,5.06,12,0,Active,588
C00834,2026-03-31,2025-12-31,Basic,Canada,40,19,UPI,Social Media,Monthly,3,16.14,7,1,Churned,228
C00835,2026-05-10,,Basic,United States,32,19,PayPal,Organic Search,Monthly,1,6.96,3,0,Active,228
C00836,2026-04-20,,Standard,Germany,54,49,PayPal,Organic Search,Annual,3,14.18,19,0,Active,588
C00837,2026-01-19,,Premium,India,53,99,Credit Card,Partner,Monthly,4,21.68,8,0,Active,1188
C00838,2025-11-02,,Standard,Germany,55,49,UPI,Social Media,Monthly,4,16.26,5,0,Active,588
C00839,2025-04-14,,Basic,United Kingdom,21,19,PayPal,Email,Monthly,2,9.49,26,0,Active,228
C00840,2024-10-10,2025-11-30,Standard,United Kingdom,35,49,UPI,Partner,Monthly,2,8.91,3,1,Churned,588
C00841,2025-12-12,,Premium,India,60,99,UPI,Email,Monthly,1,20.34,22,0,Active,1188
C00842,2024-12-19,2025-04-27,Basic,Australia,42,19,Credit Card,Referral,Monthly,2,18.69,1,1,Churned,228
C00843,2025-05-08,,Basic,India,43,19,PayPal,Email,Annual,2,18.41,15,0,Active,228
C00844,2025-05-08,,Basic,Canada,36,19,Debit Card,Paid Search,Annual,2,11.45,13,0,Active,228
C00845,2026-02-02,,Standard,Germany,44,49,Debit Card,Email,Monthly,2,17.26,15,0,Active,588
C00846,2025-07-30,2025-12-07,Premium,United Kingdom,62,99,Debit Card,Paid Search,Monthly,1,4.99,23,1,Churned,1188
C00847,2025-05-19,,Standard,Germany,21,49,PayPal,Referral,Monthly,2,4.88,10,0,Active,588
C00848,2025-11-29,,Standard,Australia,40,49,Debit Card,Social Media,Monthly,1,8.14,14,0,Active,588
C00849,2024-03-06,,Standard,Germany,55,49,Debit Card,Email,Monthly,3,8.6,15,0,Active,588
C00850,2026-05-31,2025-12-31,Basic,Canada,56,19,UPI,Organic Search,Monthly,2,10.77,12,1,Churned,228
C00851,2025-02-13,2025-03-27,Standard,Germany,51,49,UPI,Partner,Monthly,0,6.1,3,1,Churned,588
C00852,2024-10-19,,Basic,Germany,39,19,PayPal,Referral,Monthly,4,8.83,34,0,Active,228
C00853,2025-04-09,,Basic,United States,21,19,Credit Card,Organic Search,Annual,2,8.95,18,0,Active,228
C00854,2025-01-13,2025-11-03,Basic,Canada,55,19,UPI,Email,Annual,3,23.35,15,1,Churned,228
C00855,2024-05-31,,Basic,Australia,62,19,Debit Card,Social Media,Monthly,3,20.63,16,0,Active,228
C00856,2025-12-08,,Standard,Canada,34,49,Credit Card,Partner,Monthly,2,20.72,39,0,Active,588
C00857,2026-05-29,,Basic,India,34,19,Credit Card,Referral,Monthly,1,11.68,1,0,Active,228
C00858,2025-04-23,,Premium,United Kingdom,43,99,PayPal,Email,Annual,2,11.07,20,0,Active,1188
C00859,2026-06-13,,Premium,India,28,99,Credit Card,Partner,Annual,1,5.57,1,0,Active,1188
C00860,2025-06-08,2025-07-26,Standard,United States,22,49,UPI,Partner,Monthly,0,18.95,28,1,Churned,588
C00861,2024-10-07,,Premium,United States,37,99,Debit Card,Paid Search,Monthly,1,13.71,34,0,Active,1188
C00862,2025-07-28,,Basic,Canada,43,19,Credit Card,Paid Search,Annual,2,4.34,3,0,Active,228
C00863,2026-06-03,,Standard,India,47,49,Debit Card,Referral,Monthly,1,9.44,19,0,Active,588
C00864,2025-11-05,,Basic,Germany,41,19,PayPal,Email,Monthly,2,11.79,1,0,Active,228
C00865,2025-06-30,2025-11-24,Basic,United Kingdom,30,19,PayPal,Organic Search,Monthly,0,17.95,21,1,Churned,228
C00866,2026-05-23,,Premium,United Kingdom,56,99,Debit Card,Organic Search,Monthly,4,3.78,9,0,Active,1188
C00867,2025-11-02,2025-12-02,Standard,India,30,49,Credit Card,Referral,Monthly,1,14.38,23,1,Churned,588
C00868,2024-03-28,2025-06-26,Basic,Australia,40,19,Debit Card,Referral,Annual,1,13.18,1,1,Churned,228
C00869,2026-06-14,2025-12-31,Basic,Canada,40,19,Debit Card,Paid Search,Monthly,2,7.99,9,1,Churned,228
C00870,2025-08-27,2025-11-03,Basic,United States,32,19,Credit Card,Paid Search,Monthly,3,17.36,6,1,Churned,228
C00871,2024-05-04,,Basic,United Kingdom,50,19,PayPal,Partner,Annual,2,19.18,1,0,Active,228
C00872,2026-01-20,,Premium,Germany,44,99,UPI,Social Media,Monthly,0,16.73,9,0,Active,1188
C00873,2024-03-03,,Standard,United States,43,49,Debit Card,Partner,Monthly,1,5.6,26,0,Active,588
C00874,2024-12-13,,Standard,United States,20,49,UPI,Social Media,Annual,3,9.14,26,0,Active,588
C00875,2025-03-26,,Basic,Germany,29,19,Credit Card,Partner,Monthly,2,11.46,1,0,Active,228
C00876,2025-07-17,,Standard,Australia,53,49,UPI,Social Media,Monthly,0,19.6,16,0,Active,588
C00877,2026-04-19,,Basic,Australia,41,19,PayPal,Organic Search,Monthly,1,9.61,23,0,Active,228
C00878,2024-07-10,,Premium,United Kingdom,35,99,PayPal,Referral,Monthly,1,6.34,23,0,Active,1188
C00879,2025-12-09,,Standard,Germany,31,49,UPI,Email,Annual,3,14.71,16,0,Active,588
C00880,2025-03-12,,Basic,India,29,19,UPI,Organic Search,Annual,1,7.91,23,0,Active,228
C00881,2025-12-24,,Standard,India,60,49,Debit Card,Organic Search,Monthly,2,11.56,10,0,Active,588
C00882,2024-02-27,,Basic,Australia,61,19,Credit Card,Paid Search,Monthly,0,18.22,28,0,Active,228
C00883,2025-01-13,,Basic,India,34,19,Credit Card,Organic Search,Annual,0,21.24,13,0,Active,228
C00884,2025-09-08,,Premium,Canada,22,99,UPI,Referral,Annual,1,15.21,33,0,Active,1188
C00885,2025-09-20,,Standard,United States,30,49,PayPal,Paid Search,Monthly,4,7.22,38,0,Active,588
C00886,2026-05-13,,Basic,Canada,32,19,PayPal,Email,Annual,1,11.39,29,0,Active,228
C00887,2025-10-18,2025-12-07,Standard,India,19,49,PayPal,Social Media,Monthly,0,14.09,10,1,Churned,588
C00888,2026-04-23,,Basic,United Kingdom,32,19,Debit Card,Partner,Monthly,0,17.53,12,0,Active,228
C00889,2024-06-24,,Basic,United Kingdom,45,19,UPI,Organic Search,Annual,3,2.45,21,0,Active,228
C00890,2025-07-01,2025-11-10,Basic,Australia,50,19,PayPal,Organic Search,Monthly,0,5.3,11,1,Churned,228
C00891,2025-05-14,,Premium,United Kingdom,45,99,Debit Card,Paid Search,Annual,1,0.0,13,0,Active,1188
C00892,2025-04-04,2025-10-26,Standard,United States,47,49,Credit Card,Paid Search,Monthly,0,15.61,18,1,Churned,588
C00893,2025-01-16,,Premium,Australia,29,99,Debit Card,Paid Search,Annual,3,14.06,21,0,Active,1188
C00894,2025-07-12,,Basic,Germany,29,19,Credit Card,Paid Search,Annual,1,15.21,12,0,Active,228
C00895,2024-05-15,,Basic,United Kingdom,47,19,Credit Card,Paid Search,Annual,1,3.6,10,0,Active,228
C00896,2024-05-02,,Premium,India,44,99,UPI,Social Media,Monthly,3,18.45,9,0,Active,1188
C00897,2025-05-30,,Standard,Australia,31,49,Credit Card,Social Media,Monthly,2,5.97,6,0,Active,588
C00898,2025-08-07,,Standard,United States,64,49,Debit Card,Paid Search,Monthly,2,16.31,21,0,Active,588
C00899,2026-03-21,,Standard,United Kingdom,62,49,Debit Card,Organic Search,Annual,0,18.7,7,0,Active,588
C00900,2024-11-05,2025-12-25,Standard,United States,63,49,Credit Card,Paid Search,Monthly,4,19.88,1,1,Churned,588
C00901,2025-04-20,2025-11-11,Basic,Canada,56,19,PayPal,Partner,Annual,1,6.08,26,1,Churned,228
C00902,2024-12-29,2025-10-27,Basic,United Kingdom,47,19,Credit Card,Paid Search,Monthly,4,4.56,3,1,Churned,228
C00903,2024-05-05,,Basic,Germany,44,19,UPI,Referral,Annual,6,10.31,15,0,Active,228
C00904,2026-06-11,,Basic,Germany,38,19,Debit Card,Partner,Monthly,2,14.94,1,0,Active,228
C00905,2026-04-13,,Basic,India,44,19,PayPal,Paid Search,Annual,2,7.47,16,0,Active,228
C00906,2025-01-30,,Premium,Canada,18,99,UPI,Partner,Monthly,2,11.13,28,0,Active,1188
C00907,2025-03-07,,Premium,Australia,37,99,PayPal,Social Media,Monthly,2,4.78,19,0,Active,1188
C00908,2024-03-24,,Basic,Australia,33,19,Debit Card,Social Media,Annual,4,10.65,1,0,Active,228
C00909,2025-02-02,,Basic,India,19,19,Debit Card,Organic Search,Monthly,2,8.95,16,0,Active,228
C00910,2025-09-18,,Basic,Canada,49,19,PayPal,Social Media,Annual,3,12.92,15,0,Active,228
C00911,2026-06-02,,Basic,Germany,37,19,Debit Card,Social Media,Monthly,3,12.32,12,0,Active,228
C00912,2024-02-24,2025-07-13,Basic,India,35,19,PayPal,Partner,Annual,0,14.3,12,1,Churned,228
C00913,2024-03-27,,Standard,Australia,19,49,Debit Card,Partner,Monthly,1,6.86,13,0,Active,588
C00914,2025-08-05,,Standard,India,47,49,PayPal,Social Media,Monthly,1,8.83,13,0,Active,588
C00915,2024-11-09,,Premium,United States,44,99,PayPal,Organic Search,Annual,1,0.0,1,0,Active,1188
C00916,2025-07-01,,Standard,Canada,33,49,UPI,Organic Search,Monthly,4,7.39,31,0,Active,588
C00917,2025-10-08,,Basic,Germany,42,19,Debit Card,Referral,Monthly,4,3.02,1,0,Active,228
C00918,2025-09-10,,Basic,United States,61,19,Credit Card,Partner,Monthly,2,13.71,5,0,Active,228
C00919,2025-05-03,,Basic,Canada,25,19,PayPal,Email,Annual,2,5.53,15,0,Active,228
C00920,2025-08-07,,Basic,United States,22,19,PayPal,Organic Search,Annual,4,5.64,15,0,Active,228
C00921,2026-01-05,,Standard,United States,20,49,Credit Card,Email,Monthly,3,12.45,1,0,Active,588
C00922,2026-02-05,,Basic,United Kingdom,64,19,UPI,Referral,Annual,3,4.71,17,0,Active,228
C00923,2025-07-06,,Standard,Canada,36,49,Debit Card,Organic Search,Annual,2,6.75,23,0,Active,588
C00924,2026-05-31,,Basic,United States,51,19,PayPal,Organic Search,Monthly,2,17.77,26,0,Active,228
C00925,2025-04-05,,Standard,India,28,49,Debit Card,Social Media,Monthly,1,1.16,5,0,Active,588
C00926,2025-01-08,,Basic,Australia,22,19,Credit Card,Referral,Monthly,0,18.36,19,0,Active,228
C00927,2025-02-24,,Standard,United States,32,49,UPI,Organic Search,Annual,2,12.59,18,0,Active,588
C00928,2024-04-28,2025-01-29,Basic,Germany,28,19,Credit Card,Social Media,Monthly,2,10.99,16,1,Churned,228
C00929,2024-05-09,,Premium,United States,31,99,Credit Card,Paid Search,Monthly,2,15.01,13,0,Active,1188
C00930,2025-06-21,,Basic,Canada,50,19,UPI,Email,Monthly,1,8.85,7,0,Active,228
C00931,2024-05-05,,Basic,India,32,19,PayPal,Email,Monthly,1,8.42,24,0,Active,228
C00932,2024-03-15,2025-08-23,Basic,United States,47,19,Credit Card,Partner,Monthly,3,25.4,10,1,Churned,228
C00933,2026-03-18,,Standard,United Kingdom,31,49,PayPal,Organic Search,Monthly,2,16.38,18,0,Active,588
C00934,2025-05-29,,Premium,United Kingdom,57,99,Credit Card,Organic Search,Monthly,1,10.68,17,0,Active,1188
C00935,2024-03-18,,Premium,Germany,58,99,UPI,Social Media,Annual,1,14.79,21,0,Active,1188
C00936,2025-02-16,,Standard,United States,39,49,Credit Card,Referral,Annual,0,22.49,20,0,Active,588
C00937,2026-05-16,,Standard,Canada,51,49,Debit Card,Referral,Monthly,2,8.19,10,0,Active,588
C00938,2025-11-27,,Basic,United States,28,19,UPI,Paid Search,Monthly,1,15.11,21,0,Active,228
C00939,2024-12-09,,Basic,Canada,21,19,PayPal,Social Media,Annual,0,19.43,1,0,Active,228
C00940,2025-02-22,2025-04-30,Basic,Germany,52,19,PayPal,Paid Search,Monthly,3,15.19,11,1,Churned,228
C00941,2025-05-29,,Premium,Germany,28,99,Credit Card,Paid Search,Monthly,2,4.47,26,0,Active,1188
C00942,2025-01-05,2025-02-28,Basic,Germany,44,19,UPI,Referral,Monthly,0,4.19,22,1,Churned,228
C00943,2025-06-29,,Premium,United States,47,99,Debit Card,Paid Search,Monthly,1,5.88,1,0,Active,1188
C00944,2024-06-02,,Basic,Germany,20,19,UPI,Organic Search,Monthly,4,16.38,14,0,Active,228
C00945,2026-02-15,,Basic,United Kingdom,44,19,PayPal,Social Media,Annual,1,12.95,7,0,Active,228
C00946,2025-07-07,,Basic,United States,29,19,Debit Card,Email,Monthly,0,9.34,11,0,Active,228
C00947,2025-08-20,,Standard,United States,51,49,Credit Card,Partner,Monthly,0,17.14,8,0,Active,588
C00948,2024-09-26,,Basic,India,63,19,UPI,Email,Annual,0,2.43,21,0,Active,228
C00949,2024-10-09,,Basic,India,18,19,Credit Card,Organic Search,Monthly,4,19.27,10,0,Active,228
C00950,2026-06-08,,Standard,Canada,44,49,Credit Card,Partner,Monthly,2,4.88,34,0,Active,588
C00951,2025-09-08,,Basic,United Kingdom,35,19,Credit Card,Email,Annual,0,9.39,5,0,Active,228
C00952,2024-09-14,,Basic,Australia,40,19,Credit Card,Partner,Monthly,2,9.01,17,0,Active,228
C00953,2025-07-16,,Basic,Germany,51,19,Credit Card,Social Media,Monthly,0,12.68,15,0,Active,228
C00954,2024-07-24,,Standard,Australia,39,49,PayPal,Paid Search,Monthly,1,10.11,1,0,Active,588
C00955,2024-11-14,2025-02-03,Standard,Canada,23,49,PayPal,Organic Search,Monthly,2,12.37,15,1,Churned,588
C00956,2025-04-28,,Basic,Germany,21,19,UPI,Email,Monthly,4,5.05,13,0,Active,228
C00957,2026-04-01,,Basic,Germany,18,19,Credit Card,Paid Search,Monthly,6,6.17,1,0,Active,228
C00958,2026-05-30,,Standard,Canada,53,49,PayPal,Paid Search,Monthly,4,12.46,27,0,Active,588
C00959,2025-10-29,,Basic,United States,63,19,UPI,Email,Monthly,5,9.54,1,0,Active,228
C00960,2024-09-06,,Basic,United States,45,19,Debit Card,Paid Search,Monthly,3,15.41,11,0,Active,228
C00961,2025-09-15,,Standard,Canada,32,49,Debit Card,Paid Search,Annual,4,5.65,22,0,Active,588
C00962,2025-06-27,,Basic,Germany,40,19,UPI,Organic Search,Monthly,1,14.24,18,0,Active,228
C00963,2024-04-20,,Standard,Germany,42,49,Credit Card,Referral,Monthly,1,5.3,9,0,Active,588
C00964,2025-06-22,,Premium,Canada,59,99,Debit Card,Paid Search,Monthly,1,11.12,14,0,Active,1188
C00965,2025-10-04,,Basic,United Kingdom,56,19,Debit Card,Paid Search,Annual,3,10.74,18,0,Active,228
C00966,2026-05-02,,Basic,India,53,19,PayPal,Paid Search,Monthly,3,8.25,1,0,Active,228
C00967,2024-03-05,,Basic,Canada,24,19,Credit Card,Email,Monthly,4,0.0,13,0,Active,228
C00968,2024-08-27,,Standard,India,59,49,PayPal,Email,Monthly,2,16.46,5,0,Active,588
C00969,2024-10-01,,Basic,Canada,46,19,PayPal,Organic Search,Annual,2,7.76,6,0,Active,228
C00970,2026-05-05,,Standard,Australia,23,49,Debit Card,Paid Search,Monthly,2,17.24,6,0,Active,588
C00971,2024-12-23,2025-08-12,Standard,United States,63,49,UPI,Paid Search,Monthly,1,7.36,27,1,Churned,588
C00972,2026-02-28,,Standard,Australia,22,49,PayPal,Referral,Monthly,2,16.95,28,0,Active,588
C00973,2025-12-28,,Basic,United Kingdom,27,19,UPI,Paid Search,Monthly,2,6.47,1,0,Active,228
C00974,2025-11-03,,Basic,Australia,39,19,UPI,Referral,Monthly,3,7.5,12,0,Active,228
C00975,2024-06-01,,Premium,United States,55,99,Credit Card,Social Media,Monthly,0,19.04,17,0,Active,1188
C00976,2025-03-12,,Basic,Germany,23,19,Credit Card,Social Media,Monthly,3,13.96,6,0,Active,228
C00977,2025-05-30,,Standard,Germany,48,49,Debit Card,Email,Monthly,2,8.4,19,0,Active,588
C00978,2025-12-26,,Premium,Germany,51,99,PayPal,Organic Search,Monthly,2,14.87,3,0,Active,1188
C00979,2024-03-12,,Premium,United States,35,99,PayPal,Organic Search,Annual,3,20.74,1,0,Active,1188
C00980,2024-11-29,,Basic,Canada,41,19,UPI,Social Media,Annual,2,14.69,5,0,Active,228
C00981,2024-12-17,,Premium,Canada,50,99,Credit Card,Organic Search,Monthly,5,7.8,10,0,Active,1188
C00982,2024-04-02,,Standard,Australia,54,49,Credit Card,Referral,Monthly,2,15.35,37,0,Active,588
C00983,2024-11-02,,Basic,Canada,61,19,Debit Card,Paid Search,Monthly,0,8.05,21,0,Active,228
C00984,2025-12-18,,Premium,United States,50,99,Debit Card,Referral,Annual,1,10.22,29,0,Active,1188
C00985,2024-06-05,,Basic,Australia,23,19,PayPal,Paid Search,Monthly,1,15.59,12,0,Active,228
C00986,2024-11-09,,Premium,Canada,45,99,PayPal,Organic Search,Monthly,3,14.42,24,0,Active,1188
C00987,2026-04-18,,Basic,Australia,37,19,Debit Card,Referral,Annual,1,6.56,20,0,Active,228
C00988,2025-02-13,,Basic,Germany,60,19,UPI,Organic Search,Monthly,4,15.98,31,0,Active,228
C00989,2024-02-20,,Premium,Australia,47,99,UPI,Social Media,Monthly,2,7.38,20,0,Active,1188
C00990,2025-02-05,,Standard,United Kingdom,32,49,Credit Card,Referral,Annual,3,6.37,16,0,Active,588
C00991,2024-05-28,,Premium,Germany,20,99,Debit Card,Organic Search,Monthly,4,12.54,14,0,Active,1188
C00992,2025-03-28,,Basic,United States,40,19,UPI,Social Media,Annual,2,18.36,13,0,Active,228
C00993,2025-03-01,,Basic,India,56,19,UPI,Email,Monthly,0,15.88,1,0,Active,228
C00994,2026-01-18,,Standard,Canada,44,49,Debit Card,Referral,Annual,0,11.7,21,0,Active,588
C00995,2026-05-07,,Basic,Australia,18,19,Debit Card,Organic Search,Monthly,4,16.81,23,0,Active,228
C00996,2025-05-09,,Basic,Germany,39,19,UPI,Email,Monthly,0,6.97,7,0,Active,228
C00997,2025-04-23,,Standard,Australia,21,49,PayPal,Referral,Annual,1,20.22,18,0,Active,588
C00998,2025-07-01,,Basic,Canada,52,19,Credit Card,Partner,Monthly,3,15.72,25,0,Active,228
C00999,2026-03-08,2025-12-31,Standard,Canada,31,49,Debit Card,Referral,Monthly,1,13.23,14,1,Churned,588
C01000,2026-01-26,2025-12-31,Basic,Australia,20,19,UPI,Referral,Monthly,4,14.13,10,1,Churned,228
C01001,2025-01-04,,Basic,Australia,54,19,PayPal,Social Media,Annual,1,13.49,23,0,Active,228
C01002,2025-07-16,,Standard,Canada,31,49,Debit Card,Organic Search,Annual,2,9.53,6,0,Active,588
C01003,2025-12-30,,Premium,United States,40,99,Debit Card,Partner,Annual,1,10.18,35,0,Active,1188
C01004,2024-02-19,,Basic,Germany,48,19,UPI,Organic Search,Monthly,2,13.75,13,0,Active,228
C01005,2024-12-07,,Basic,Australia,21,19,Credit Card,Social Media,Monthly,3,7.67,14,0,Active,228
C01006,2025-09-11,,Premium,Canada,27,99,Debit Card,Paid Search,Monthly,1,9.4,5,0,Active,1188
C01007,2026-04-18,2025-12-31,Basic,Canada,56,19,Debit Card,Paid Search,Monthly,0,5.85,24,1,Churned,228
C01008,2024-08-20,,Standard,United States,61,49,UPI,Social Media,Monthly,2,15.53,14,0,Active,588
C01009,2025-08-07,2025-10-06,Basic,Australia,22,19,Debit Card,Organic Search,Annual,1,9.43,23,1,Churned,228
C01010,2026-05-25,,Basic,Australia,57,19,Debit Card,Referral,Monthly,3,13.48,16,0,Active,228
C01011,2025-09-06,,Basic,United States,44,19,Credit Card,Organic Search,Monthly,1,17.29,15,0,Active,228
C01012,2025-11-07,,Standard,United Kingdom,23,49,UPI,Partner,Annual,1,11.28,30,0,Active,588
C01013,2025-12-02,,Basic,Germany,63,19,Debit Card,Partner,Monthly,4,16.13,12,0,Active,228
C01014,2025-05-24,,Basic,United Kingdom,25,19,Credit Card,Referral,Monthly,3,11.42,17,0,Active,228
C01015,2024-07-11,,Basic,United States,33,19,PayPal,Referral,Monthly,3,8.31,1,0,Active,228
C01016,2025-04-27,,Standard,Germany,38,49,Debit Card,Email,Annual,0,6.56,13,0,Active,588
C01017,2025-01-15,,Standard,India,19,49,PayPal,Partner,Monthly,0,10.17,16,0,Active,588
C01018,2024-05-18,2024-07-21,Basic,Australia,33,19,PayPal,Paid Search,Monthly,2,12.66,20,1,Churned,228
C01019,2025-03-09,,Standard,Australia,54,49,Credit Card,Organic Search,Annual,1,16.39,3,0,Active,588
C01020,2025-06-01,,Premium,India,34,99,PayPal,Paid Search,Monthly,5,11.85,29,0,Active,1188
C01021,2026-05-09,,Basic,Canada,47,19,Credit Card,Email,Monthly,2,13.57,10,0,Active,228
C01022,2024-10-31,,Premium,Germany,59,99,Debit Card,Social Media,Annual,2,15.68,8,0,Active,1188
C01023,2026-06-10,,Basic,Canada,37,19,Credit Card,Partner,Annual,1,19.62,10,0,Active,228
C01024,2025-01-18,2025-07-25,Standard,United Kingdom,18,49,PayPal,Email,Monthly,3,11.87,17,1,Churned,588
C01025,2025-12-31,2025-12-31,Standard,United States,20,49,UPI,Social Media,Monthly,3,13.91,25,1,Churned,588
C01026,2025-03-15,,Standard,India,24,49,Credit Card,Social Media,Monthly,0,14.65,24,0,Active,588
C01027,2026-03-08,,Basic,United Kingdom,24,19,Credit Card,Referral,Monthly,2,21.18,9,0,Active,228
C01028,2025-11-06,,Basic,India,21,19,UPI,Social Media,Monthly,2,12.53,18,0,Active,228
C01029,2025-03-21,,Premium,United States,37,99,Debit Card,Email,Monthly,3,8.63,31,0,Active,1188
C01030,2026-06-06,2025-12-31,Standard,Australia,46,49,Debit Card,Organic Search,Monthly,0,3.28,8,1,Churned,588
C01031,2025-06-14,,Premium,India,56,99,PayPal,Organic Search,Monthly,3,10.46,25,0,Active,1188
C01032,2026-01-18,,Premium,Canada,58,99,UPI,Social Media,Annual,3,4.01,29,0,Active,1188
C01033,2025-05-21,,Standard,United Kingdom,48,49,PayPal,Referral,Monthly,6,13.39,14,0,Active,588
C01034,2026-04-30,2025-12-31,Standard,United States,31,49,Debit Card,Email,Monthly,2,9.72,5,1,Churned,588
C01035,2025-07-20,,Basic,United Kingdom,19,19,Debit Card,Partner,Monthly,1,14.79,20,0,Active,228
C01036,2026-05-27,,Premium,United States,53,99,UPI,Email,Monthly,2,14.39,1,0,Active,1188
C01037,2024-06-16,,Premium,India,61,99,Debit Card,Social Media,Monthly,1,18.6,1,0,Active,1188
C01038,2025-07-19,,Standard,United States,42,49,PayPal,Paid Search,Monthly,2,20.6,20,0,Active,588
C01039,2025-01-26,2025-06-21,Premium,Canada,31,99,PayPal,Organic Search,Monthly,2,7.93,11,1,Churned,1188
C01040,2025-06-23,,Basic,Germany,21,19,UPI,Email,Monthly,2,20.9,16,0,Active,228
C01041,2025-09-04,2025-11-24,Basic,Canada,20,19,Debit Card,Referral,Monthly,2,11.82,13,1,Churned,228
C01042,2026-02-11,2025-12-31,Standard,United States,64,49,UPI,Social Media,Monthly,3,18.84,14,1,Churned,588
C01043,2026-05-17,,Standard,United Kingdom,35,49,Debit Card,Organic Search,Annual,1,10.17,13,0,Active,588
C01044,2025-08-28,,Standard,Canada,44,49,Credit Card,Email,Annual,0,12.99,16,0,Active,588
C01045,2024-12-24,2025-05-20,Premium,Germany,42,99,PayPal,Referral,Monthly,0,3.45,18,1,Churned,1188
C01046,2024-09-26,,Basic,United States,56,19,Debit Card,Email,Monthly,2,10.01,12,0,Active,228
C01047,2026-04-25,,Basic,Germany,18,19,Debit Card,Email,Annual,2,12.1,28,0,Active,228
C01048,2026-03-30,,Premium,Germany,41,99,Debit Card,Paid Search,Monthly,3,14.69,16,0,Active,1188
C01049,2024-04-28,2025-04-06,Premium,Australia,58,99,UPI,Social Media,Annual,3,14.55,24,1,Churned,1188
C01050,2025-10-11,2025-11-27,Basic,India,30,19,Credit Card,Referral,Monthly,1,12.99,5,1,Churned,228
C01051,2024-03-11,,Basic,Australia,19,19,Debit Card,Paid Search,Monthly,2,10.15,17,0,Active,228
C01052,2025-11-29,2025-12-29,Basic,United States,54,19,PayPal,Email,Annual,1,15.91,14,1,Churned,228
C01053,2026-05-24,,Premium,Germany,38,99,PayPal,Referral,Monthly,1,14.4,16,0,Active,1188
C01054,2025-03-12,,Premium,India,51,99,Debit Card,Social Media,Monthly,2,7.54,18,0,Active,1188
C01055,2025-02-01,,Standard,Australia,21,49,PayPal,Paid Search,Annual,0,14.48,10,0,Active,588
C01056,2024-12-31,,Standard,India,23,49,UPI,Paid Search,Monthly,4,19.72,12,0,Active,588
C01057,2025-12-25,,Standard,Germany,36,49,PayPal,Organic Search,Monthly,1,13.7,21,0,Active,588
C01058,2025-11-04,2025-12-04,Basic,Canada,18,19,Credit Card,Organic Search,Monthly,4,4.17,19,1,Churned,228
C01059,2026-04-11,2025-12-31,Basic,United Kingdom,34,19,Debit Card,Social Media,Annual,3,10.14,4,1,Churned,228
C01060,2024-09-01,,Basic,Australia,26,19,Credit Card,Social Media,Annual,0,16.57,23,0,Active,228
C01061,2026-05-09,,Standard,Germany,61,49,Credit Card,Email,Annual,4,8.42,24,0,Active,588
C01062,2025-08-26,,Basic,Germany,41,19,Credit Card,Social Media,Monthly,1,17.18,6,0,Active,228
C01063,2025-12-05,,Basic,Canada,25,19,UPI,Paid Search,Monthly,2,21.54,1,0,Active,228
C01064,2024-12-17,,Premium,Australia,30,99,Credit Card,Paid Search,Monthly,3,14.96,18,0,Active,1188
C01065,2025-02-22,,Standard,Germany,35,49,Credit Card,Organic Search,Monthly,2,18.67,1,0,Active,588
C01066,2024-04-08,,Basic,Germany,47,19,Credit Card,Email,Annual,0,1.19,19,0,Active,228
C01067,2025-01-20,2025-03-22,Standard,India,18,49,Credit Card,Paid Search,Annual,6,0.0,1,1,Churned,588
C01068,2025-07-31,,Basic,Canada,18,19,Credit Card,Organic Search,Monthly,1,6.83,14,0,Active,228
C01069,2026-02-08,,Premium,India,50,99,PayPal,Social Media,Monthly,2,10.79,1,0,Active,1188
C01070,2026-06-14,,Standard,United Kingdom,45,49,UPI,Paid Search,Monthly,1,14.53,13,0,Active,588
C01071,2026-05-29,,Premium,Canada,39,99,UPI,Email,Monthly,4,4.31,19,0,Active,1188
C01072,2024-08-23,,Standard,Germany,40,49,Credit Card,Organic Search,Monthly,2,13.4,25,0,Active,588
C01073,2026-02-28,,Standard,India,34,49,PayPal,Email,Monthly,2,7.53,14,0,Active,588
C01074,2024-03-06,,Basic,India,37,19,UPI,Organic Search,Monthly,3,12.54,12,0,Active,228
C01075,2025-06-03,,Premium,Canada,22,99,Debit Card,Social Media,Annual,0,11.63,14,0,Active,1188
C01076,2024-12-15,,Standard,United Kingdom,38,49,PayPal,Social Media,Annual,2,7.06,1,0,Active,588
C01077,2024-12-16,2025-06-20,Standard,United Kingdom,34,49,PayPal,Paid Search,Monthly,2,12.84,5,1,Churned,588
C01078,2024-04-02,,Basic,Australia,45,19,UPI,Partner,Annual,0,14.52,23,0,Active,228
C01079,2024-09-01,,Basic,Germany,56,19,Debit Card,Partner,Monthly,3,12.29,24,0,Active,228
C01080,2024-08-04,,Standard,Australia,60,49,Credit Card,Partner,Annual,2,14.05,12,0,Active,588
C01081,2024-04-13,,Premium,Germany,57,99,UPI,Paid Search,Monthly,2,11.63,12,0,Active,1188
C01082,2024-12-23,2025-02-27,Standard,United States,48,49,Credit Card,Partner,Monthly,2,12.94,26,1,Churned,588
C01083,2025-03-10,,Basic,United States,49,19,Credit Card,Referral,Monthly,0,13.05,14,0,Active,228
C01084,2026-03-19,2025-12-31,Premium,Australia,64,99,PayPal,Paid Search,Monthly,3,5.02,18,1,Churned,1188
C01085,2026-06-07,,Basic,United Kingdom,26,19,UPI,Referral,Monthly,4,4.46,10,0,Active,228
C01086,2024-09-01,,Standard,Canada,41,49,Debit Card,Paid Search,Monthly,0,18.68,36,0,Active,588
C01087,2025-11-18,,Basic,United States,52,19,Credit Card,Social Media,Monthly,2,9.18,11,0,Active,228
C01088,2024-03-06,2025-07-22,Premium,United States,36,99,Credit Card,Organic Search,Monthly,2,16.1,10,1,Churned,1188
C01089,2025-05-22,,Standard,India,38,49,Debit Card,Organic Search,Annual,4,9.72,30,0,Active,588
C01090,2025-08-21,2025-12-16,Premium,Canada,28,99,Debit Card,Email,Monthly,1,20.63,32,1,Churned,1188
C01091,2026-06-07,,Basic,Germany,51,19,Debit Card,Social Media,Monthly,3,14.32,27,0,Active,228
C01092,2024-07-15,,Basic,United States,27,19,PayPal,Paid Search,Annual,1,16.42,26,0,Active,228
C01093,2025-01-05,,Basic,Germany,44,19,PayPal,Organic Search,Monthly,5,14.29,27,0,Active,228
C01094,2024-05-26,,Basic,Germany,22,19,PayPal,Organic Search,Monthly,0,17.9,1,0,Active,228
C01095,2026-01-31,,Premium,United Kingdom,30,99,PayPal,Referral,Monthly,4,18.35,12,0,Active,1188
C01096,2024-06-18,,Premium,India,58,99,UPI,Email,Monthly,3,9.75,19,0,Active,1188
C01097,2026-04-22,,Basic,United States,60,19,PayPal,Organic Search,Monthly,7,14.06,38,0,Active,228
C01098,2025-09-06,,Premium,United States,63,99,Debit Card,Paid Search,Monthly,1,19.48,14,0,Active,1188
C01099,2025-04-16,,Standard,Canada,57,49,Credit Card,Organic Search,Monthly,1,11.31,1,0,Active,588
C01100,2026-04-16,2025-12-31,Premium,Germany,63,99,Debit Card,Email,Monthly,0,11.19,12,1,Churned,1188
C01101,2024-05-19,,Premium,India,20,99,Credit Card,Organic Search,Annual,3,18.52,16,0,Active,1188
C01102,2026-02-12,,Premium,Australia,32,99,Debit Card,Referral,Monthly,1,18.43,1,0,Active,1188
C01103,2025-10-26,,Basic,Germany,43,19,Debit Card,Organic Search,Annual,1,15.13,29,0,Active,228
C01104,2026-03-15,,Standard,United Kingdom,19,49,UPI,Referral,Monthly,3,2.59,1,0,Active,588
C01105,2024-04-27,,Premium,United States,59,99,UPI,Paid Search,Annual,2,6.38,3,0,Active,1188
C01106,2024-03-29,2025-03-02,Basic,Germany,61,19,Debit Card,Referral,Monthly,0,12.62,16,1,Churned,228
C01107,2026-03-09,,Premium,Germany,54,99,PayPal,Email,Monthly,0,11.67,19,0,Active,1188
C01108,2024-04-08,,Premium,United States,39,99,PayPal,Social Media,Monthly,2,16.54,20,0,Active,1188
C01109,2024-06-06,,Basic,United States,56,19,UPI,Email,Monthly,2,9.99,18,0,Active,228
C01110,2026-01-15,2025-12-31,Standard,India,29,49,Credit Card,Paid Search,Monthly,1,4.7,16,1,Churned,588
C01111,2026-01-30,,Premium,United States,58,99,PayPal,Paid Search,Annual,1,6.62,18,0,Active,1188
C01112,2024-03-31,,Premium,India,58,99,Credit Card,Referral,Monthly,1,12.99,18,0,Active,1188
C01113,2024-05-13,,Basic,United Kingdom,23,19,Credit Card,Email,Annual,3,15.27,7,0,Active,228
C01114,2024-05-26,,Standard,Canada,25,49,Credit Card,Paid Search,Annual,1,18.51,1,0,Active,588
C01115,2024-07-31,,Standard,Australia,31,49,Debit Card,Email,Monthly,2,13.57,2,0,Active,588
C01116,2025-11-30,2025-12-30,Standard,Australia,29,49,UPI,Social Media,Monthly,1,12.9,5,1,Churned,588
C01117,2025-10-02,,Standard,Australia,46,49,Credit Card,Email,Monthly,4,4.06,18,0,Active,588
C01118,2024-12-07,,Premium,Canada,57,99,PayPal,Paid Search,Monthly,0,5.95,15,0,Active,1188
C01119,2024-06-18,,Standard,India,43,49,PayPal,Organic Search,Annual,3,18.99,18,0,Active,588
C01120,2025-01-28,,Standard,Canada,50,49,UPI,Partner,Monthly,1,6.91,6,0,Active,588
C01121,2024-05-05,,Basic,United Kingdom,24,19,PayPal,Social Media,Monthly,2,6.47,28,0,Active,228
C01122,2024-02-23,,Basic,Germany,25,19,UPI,Paid Search,Monthly,0,9.82,14,0,Active,228
C01123,2025-11-12,,Standard,United States,52,49,Debit Card,Organic Search,Monthly,2,15.62,17,0,Active,588
C01124,2025-11-27,,Basic,India,31,19,PayPal,Social Media,Annual,3,11.12,1,0,Active,228
C01125,2025-03-26,,Basic,Germany,59,19,PayPal,Referral,Annual,3,11.81,17,0,Active,228
C01126,2024-11-12,,Standard,Germany,64,49,Debit Card,Referral,Annual,4,13.63,13,0,Active,588
C01127,2025-02-26,,Basic,United Kingdom,33,19,Debit Card,Email,Monthly,2,13.6,22,0,Active,228
C01128,2024-04-09,,Standard,Canada,49,49,Debit Card,Partner,Monthly,2,9.21,30,0,Active,588
C01129,2025-05-20,,Standard,Australia,37,49,UPI,Paid Search,Monthly,4,15.27,17,0,Active,588
C01130,2024-03-31,,Basic,Canada,47,19,Debit Card,Partner,Monthly,0,3.41,25,0,Active,228
C01131,2025-11-04,,Basic,United Kingdom,36,19,Debit Card,Email,Monthly,3,19.15,25,0,Active,228
C01132,2024-06-28,,Standard,Australia,60,49,Credit Card,Referral,Monthly,1,20.73,1,0,Active,588
C01133,2025-09-18,2025-11-26,Standard,United Kingdom,20,49,Debit Card,Social Media,Monthly,4,16.45,25,1,Churned,588
C01134,2026-02-01,,Premium,Germany,18,99,PayPal,Email,Monthly,3,6.65,7,0,Active,1188
C01135,2025-11-15,,Basic,India,22,19,Credit Card,Email,Annual,0,12.32,7,0,Active,228
C01136,2026-05-27,,Standard,Germany,27,49,UPI,Organic Search,Annual,5,6.14,11,0,Active,588
C01137,2025-07-10,,Basic,United States,49,19,PayPal,Organic Search,Monthly,5,19.81,7,0,Active,228
C01138,2025-12-21,,Premium,Australia,49,99,UPI,Email,Annual,2,14.46,1,0,Active,1188
C01139,2025-09-21,,Standard,India,54,49,PayPal,Partner,Monthly,1,9.58,9,0,Active,588
C01140,2025-08-23,,Basic,Australia,23,19,UPI,Organic Search,Annual,1,21.43,1,0,Active,228
C01141,2025-07-08,,Standard,Germany,26,49,Debit Card,Social Media,Monthly,2,3.48,14,0,Active,588
C01142,2024-11-20,,Standard,United States,35,49,UPI,Partner,Annual,0,4.78,32,0,Active,588
C01143,2024-06-22,,Basic,United States,32,19,UPI,Email,Monthly,0,16.34,24,0,Active,228
C01144,2025-02-21,,Basic,India,58,19,Credit Card,Social Media,Monthly,2,8.58,3,0,Active,228
C01145,2024-02-28,2025-09-06,Basic,United Kingdom,40,19,PayPal,Paid Search,Annual,5,10.27,12,1,Churned,228
C01146,2025-09-18,,Standard,Germany,21,49,Credit Card,Organic Search,Monthly,0,16.94,19,0,Active,588
C01147,2025-07-21,,Basic,United States,46,19,PayPal,Paid Search,Monthly,3,22.76,22,0,Active,228
C01148,2025-09-05,,Premium,India,51,99,UPI,Organic Search,Monthly,2,11.43,30,0,Active,1188
C01149,2025-09-15,,Standard,Australia,37,49,UPI,Social Media,Monthly,4,10.9,40,0,Active,588
C01150,2026-06-15,,Basic,Germany,18,19,Credit Card,Referral,Monthly,1,20.38,13,0,Active,228
C01151,2024-12-04,,Standard,Germany,40,49,UPI,Email,Monthly,2,10.6,13,0,Active,588
C01152,2025-05-09,,Basic,Canada,22,19,Debit Card,Social Media,Monthly,1,13.62,4,0,Active,228
C01153,2025-04-12,,Premium,Canada,63,99,Debit Card,Partner,Monthly,0,6.74,10,0,Active,1188
C01154,2025-05-05,2025-08-02,Basic,Canada,20,19,PayPal,Referral,Monthly,1,13.09,29,1,Churned,228
C01155,2024-02-28,,Premium,Australia,48,99,Debit Card,Social Media,Monthly,3,15.01,9,0,Active,1188
C01156,2026-05-16,2025-12-31,Standard,United Kingdom,34,49,UPI,Paid Search,Monthly,2,8.7,26,1,Churned,588
C01157,2024-06-12,2024-10-16,Basic,United Kingdom,48,19,UPI,Referral,Annual,2,16.4,16,1,Churned,228
C01158,2026-03-16,,Standard,United States,33,49,PayPal,Paid Search,Annual,1,10.21,13,0,Active,588
C01159,2025-11-03,,Standard,Germany,36,49,Credit Card,Referral,Monthly,3,10.62,24,0,Active,588
C01160,2024-05-31,2025-07-23,Basic,Australia,54,19,UPI,Partner,Monthly,4,3.48,21,1,Churned,228
C01161,2026-01-02,,Basic,India,43,19,UPI,Referral,Monthly,0,17.46,15,0,Active,228
C01162,2024-09-01,,Basic,Germany,19,19,Debit Card,Social Media,Monthly,3,12.71,28,0,Active,228
C01163,2026-03-29,,Basic,Canada,39,19,PayPal,Referral,Monthly,5,15.34,32,0,Active,228
C01164,2024-08-13,,Basic,Australia,53,19,Debit Card,Partner,Monthly,1,13.79,8,0,Active,228
C01165,2024-09-20,2025-03-14,Standard,Germany,58,49,UPI,Email,Monthly,1,19.39,34,1,Churned,588
C01166,2026-04-20,,Premium,India,18,99,Credit Card,Partner,Annual,2,9.49,16,0,Active,1188
C01167,2024-05-02,2025-02-26,Basic,United States,36,19,PayPal,Partner,Monthly,2,9.82,14,1,Churned,228
C01168,2026-05-13,2025-12-31,Premium,United Kingdom,31,99,UPI,Organic Search,Monthly,3,11.26,20,1,Churned,1188
C01169,2024-04-21,,Basic,United States,39,19,PayPal,Referral,Annual,1,18.69,22,0,Active,228
C01170,2025-10-10,,Basic,Australia,58,19,Credit Card,Partner,Annual,5,11.53,15,0,Active,228
C01171,2024-06-11,,Basic,United States,51,19,UPI,Organic Search,Monthly,2,16.36,6,0,Active,228
C01172,2025-08-03,2025-09-09,Basic,United States,50,19,PayPal,Referral,Monthly,2,10.69,17,1,Churned,228
C01173,2025-01-08,,Standard,Australia,43,49,Credit Card,Referral,Monthly,2,14.32,1,0,Active,588
C01174,2026-01-19,,Basic,United States,30,19,PayPal,Organic Search,Monthly,4,10.76,17,0,Active,228
C01175,2026-05-13,,Standard,Canada,48,49,UPI,Paid Search,Monthly,1,13.83,11,0,Active,588
C01176,2025-10-05,,Premium,Germany,31,99,UPI,Paid Search,Annual,1,6.75,10,0,Active,1188
C01177,2025-01-30,,Basic,Australia,19,19,Credit Card,Email,Monthly,1,7.21,8,0,Active,228
C01178,2024-04-03,2024-07-18,Standard,Australia,59,49,Credit Card,Partner,Annual,0,11.35,11,1,Churned,588
C01179,2025-08-17,,Basic,India,27,19,Credit Card,Social Media,Monthly,2,7.28,16,0,Active,228
C01180,2025-06-20,,Basic,United States,32,19,Debit Card,Social Media,Monthly,1,20.84,4,0,Active,228
C01181,2025-03-12,,Premium,Germany,40,99,Credit Card,Referral,Annual,2,12.43,15,0,Active,1188
C01182,2024-05-17,,Standard,India,41,49,UPI,Referral,Monthly,1,12.59,3,0,Active,588
C01183,2024-11-23,,Standard,United Kingdom,62,49,UPI,Paid Search,Annual,4,8.61,24,0,Active,588
C01184,2024-12-25,,Basic,United Kingdom,36,19,UPI,Email,Annual,4,11.36,7,0,Active,228
C01185,2024-06-18,,Basic,Germany,64,19,Debit Card,Referral,Monthly,2,14.34,8,0,Active,228
C01186,2024-09-14,,Basic,Australia,55,19,UPI,Organic Search,Monthly,1,15.6,17,0,Active,228
C01187,2025-10-04,,Basic,United Kingdom,42,19,Credit Card,Organic Search,Monthly,1,15.91,25,0,Active,228
C01188,2024-11-10,,Basic,United States,27,19,Debit Card,Paid Search,Monthly,2,16.21,10,0,Active,228
C01189,2024-08-17,,Standard,United States,19,49,Debit Card,Organic Search,Monthly,2,12.73,15,0,Active,588
C01190,2025-02-01,,Standard,Germany,63,49,Debit Card,Organic Search,Monthly,2,12.3,1,0,Active,588
C01191,2026-01-29,,Basic,United Kingdom,64,19,Debit Card,Partner,Annual,0,11.58,10,0,Active,228
C01192,2025-02-02,,Basic,United States,21,19,UPI,Partner,Annual,3,7.16,9,0,Active,228
C01193,2026-04-18,,Standard,United States,20,49,UPI,Referral,Monthly,3,5.31,21,0,Active,588
C01194,2025-05-10,,Standard,Germany,25,49,PayPal,Email,Monthly,1,12.64,5,0,Active,588
C01195,2024-11-13,2025-01-23,Basic,United States,58,19,Credit Card,Organic Search,Monthly,0,4.56,15,1,Churned,228
C01196,2025-12-19,,Standard,Australia,64,49,Debit Card,Partner,Annual,1,14.09,6,0,Active,588
C01197,2024-07-17,,Standard,Australia,21,49,Credit Card,Partner,Monthly,0,20.26,10,0,Active,588
C01198,2025-08-26,,Standard,United States,58,49,UPI,Organic Search,Annual,2,17.1,19,0,Active,588
C01199,2026-03-29,,Standard,Australia,24,49,UPI,Paid Search,Annual,3,17.21,10,0,Active,588
C01200,2026-04-08,,Basic,India,26,19,PayPal,Social Media,Monthly,1,12.35,1,0,Active,228
C01201,2024-12-01,,Premium,Australia,44,99,UPI,Email,Monthly,1,6.8,6,0,Active,1188
C01202,2025-02-20,,Basic,Canada,19,19,PayPal,Social Media,Annual,1,18.13,32,0,Active,228
C01203,2025-06-11,,Standard,United States,58,49,Debit Card,Organic Search,Monthly,4,14.5,7,0,Active,588
C01204,2025-05-26,,Basic,Canada,34,19,UPI,Email,Monthly,1,11.07,10,0,Active,228
C01205,2025-11-21,,Basic,India,29,19,Credit Card,Social Media,Monthly,1,5.95,29,0,Active,228
C01206,2024-07-24,2025-06-18,Standard,United States,61,49,Credit Card,Paid Search,Monthly,4,12.43,32,1,Churned,588
C01207,2025-05-02,,Standard,India,64,49,Credit Card,Social Media,Annual,3,15.2,4,0,Active,588
C01208,2024-07-01,,Standard,India,32,49,Credit Card,Email,Monthly,2,9.29,28,0,Active,588
C01209,2025-06-24,,Standard,Australia,44,49,Credit Card,Partner,Monthly,4,23.97,13,0,Active,588
C01210,2024-06-22,,Basic,Germany,28,19,PayPal,Social Media,Monthly,0,12.51,13,0,Active,228
C01211,2025-06-09,,Basic,India,35,19,Debit Card,Social Media,Annual,1,4.61,20,0,Active,228
C01212,2024-09-18,,Basic,India,42,19,PayPal,Social Media,Monthly,1,7.29,16,0,Active,228
C01213,2024-12-17,,Basic,Germany,36,19,Debit Card,Referral,Annual,3,18.77,10,0,Active,228
C01214,2025-12-26,,Premium,United Kingdom,19,99,PayPal,Organic Search,Monthly,0,12.45,22,0,Active,1188
C01215,2026-05-04,2025-12-31,Standard,Germany,56,49,PayPal,Partner,Monthly,2,3.93,39,1,Churned,588
C01216,2025-02-17,,Premium,United States,45,99,PayPal,Social Media,Monthly,0,12.91,26,0,Active,1188
C01217,2024-08-22,2024-10-15,Premium,United States,53,99,UPI,Social Media,Monthly,2,3.81,12,1,Churned,1188
C01218,2025-03-07,,Basic,Australia,39,19,UPI,Paid Search,Monthly,0,13.1,20,0,Active,228
C01219,2024-03-22,,Premium,Canada,54,99,PayPal,Organic Search,Annual,3,9.89,27,0,Active,1188
C01220,2025-12-09,,Basic,Australia,36,19,PayPal,Social Media,Monthly,2,4.84,1,0,Active,228
C01221,2025-03-02,,Basic,Canada,55,19,UPI,Social Media,Monthly,4,14.53,14,0,Active,228
C01222,2024-07-10,2024-08-10,Standard,Australia,64,49,Debit Card,Paid Search,Annual,0,9.82,1,1,Churned,588
C01223,2024-07-09,,Premium,India,58,99,PayPal,Partner,Monthly,1,16.84,34,0,Active,1188
C01224,2024-10-26,,Basic,Germany,34,19,UPI,Organic Search,Monthly,2,16.86,16,0,Active,228
C01225,2024-09-25,,Basic,Australia,29,19,PayPal,Email,Annual,1,11.9,9,0,Active,228
C01226,2026-03-14,,Basic,Canada,39,19,Debit Card,Partner,Monthly,3,14.04,5,0,Active,228
C01227,2024-09-17,,Standard,Canada,33,49,Debit Card,Referral,Monthly,3,18.19,30,0,Active,588
C01228,2025-11-21,,Standard,United Kingdom,51,49,Credit Card,Partner,Annual,3,20.53,19,0,Active,588
C01229,2026-03-14,,Basic,United Kingdom,48,19,UPI,Organic Search,Monthly,1,3.74,17,0,Active,228
C01230,2025-01-05,2025-07-25,Basic,Australia,25,19,Credit Card,Partner,Annual,1,9.24,16,1,Churned,228
C01231,2024-04-28,,Premium,United States,28,99,Credit Card,Paid Search,Annual,2,11.76,29,0,Active,1188
C01232,2024-12-30,,Basic,Germany,64,19,Debit Card,Partner,Monthly,2,17.0,23,0,Active,228
C01233,2024-07-20,,Standard,United States,32,49,UPI,Partner,Annual,1,10.14,17,0,Active,588
C01234,2026-06-16,2025-12-31,Basic,Germany,25,19,UPI,Referral,Annual,0,6.19,11,1,Churned,228
C01235,2024-03-31,,Standard,Australia,33,49,Debit Card,Partner,Monthly,2,9.99,11,0,Active,588
C01236,2025-04-05,,Basic,United Kingdom,64,19,UPI,Partner,Monthly,5,17.58,13,0,Active,228
C01237,2024-05-22,,Basic,United Kingdom,35,19,Debit Card,Paid Search,Monthly,1,16.97,9,0,Active,228
C01238,2024-12-05,2025-09-08,Basic,Australia,50,19,UPI,Email,Monthly,2,15.26,1,1,Churned,228
C01239,2025-06-07,,Premium,United Kingdom,29,99,Credit Card,Referral,Monthly,0,7.1,21,0,Active,1188
C01240,2026-05-21,,Premium,Germany,59,99,PayPal,Partner,Monthly,5,5.77,19,0,Active,1188
C01241,2026-04-20,2025-12-31,Basic,Germany,31,19,Debit Card,Paid Search,Monthly,0,12.48,10,1,Churned,228
C01242,2024-12-26,,Basic,Germany,46,19,Credit Card,Referral,Monthly,4,11.12,16,0,Active,228
C01243,2025-08-06,,Basic,United States,64,19,PayPal,Partner,Monthly,2,6.28,16,0,Active,228
C01244,2024-10-19,,Basic,Canada,53,19,Debit Card,Organic Search,Monthly,2,13.3,10,0,Active,228
C01245,2026-01-05,,Basic,United Kingdom,29,19,UPI,Organic Search,Monthly,2,13.09,12,0,Active,228
C01246,2026-03-03,,Premium,Australia,40,99,UPI,Paid Search,Monthly,1,12.4,1,0,Active,1188
C01247,2026-02-13,2025-12-31,Standard,United Kingdom,60,49,Credit Card,Email,Monthly,3,8.22,37,1,Churned,588
C01248,2026-04-21,,Standard,Australia,18,49,Debit Card,Partner,Monthly,2,8.8,1,0,Active,588
C01249,2024-09-28,,Basic,Germany,45,19,UPI,Email,Annual,1,11.79,11,0,Active,228
C01250,2025-02-22,,Basic,Germany,44,19,Credit Card,Social Media,Monthly,1,15.76,9,0,Active,228
C01251,2025-05-20,2025-11-12,Standard,Australia,46,49,PayPal,Paid Search,Monthly,3,16.72,16,1,Churned,588
C01252,2026-01-02,2025-12-31,Standard,Australia,55,49,PayPal,Organic Search,Annual,1,12.91,3,1,Churned,588
C01253,2025-07-21,,Basic,Australia,61,19,PayPal,Partner,Monthly,2,10.18,23,0,Active,228
C01254,2026-04-09,,Standard,Canada,33,49,Credit Card,Paid Search,Annual,4,11.43,18,0,Active,588
C01255,2025-09-08,,Basic,United Kingdom,48,19,UPI,Referral,Annual,2,20.48,3,0,Active,228
C01256,2026-05-16,,Basic,United Kingdom,50,19,PayPal,Organic Search,Annual,1,18.59,25,0,Active,228
C01257,2024-05-16,,Standard,United States,45,49,UPI,Referral,Monthly,3,10.91,6,0,Active,588
C01258,2024-11-04,,Basic,United States,40,19,Credit Card,Referral,Annual,2,8.76,6,0,Active,228
C01259,2024-12-16,,Basic,United Kingdom,21,19,Credit Card,Paid Search,Monthly,1,13.27,8,0,Active,228
C01260,2024-04-01,,Standard,United States,50,49,Debit Card,Partner,Annual,5,12.85,5,0,Active,588
C01261,2026-02-26,,Standard,United States,47,49,Debit Card,Partner,Monthly,3,11.32,2,0,Active,588
C01262,2024-11-15,,Standard,United States,20,49,Credit Card,Organic Search,Monthly,1,17.19,17,0,Active,588
C01263,2025-05-03,,Basic,United States,54,19,Credit Card,Organic Search,Monthly,2,19.17,26,0,Active,228
C01264,2026-01-06,,Standard,India,54,49,PayPal,Email,Monthly,0,5.19,39,0,Active,588
C01265,2024-09-12,,Standard,United States,24,49,Debit Card,Paid Search,Annual,4,9.01,21,0,Active,588
C01266,2024-07-05,2025-10-13,Standard,Canada,19,49,UPI,Email,Monthly,1,15.39,1,1,Churned,588
C01267,2025-12-03,,Basic,United Kingdom,47,19,Debit Card,Paid Search,Monthly,1,13.13,28,0,Active,228
C01268,2025-09-19,2025-10-19,Basic,Canada,63,19,UPI,Referral,Monthly,2,10.34,18,1,Churned,228
C01269,2025-09-11,,Basic,Canada,23,19,UPI,Email,Monthly,1,0.0,10,0,Active,228
C01270,2024-07-13,,Basic,Germany,34,19,Debit Card,Referral,Annual,1,16.74,1,0,Active,228
C01271,2025-06-21,,Basic,Canada,57,19,UPI,Paid Search,Monthly,3,16.09,7,0,Active,228
C01272,2025-04-20,,Basic,Germany,33,19,Debit Card,Partner,Monthly,2,17.7,1,0,Active,228
C01273,2025-01-14,2025-09-11,Standard,United Kingdom,60,49,Credit Card,Paid Search,Monthly,2,15.31,20,1,Churned,588
C01274,2026-04-11,,Premium,United Kingdom,51,99,Debit Card,Referral,Annual,3,7.57,11,0,Active,1188
C01275,2024-08-16,2024-09-29,Basic,Canada,53,19,UPI,Partner,Annual,1,11.81,16,1,Churned,228
C01276,2026-01-14,,Standard,Canada,52,49,PayPal,Social Media,Monthly,1,18.83,14,0,Active,588
C01277,2025-08-10,,Basic,United Kingdom,29,19,Credit Card,Social Media,Annual,5,8.89,36,0,Active,228
C01278,2025-01-22,2025-10-11,Premium,Australia,30,99,Credit Card,Partner,Monthly,2,11.62,1,1,Churned,1188
C01279,2025-10-06,,Standard,Canada,52,49,Debit Card,Referral,Annual,3,21.29,29,0,Active,588
C01280,2026-02-15,,Basic,Germany,64,19,Credit Card,Referral,Monthly,3,10.22,12,0,Active,228
C01281,2024-11-03,,Basic,Australia,36,19,Debit Card,Paid Search,Annual,5,11.34,6,0,Active,228
C01282,2026-03-08,2025-12-31,Premium,United Kingdom,53,99,Credit Card,Referral,Monthly,0,10.48,21,1,Churned,1188
C01283,2025-10-26,,Standard,Germany,30,49,Credit Card,Social Media,Monthly,1,19.19,14,0,Active,588
C01284,2025-06-18,,Standard,Canada,56,49,Credit Card,Organic Search,Monthly,1,13.89,19,0,Active,588
C01285,2025-10-17,,Basic,United Kingdom,40,19,Debit Card,Paid Search,Monthly,1,17.12,22,0,Active,228
C01286,2025-07-04,,Basic,United Kingdom,39,19,Debit Card,Paid Search,Monthly,1,8.78,7,0,Active,228
C01287,2024-12-25,2025-10-17,Basic,Australia,26,19,PayPal,Paid Search,Monthly,3,17.94,10,1,Churned,228
C01288,2026-03-28,,Premium,Australia,53,99,UPI,Referral,Annual,3,18.1,23,0,Active,1188
C01289,2025-02-23,,Basic,India,32,19,UPI,Partner,Annual,0,16.76,14,0,Active,228
C01290,2024-10-18,,Basic,United Kingdom,36,19,PayPal,Organic Search,Monthly,5,8.81,22,0,Active,228
C01291,2024-09-04,2025-12-10,Standard,Canada,38,49,UPI,Paid Search,Monthly,2,13.37,14,1,Churned,588
C01292,2026-05-07,,Standard,Canada,49,49,Debit Card,Email,Annual,5,3.65,22,0,Active,588
C01293,2025-03-07,,Basic,India,24,19,UPI,Organic Search,Monthly,1,12.36,38,0,Active,228
C01294,2025-11-18,,Standard,Australia,56,49,PayPal,Email,Monthly,0,12.75,29,0,Active,588
C01295,2025-08-22,,Basic,United States,57,19,Credit Card,Social Media,Monthly,1,6.58,36,0,Active,228
C01296,2024-11-27,,Basic,India,62,19,Debit Card,Email,Annual,3,18.65,9,0,Active,228
C01297,2024-04-27,,Standard,United Kingdom,55,49,PayPal,Email,Monthly,2,2.3,5,0,Active,588
C01298,2024-12-07,,Basic,Canada,30,19,PayPal,Partner,Monthly,4,23.32,15,0,Active,228
C01299,2024-04-01,,Basic,Canada,38,19,PayPal,Paid Search,Monthly,0,13.82,25,0,Active,228
C01300,2024-04-02,,Premium,Germany,39,99,Debit Card,Organic Search,Monthly,3,10.18,18,0,Active,1188
C01301,2025-02-21,,Basic,Australia,34,19,Debit Card,Paid Search,Monthly,3,8.52,9,0,Active,228
C01302,2024-05-16,,Basic,Germany,57,19,Debit Card,Referral,Monthly,5,16.86,3,0,Active,228
C01303,2025-03-22,,Premium,United Kingdom,34,99,UPI,Organic Search,Annual,0,16.99,11,0,Active,1188
C01304,2026-01-27,,Basic,United Kingdom,20,19,PayPal,Email,Annual,2,0.0,4,0,Active,228
C01305,2025-04-27,,Standard,United Kingdom,30,49,PayPal,Partner,Annual,1,18.21,21,0,Active,588
C01306,2024-09-25,,Standard,India,51,49,Credit Card,Email,Monthly,3,9.79,24,0,Active,588
C01307,2026-01-15,,Standard,Canada,63,49,UPI,Partner,Monthly,6,10.81,5,0,Active,588
C01308,2024-11-27,,Standard,United States,48,49,UPI,Paid Search,Annual,2,9.68,29,0,Active,588
C01309,2024-04-11,,Basic,Canada,21,19,Credit Card,Partner,Monthly,1,11.7,14,0,Active,228
C01310,2025-05-18,2025-12-12,Basic,Germany,31,19,UPI,Paid Search,Annual,2,13.18,10,1,Churned,228
C01311,2025-12-27,,Premium,United States,45,99,UPI,Referral,Monthly,0,5.66,11,0,Active,1188
C01312,2025-04-23,2025-07-25,Basic,India,37,19,Credit Card,Organic Search,Monthly,1,12.41,19,1,Churned,228
C01313,2024-06-30,,Standard,United States,63,49,UPI,Paid Search,Annual,1,10.48,21,0,Active,588
C01314,2024-03-05,,Standard,Australia,48,49,Credit Card,Social Media,Monthly,0,5.41,25,0,Active,588
C01315,2025-11-14,,Basic,Australia,38,19,Debit Card,Social Media,Monthly,3,15.76,22,0,Active,228
C01316,2026-06-18,,Standard,United States,25,49,Credit Card,Email,Monthly,1,15.69,12,0,Active,588
C01317,2026-04-17,,Standard,Germany,33,49,UPI,Social Media,Monthly,1,0.0,12,0,Active,588
C01318,2024-09-02,,Basic,India,33,19,PayPal,Partner,Annual,2,12.39,8,0,Active,228
C01319,2024-12-29,,Standard,India,56,49,UPI,Paid Search,Monthly,3,12.65,11,0,Active,588
C01320,2024-02-21,,Standard,United Kingdom,63,49,UPI,Partner,Annual,1,10.46,5,0,Active,588
C01321,2026-02-20,,Basic,United States,29,19,Debit Card,Partner,Monthly,2,18.26,10,0,Active,228
C01322,2024-05-20,2025-05-21,Premium,United Kingdom,62,99,UPI,Email,Monthly,2,7.98,17,1,Churned,1188
C01323,2025-08-03,,Basic,India,54,19,PayPal,Email,Monthly,0,24.07,30,0,Active,228
C01324,2024-07-19,,Basic,Australia,46,19,Credit Card,Paid Search,Monthly,2,11.2,5,0,Active,228
C01325,2026-03-02,,Basic,Australia,27,19,Debit Card,Social Media,Monthly,2,12.63,1,0,Active,228
C01326,2026-02-23,,Standard,Canada,23,49,PayPal,Partner,Annual,2,12.38,9,0,Active,588
C01327,2024-11-24,,Basic,United Kingdom,56,19,UPI,Email,Monthly,1,15.37,15,0,Active,228
C01328,2024-12-29,,Basic,Canada,63,19,Credit Card,Partner,Annual,6,14.89,13,0,Active,228
C01329,2024-09-23,,Premium,India,60,99,Credit Card,Organic Search,Monthly,2,9.46,23,0,Active,1188
C01330,2026-02-03,,Basic,United States,40,19,UPI,Organic Search,Monthly,2,12.54,10,0,Active,228
C01331,2025-10-21,,Basic,Germany,33,19,PayPal,Social Media,Monthly,0,10.61,20,0,Active,228
C01332,2026-05-22,,Standard,Canada,21,49,PayPal,Organic Search,Monthly,1,12.12,3,0,Active,588
C01333,2024-09-05,,Standard,India,22,49,Credit Card,Organic Search,Monthly,1,12.56,33,0,Active,588
C01334,2024-09-11,,Premium,United Kingdom,19,99,PayPal,Referral,Monthly,1,15.02,21,0,Active,1188
C01335,2026-03-31,2025-12-31,Basic,Australia,20,19,UPI,Referral,Monthly,2,17.63,14,1,Churned,228
C01336,2024-06-01,,Standard,Germany,56,49,Credit Card,Social Media,Annual,1,17.53,24,0,Active,588
C01337,2024-12-17,,Basic,United States,24,19,Debit Card,Referral,Annual,1,14.6,10,0,Active,228
C01338,2025-08-05,,Basic,United States,29,19,PayPal,Organic Search,Annual,2,11.23,24,0,Active,228
C01339,2024-05-13,,Basic,United Kingdom,49,19,Credit Card,Partner,Monthly,1,12.33,7,0,Active,228
C01340,2026-01-04,,Basic,Australia,41,19,Debit Card,Social Media,Monthly,0,15.31,5,0,Active,228
C01341,2025-01-19,,Premium,India,21,99,Debit Card,Partner,Monthly,3,8.48,22,0,Active,1188
C01342,2025-10-07,2025-11-13,Standard,Canada,30,49,PayPal,Partner,Annual,2,7.93,7,1,Churned,588
C01343,2024-05-03,,Basic,United Kingdom,39,19,Credit Card,Organic Search,Annual,5,8.16,7,0,Active,228
C01344,2024-02-24,,Premium,Germany,37,99,PayPal,Organic Search,Monthly,2,14.03,9,0,Active,1188
C01345,2025-09-14,2025-10-25,Basic,Australia,23,19,PayPal,Email,Monthly,3,10.78,6,1,Churned,228
C01346,2026-03-28,,Standard,United Kingdom,54,49,Credit Card,Referral,Annual,5,10.06,24,0,Active,588
C01347,2025-06-26,,Basic,Germany,40,19,Debit Card,Email,Monthly,2,15.51,11,0,Active,228
C01348,2025-04-09,,Standard,India,18,49,UPI,Social Media,Monthly,2,12.67,11,0,Active,588
C01349,2026-02-26,,Basic,Canada,39,19,Credit Card,Email,Annual,2,13.41,16,0,Active,228
C01350,2025-04-12,,Standard,United Kingdom,36,49,PayPal,Referral,Monthly,0,16.16,20,0,Active,588
C01351,2026-01-05,2025-12-31,Standard,India,58,49,Debit Card,Email,Monthly,0,2.44,19,1,Churned,588
C01352,2025-02-25,,Basic,Canada,49,19,Debit Card,Referral,Annual,4,17.39,4,0,Active,228
C01353,2024-09-04,,Basic,United Kingdom,39,19,UPI,Email,Monthly,4,17.47,13,0,Active,228
C01354,2026-05-29,,Basic,United States,18,19,Debit Card,Referral,Monthly,2,11.38,34,0,Active,228
C01355,2025-04-24,,Basic,Canada,45,19,UPI,Email,Monthly,2,9.01,12,0,Active,228
C01356,2024-08-18,,Basic,India,25,19,PayPal,Social Media,Monthly,0,10.34,17,0,Active,228
C01357,2024-08-04,,Standard,United States,40,49,UPI,Partner,Monthly,2,21.56,21,0,Active,588
C01358,2025-09-22,,Basic,United Kingdom,32,19,UPI,Email,Monthly,2,20.66,1,0,Active,228
C01359,2024-05-11,,Basic,Germany,51,19,Credit Card,Referral,Monthly,3,7.23,9,0,Active,228
C01360,2025-06-07,,Basic,United Kingdom,21,19,Debit Card,Partner,Monthly,2,17.0,23,0,Active,228
C01361,2025-11-25,,Standard,Germany,31,49,Debit Card,Referral,Annual,0,7.28,5,0,Active,588
C01362,2026-05-09,,Premium,United States,61,99,UPI,Organic Search,Annual,2,11.18,9,0,Active,1188
C01363,2024-09-13,,Basic,India,32,19,Debit Card,Organic Search,Monthly,2,14.33,14,0,Active,228
C01364,2026-02-16,,Standard,Germany,25,49,Debit Card,Email,Monthly,2,10.51,24,0,Active,588
C01365,2024-06-08,,Basic,Canada,21,19,PayPal,Paid Search,Annual,2,12.39,30,0,Active,228
C01366,2025-01-11,,Basic,United States,33,19,UPI,Email,Annual,0,13.41,1,0,Active,228
C01367,2026-01-20,,Basic,Australia,42,19,UPI,Partner,Monthly,1,4.95,10,0,Active,228
C01368,2026-01-18,,Basic,India,26,19,UPI,Email,Monthly,0,11.16,18,0,Active,228
C01369,2026-01-19,,Premium,United States,31,99,PayPal,Paid Search,Monthly,5,17.15,10,0,Active,1188
C01370,2024-05-10,2024-06-16,Premium,United Kingdom,60,99,PayPal,Email,Monthly,2,10.36,14,1,Churned,1188
C01371,2025-05-05,,Premium,United States,23,99,UPI,Organic Search,Annual,2,8.77,23,0,Active,1188
C01372,2025-02-03,2025-10-09,Basic,Germany,40,19,Credit Card,Organic Search,Monthly,3,22.86,14,1,Churned,228
C01373,2024-11-11,,Premium,India,61,99,Credit Card,Partner,Monthly,2,15.66,8,0,Active,1188
C01374,2024-09-19,2025-10-04,Standard,United States,48,49,PayPal,Organic Search,Annual,2,13.09,11,1,Churned,588
C01375,2025-08-17,,Basic,India,26,19,PayPal,Organic Search,Monthly,3,17.12,10,0,Active,228
C01376,2025-07-12,,Basic,Canada,42,19,Credit Card,Organic Search,Annual,2,5.83,2,0,Active,228
C01377,2025-03-04,,Standard,United Kingdom,64,49,Debit Card,Referral,Monthly,1,5.28,1,0,Active,588
C01378,2024-11-05,2025-08-02,Standard,India,53,49,Debit Card,Organic Search,Monthly,2,11.95,19,1,Churned,588
C01379,2024-05-03,,Basic,India,50,19,UPI,Organic Search,Monthly,1,2.34,5,0,Active,228
C01380,2026-03-29,,Basic,United States,55,19,UPI,Social Media,Monthly,3,23.1,13,0,Active,228
C01381,2024-11-04,,Premium,Germany,23,99,Debit Card,Organic Search,Monthly,2,15.78,33,0,Active,1188
C01382,2024-05-30,,Premium,United Kingdom,31,99,Credit Card,Paid Search,Annual,1,19.31,13,0,Active,1188
C01383,2024-09-22,,Basic,Australia,32,19,PayPal,Organic Search,Monthly,3,13.06,19,0,Active,228
C01384,2025-01-02,,Standard,Germany,44,49,Credit Card,Social Media,Monthly,2,12.85,3,0,Active,588
C01385,2024-05-15,,Basic,United Kingdom,27,19,PayPal,Organic Search,Monthly,1,10.09,19,0,Active,228
C01386,2024-07-13,,Premium,India,24,99,UPI,Paid Search,Monthly,1,12.38,8,0,Active,1188
C01387,2024-12-28,,Basic,United Kingdom,20,19,UPI,Social Media,Monthly,3,13.13,7,0,Active,228
C01388,2025-11-07,,Basic,Canada,41,19,PayPal,Social Media,Annual,0,10.54,24,0,Active,228
C01389,2024-08-19,,Basic,United Kingdom,45,19,UPI,Organic Search,Monthly,3,13.24,14,0,Active,228
C01390,2025-05-18,,Premium,Canada,19,99,UPI,Paid Search,Monthly,2,9.11,8,0,Active,1188
C01391,2025-01-17,2025-02-28,Premium,Canada,45,99,PayPal,Organic Search,Monthly,5,14.73,28,1,Churned,1188
C01392,2025-04-10,,Basic,Germany,51,19,UPI,Social Media,Monthly,2,8.0,12,0,Active,228
C01393,2025-12-03,,Basic,United States,26,19,PayPal,Paid Search,Monthly,1,1.19,27,0,Active,228
C01394,2026-03-14,2025-12-31,Basic,Australia,62,19,Credit Card,Email,Annual,4,8.97,28,1,Churned,228
C01395,2025-06-12,,Standard,India,41,49,Credit Card,Organic Search,Monthly,2,9.07,23,0,Active,588
C01396,2024-08-21,,Premium,India,25,99,UPI,Email,Annual,0,15.25,24,0,Active,1188
C01397,2026-02-23,,Standard,Germany,23,49,UPI,Social Media,Annual,1,12.79,3,0,Active,588
C01398,2025-03-26,,Premium,Germany,27,99,Debit Card,Email,Monthly,4,8.7,9,0,Active,1188
C01399,2026-05-14,2025-12-31,Basic,India,36,19,UPI,Organic Search,Monthly,2,9.07,20,1,Churned,228
C01400,2025-03-27,,Basic,United States,24,19,Debit Card,Organic Search,Monthly,2,17.28,13,0,Active,228
C01401,2024-09-06,,Standard,Australia,20,49,UPI,Email,Monthly,5,13.23,1,0,Active,588
C01402,2026-04-11,,Basic,Canada,50,19,Credit Card,Paid Search,Monthly,0,17.63,31,0,Active,228
C01403,2026-02-20,,Standard,Australia,58,49,Debit Card,Referral,Monthly,2,13.14,14,0,Active,588
C01404,2024-09-17,,Standard,Australia,25,49,PayPal,Paid Search,Monthly,3,16.4,11,0,Active,588
C01405,2024-02-19,,Basic,United Kingdom,44,19,Credit Card,Paid Search,Monthly,2,11.56,27,0,Active,228
C01406,2024-06-18,,Standard,United States,62,49,UPI,Social Media,Monthly,1,5.0,14,0,Active,588
C01407,2024-12-23,,Premium,Canada,53,99,PayPal,Partner,Monthly,2,10.09,1,0,Active,1188
C01408,2025-12-26,,Standard,United Kingdom,56,49,Credit Card,Paid Search,Monthly,1,15.01,19,0,Active,588
C01409,2025-01-09,,Basic,Germany,26,19,Credit Card,Social Media,Annual,2,9.89,32,0,Active,228
C01410,2025-06-30,,Premium,Germany,33,99,Debit Card,Organic Search,Monthly,2,9.08,24,0,Active,1188
C01411,2025-07-16,,Standard,United States,27,49,Credit Card,Referral,Monthly,3,16.1,1,0,Active,588
C01412,2024-09-27,,Standard,India,20,49,Debit Card,Social Media,Monthly,2,10.62,15,0,Active,588
C01413,2024-11-04,,Standard,United Kingdom,51,49,PayPal,Organic Search,Annual,1,15.57,14,0,Active,588
C01414,2024-09-30,2024-12-29,Basic,Australia,45,19,Debit Card,Social Media,Monthly,1,12.99,19,1,Churned,228
C01415,2026-02-10,2025-12-31,Standard,United Kingdom,42,49,UPI,Organic Search,Monthly,2,11.42,9,1,Churned,588
C01416,2025-06-25,,Basic,Germany,25,19,UPI,Referral,Monthly,1,6.69,9,0,Active,228
C01417,2024-10-27,,Standard,Germany,48,49,Credit Card,Referral,Monthly,0,11.75,9,0,Active,588
C01418,2026-06-17,,Premium,India,25,99,UPI,Referral,Annual,2,14.23,1,0,Active,1188
C01419,2025-11-24,,Basic,Germany,23,19,UPI,Partner,Monthly,2,11.1,12,0,Active,228
C01420,2024-12-18,,Premium,India,20,99,Debit Card,Social Media,Monthly,1,6.39,23,0,Active,1188
C01421,2025-01-24,,Basic,Canada,26,19,UPI,Referral,Monthly,3,9.94,18,0,Active,228
C01422,2024-08-28,,Basic,United Kingdom,19,19,UPI,Partner,Monthly,2,1.18,1,0,Active,228
C01423,2025-12-11,,Basic,Canada,29,19,UPI,Organic Search,Monthly,4,7.84,29,0,Active,228
C01424,2024-06-21,,Premium,United States,36,99,PayPal,Partner,Monthly,1,14.45,19,0,Active,1188
C01425,2026-03-04,2025-12-31,Standard,Australia,56,49,Debit Card,Email,Monthly,1,15.36,18,1,Churned,588
C01426,2025-12-07,,Standard,India,40,49,Credit Card,Referral,Monthly,2,24.61,28,0,Active,588
C01427,2024-06-25,,Standard,United States,56,49,Credit Card,Social Media,Monthly,2,11.22,21,0,Active,588
C01428,2024-04-15,,Basic,India,37,19,PayPal,Partner,Annual,0,11.41,25,0,Active,228
C01429,2025-03-20,,Basic,Germany,43,19,PayPal,Paid Search,Monthly,0,2.06,15,0,Active,228
C01430,2025-04-15,,Basic,Australia,31,19,Credit Card,Email,Monthly,2,17.87,15,0,Active,228
C01431,2025-02-25,,Standard,Australia,41,49,Debit Card,Paid Search,Monthly,1,11.89,15,0,Active,588
C01432,2025-08-06,,Standard,Canada,49,49,Credit Card,Organic Search,Monthly,2,11.75,13,0,Active,588
C01433,2024-03-07,,Standard,Canada,20,49,Debit Card,Email,Monthly,2,8.61,1,0,Active,588
C01434,2024-12-23,,Standard,Australia,54,49,Credit Card,Organic Search,Annual,1,15.68,11,0,Active,588
C01435,2025-11-13,,Basic,India,46,19,Credit Card,Paid Search,Monthly,2,15.12,1,0,Active,228
C01436,2025-02-20,2025-10-12,Basic,United States,55,19,Debit Card,Paid Search,Monthly,2,5.77,3,1,Churned,228
C01437,2024-11-27,2025-08-01,Basic,United States,43,19,Debit Card,Paid Search,Monthly,2,10.49,1,1,Churned,228
C01438,2025-07-04,,Standard,India,19,49,UPI,Referral,Monthly,1,15.76,13,0,Active,588
C01439,2024-12-13,,Basic,Australia,39,19,Debit Card,Partner,Monthly,4,13.09,31,0,Active,228
C01440,2024-12-18,,Standard,Australia,47,49,Debit Card,Social Media,Annual,4,11.25,1,0,Active,588
C01441,2024-07-15,,Basic,Germany,27,19,PayPal,Partner,Monthly,2,13.46,15,0,Active,228
C01442,2025-05-03,,Standard,Australia,30,49,UPI,Partner,Monthly,0,18.69,12,0,Active,588
C01443,2026-01-21,,Standard,Germany,55,49,UPI,Referral,Monthly,1,17.19,13,0,Active,588
C01444,2024-05-29,,Standard,United States,33,49,PayPal,Paid Search,Monthly,0,10.2,24,0,Active,588
C01445,2024-06-25,,Standard,United Kingdom,36,49,UPI,Referral,Monthly,5,10.0,14,0,Active,588
C01446,2024-07-12,,Basic,India,25,19,Debit Card,Paid Search,Monthly,1,11.52,13,0,Active,228
C01447,2026-05-27,,Standard,United States,19,49,UPI,Social Media,Monthly,3,8.27,10,0,Active,588
C01448,2025-12-15,,Standard,Germany,35,49,PayPal,Social Media,Monthly,4,8.97,1,0,Active,588
C01449,2026-03-18,,Premium,Canada,46,99,UPI,Partner,Monthly,2,10.33,3,0,Active,1188
C01450,2025-08-31,2025-12-19,Basic,Canada,53,19,Credit Card,Social Media,Annual,1,14.55,24,1,Churned,228
C01451,2025-02-26,,Basic,Canada,21,19,PayPal,Social Media,Monthly,1,5.43,24,0,Active,228
C01452,2025-09-06,,Premium,United States,63,99,UPI,Referral,Monthly,1,5.2,12,0,Active,1188
C01453,2026-03-31,2025-12-31,Premium,United States,32,99,PayPal,Partner,Annual,1,8.03,19,1,Churned,1188
C01454,2024-05-18,,Basic,Australia,23,19,Credit Card,Paid Search,Monthly,3,11.55,27,0,Active,228
C01455,2025-08-26,,Premium,United States,43,99,PayPal,Email,Monthly,2,15.7,19,0,Active,1188
C01456,2025-07-05,,Premium,India,26,99,PayPal,Partner,Monthly,3,10.55,5,0,Active,1188
C01457,2024-07-07,2025-11-28,Premium,United States,60,99,Credit Card,Organic Search,Monthly,3,18.49,21,1,Churned,1188
C01458,2025-04-04,,Standard,United States,32,49,PayPal,Partner,Monthly,2,19.72,1,0,Active,588
C01459,2025-02-02,,Standard,Germany,25,49,UPI,Social Media,Monthly,0,15.18,15,0,Active,588
C01460,2026-05-15,2025-12-31,Standard,Germany,34,49,Credit Card,Partner,Monthly,1,12.49,19,1,Churned,588
C01461,2024-10-21,,Basic,Canada,23,19,Credit Card,Social Media,Monthly,4,17.6,21,0,Active,228
C01462,2025-09-06,,Premium,Germany,32,99,Credit Card,Referral,Monthly,2,9.63,32,0,Active,1188
C01463,2025-12-27,2025-12-31,Standard,Canada,48,49,Credit Card,Paid Search,Annual,2,19.16,7,1,Churned,588
C01464,2025-01-04,,Premium,Australia,55,99,Debit Card,Paid Search,Monthly,6,17.87,20,0,Active,1188
C01465,2024-09-25,,Premium,United Kingdom,53,99,UPI,Organic Search,Monthly,2,16.0,2,0,Active,1188
C01466,2024-11-22,,Standard,United Kingdom,47,49,Debit Card,Email,Monthly,2,10.11,4,0,Active,588
C01467,2024-07-12,,Basic,Canada,36,19,Credit Card,Partner,Monthly,0,10.39,14,0,Active,228
C01468,2025-10-24,2025-12-21,Premium,United States,50,99,UPI,Social Media,Monthly,1,18.62,22,1,Churned,1188
C01469,2024-04-01,,Premium,India,39,99,PayPal,Paid Search,Monthly,1,16.53,23,0,Active,1188
C01470,2024-02-21,,Standard,Germany,35,49,Credit Card,Paid Search,Annual,0,20.93,6,0,Active,588
C01471,2025-05-10,,Standard,United Kingdom,34,49,PayPal,Partner,Annual,3,15.22,10,0,Active,588
C01472,2025-07-16,,Basic,Germany,60,19,Debit Card,Email,Monthly,1,19.4,20,0,Active,228
C01473,2025-11-01,2025-12-09,Basic,Germany,43,19,Credit Card,Partner,Monthly,2,15.22,39,1,Churned,228
C01474,2025-07-31,,Standard,United States,19,49,PayPal,Social Media,Monthly,2,11.56,27,0,Active,588
C01475,2026-06-15,,Basic,Canada,47,19,Credit Card,Social Media,Monthly,1,5.66,4,0,Active,228
C01476,2025-09-06,,Premium,United Kingdom,57,99,Credit Card,Paid Search,Monthly,1,16.05,1,0,Active,1188
C01477,2025-08-19,,Basic,United States,54,19,Debit Card,Organic Search,Annual,4,17.99,16,0,Active,228
C01478,2025-11-05,,Basic,Australia,32,19,Debit Card,Organic Search,Monthly,4,9.69,12,0,Active,228
C01479,2025-03-03,,Standard,United States,42,49,Credit Card,Social Media,Annual,4,17.73,22,0,Active,588
C01480,2025-05-01,,Basic,United Kingdom,54,19,UPI,Email,Monthly,6,12.47,13,0,Active,228
C01481,2024-12-07,2025-09-01,Basic,United Kingdom,21,19,UPI,Referral,Monthly,3,2.13,3,1,Churned,228
C01482,2024-04-24,,Standard,United States,31,49,PayPal,Referral,Annual,0,10.22,3,0,Active,588
C01483,2024-07-09,,Basic,India,59,19,Credit Card,Social Media,Monthly,2,15.96,30,0,Active,228
C01484,2024-08-20,,Basic,Australia,21,19,PayPal,Social Media,Annual,0,22.66,29,0,Active,228
C01485,2025-07-14,,Basic,United Kingdom,56,19,Debit Card,Partner,Annual,0,14.55,9,0,Active,228
C01486,2025-06-04,,Premium,Canada,29,99,UPI,Email,Monthly,3,17.78,20,0,Active,1188
C01487,2025-04-09,,Premium,United Kingdom,59,99,Debit Card,Social Media,Annual,2,8.16,3,0,Active,1188
C01488,2025-03-25,,Premium,Canada,49,99,Credit Card,Paid Search,Monthly,0,10.13,4,0,Active,1188
C01489,2026-04-19,,Basic,Australia,24,19,Credit Card,Referral,Monthly,0,5.02,15,0,Active,228
C01490,2025-05-23,,Premium,Canada,49,99,Debit Card,Referral,Monthly,2,9.65,9,0,Active,1188
C01491,2025-09-08,,Basic,United Kingdom,63,19,Credit Card,Organic Search,Monthly,2,14.57,1,0,Active,228
C01492,2025-06-28,,Basic,Germany,53,19,UPI,Organic Search,Annual,5,6.78,25,0,Active,228
C01493,2025-02-23,,Basic,Germany,49,19,Debit Card,Referral,Monthly,1,11.37,1,0,Active,228
C01494,2024-03-04,,Premium,India,34,99,Credit Card,Social Media,Monthly,1,10.31,13,0,Active,1188
C01495,2026-01-21,,Premium,Australia,62,99,UPI,Referral,Monthly,1,16.57,18,0,Active,1188
C01496,2025-10-06,,Basic,Canada,19,19,Credit Card,Partner,Monthly,3,17.27,10,0,Active,228
C01497,2025-09-15,2025-11-27,Standard,Canada,39,49,Debit Card,Organic Search,Monthly,1,14.35,12,1,Churned,588
C01498,2026-05-25,,Premium,Australia,57,99,UPI,Email,Annual,1,9.0,19,0,Active,1188
C01499,2024-12-07,2025-06-05,Premium,Germany,60,99,PayPal,Paid Search,Monthly,4,18.83,15,1,Churned,1188
C01500,2025-09-08,2025-10-11,Standard,United States,51,49,PayPal,Paid Search,Monthly,1,10.31,20,1,Churned,588
C01501,2026-04-20,,Basic,United Kingdom,60,19,PayPal,Referral,Monthly,3,15.27,26,0,Active,228
C01502,2024-07-19,,Standard,United States,48,49,Debit Card,Organic Search,Monthly,2,19.53,22,0,Active,588
C01503,2026-03-13,,Basic,United States,51,19,PayPal,Partner,Annual,4,8.19,4,0,Active,228
C01504,2025-08-26,,Basic,Germany,53,19,Debit Card,Paid Search,Annual,1,24.26,25,0,Active,228
C01505,2025-02-27,2025-12-06,Basic,Australia,62,19,UPI,Partner,Annual,3,12.35,15,1,Churned,228
C01506,2025-01-18,,Premium,India,28,99,Debit Card,Paid Search,Monthly,2,11.4,1,0,Active,1188
C01507,2024-03-29,,Standard,Australia,51,49,PayPal,Email,Annual,3,8.05,26,0,Active,588
C01508,2024-04-09,,Standard,United States,18,49,Credit Card,Paid Search,Monthly,1,14.37,14,0,Active,588
C01509,2025-11-08,,Basic,United Kingdom,40,19,Credit Card,Paid Search,Monthly,2,9.35,15,0,Active,228
C01510,2024-11-26,,Premium,United States,47,99,Credit Card,Paid Search,Monthly,2,12.96,9,0,Active,1188
C01511,2024-03-06,,Standard,India,62,49,PayPal,Social Media,Monthly,5,6.52,32,0,Active,588
C01512,2026-02-09,,Standard,Canada,49,49,UPI,Partner,Monthly,4,13.54,10,0,Active,588
C01513,2025-10-31,2025-12-08,Basic,United States,32,19,PayPal,Partner,Annual,0,20.54,24,1,Churned,228
C01514,2026-04-03,,Basic,United States,20,19,Debit Card,Email,Annual,5,16.09,12,0,Active,228
C01515,2025-04-15,,Basic,India,42,19,Debit Card,Organic Search,Annual,0,9.28,23,0,Active,228
C01516,2026-05-24,,Basic,Germany,54,19,PayPal,Partner,Monthly,3,18.15,27,0,Active,228
C01517,2026-01-06,,Premium,United Kingdom,19,99,UPI,Referral,Monthly,1,12.14,1,0,Active,1188
C01518,2025-06-15,,Premium,Canada,46,99,UPI,Organic Search,Monthly,3,14.44,38,0,Active,1188
C01519,2026-02-12,,Basic,Germany,34,19,PayPal,Social Media,Monthly,3,11.11,3,0,Active,228
C01520,2026-02-14,,Basic,India,39,19,Credit Card,Email,Annual,2,8.8,15,0,Active,228
C01521,2024-11-29,2025-03-25,Basic,Australia,33,19,UPI,Partner,Monthly,4,11.1,14,1,Churned,228
C01522,2024-06-04,,Standard,United States,52,49,Credit Card,Organic Search,Monthly,1,7.87,6,0,Active,588
C01523,2026-02-15,,Premium,United Kingdom,54,99,UPI,Partner,Monthly,1,13.79,13,0,Active,1188
C01524,2024-07-30,,Basic,Australia,57,19,PayPal,Organic Search,Annual,1,21.62,14,0,Active,228
C01525,2024-08-03,,Standard,United Kingdom,62,49,Debit Card,Paid Search,Monthly,2,16.64,8,0,Active,588
C01526,2025-03-28,,Standard,Australia,44,49,Credit Card,Email,Monthly,2,9.79,9,0,Active,588
C01527,2024-07-05,,Standard,Australia,45,49,Debit Card,Paid Search,Monthly,2,13.81,16,0,Active,588
C01528,2024-10-28,2025-01-27,Basic,United States,32,19,PayPal,Referral,Monthly,0,12.39,12,1,Churned,228
C01529,2025-08-07,,Standard,United States,58,49,Debit Card,Social Media,Annual,0,12.05,19,0,Active,588
C01530,2025-09-15,,Standard,Germany,21,49,PayPal,Social Media,Monthly,2,13.16,6,0,Active,588
C01531,2026-01-20,2025-12-31,Premium,Australia,22,99,UPI,Paid Search,Monthly,3,13.3,1,1,Churned,1188
C01532,2024-10-25,,Standard,Australia,58,49,Debit Card,Email,Monthly,1,20.76,33,0,Active,588
C01533,2024-04-11,2025-08-29,Premium,India,61,99,Debit Card,Organic Search,Monthly,0,7.7,15,1,Churned,1188
C01534,2025-09-13,,Standard,India,59,49,PayPal,Partner,Monthly,1,14.52,15,0,Active,588
C01535,2025-05-21,,Basic,Germany,62,19,Debit Card,Referral,Monthly,2,10.24,5,0,Active,228
C01536,2025-04-03,,Standard,Canada,18,49,PayPal,Partner,Monthly,4,14.83,15,0,Active,588
C01537,2025-10-23,2025-11-29,Basic,United Kingdom,45,19,UPI,Organic Search,Monthly,2,13.91,25,1,Churned,228
C01538,2026-02-16,2025-12-31,Basic,Canada,56,19,PayPal,Partner,Annual,4,13.37,22,1,Churned,228
C01539,2025-04-25,,Basic,United States,47,19,UPI,Paid Search,Monthly,1,14.27,10,0,Active,228
C01540,2026-01-14,2025-12-31,Standard,United States,24,49,UPI,Referral,Monthly,2,12.42,20,1,Churned,588
C01541,2026-03-19,2025-12-31,Standard,Australia,38,49,Credit Card,Partner,Monthly,5,6.97,11,1,Churned,588
C01542,2026-05-14,,Standard,Canada,64,49,UPI,Paid Search,Annual,1,8.01,20,0,Active,588
C01543,2025-06-07,,Basic,Australia,37,19,Debit Card,Referral,Annual,1,2.39,24,0,Active,228
C01544,2025-08-02,,Standard,United Kingdom,27,49,Credit Card,Referral,Monthly,0,9.19,31,0,Active,588
C01545,2024-11-21,,Basic,United States,55,19,Debit Card,Referral,Monthly,1,9.85,1,0,Active,228
C01546,2025-07-22,,Premium,India,41,99,PayPal,Email,Monthly,1,4.07,8,0,Active,1188
C01547,2025-02-03,,Basic,India,48,19,Debit Card,Paid Search,Monthly,3,16.6,17,0,Active,228
C01548,2025-12-14,,Basic,India,30,19,Debit Card,Organic Search,Monthly,2,13.58,25,0,Active,228
C01549,2024-09-04,,Basic,Canada,61,19,Credit Card,Partner,Annual,1,18.83,18,0,Active,228
C01550,2024-05-26,,Standard,Australia,60,49,PayPal,Email,Annual,2,18.92,10,0,Active,588
C01551,2025-07-23,,Premium,India,47,99,Credit Card,Partner,Monthly,2,15.03,20,0,Active,1188
C01552,2025-06-02,,Premium,United States,39,99,Debit Card,Partner,Monthly,2,5.2,30,0,Active,1188
C01553,2026-06-03,2025-12-31,Standard,Canada,21,49,PayPal,Paid Search,Monthly,1,2.48,20,1,Churned,588
C01554,2024-12-20,,Basic,United Kingdom,64,19,Credit Card,Paid Search,Monthly,1,9.97,30,0,Active,228
C01555,2025-06-28,,Basic,Germany,37,19,Debit Card,Social Media,Monthly,2,18.71,12,0,Active,228
C01556,2025-08-13,,Basic,Canada,22,19,PayPal,Email,Annual,3,14.31,9,0,Active,228
C01557,2025-06-25,2025-07-31,Basic,India,23,19,PayPal,Email,Monthly,2,6.5,17,1,Churned,228
C01558,2024-11-19,,Standard,Australia,27,49,Credit Card,Referral,Monthly,5,5.08,14,0,Active,588
C01559,2025-04-11,,Basic,Australia,33,19,PayPal,Social Media,Monthly,1,19.59,24,0,Active,228
C01560,2025-10-22,,Basic,United States,29,19,Credit Card,Partner,Monthly,3,0.92,33,0,Active,228
C01561,2026-02-22,2025-12-31,Standard,Australia,23,49,Debit Card,Email,Monthly,2,6.12,21,1,Churned,588
C01562,2026-01-06,2025-12-31,Basic,India,21,19,UPI,Partner,Monthly,3,16.73,23,1,Churned,228
C01563,2024-12-27,,Basic,United States,19,19,UPI,Email,Annual,2,14.81,18,0,Active,228
C01564,2024-11-04,,Premium,Canada,38,99,PayPal,Partner,Monthly,0,14.33,1,0,Active,1188
C01565,2024-10-11,,Premium,United States,51,99,PayPal,Referral,Annual,2,3.91,13,0,Active,1188
C01566,2024-08-01,,Basic,United States,52,19,UPI,Organic Search,Monthly,3,13.93,21,0,Active,228
C01567,2025-05-10,,Basic,Germany,31,19,Debit Card,Organic Search,Annual,2,15.84,8,0,Active,228
C01568,2024-10-24,2025-09-15,Standard,Germany,36,49,PayPal,Organic Search,Monthly,2,9.52,33,1,Churned,588
C01569,2025-03-25,,Basic,Australia,37,19,Credit Card,Paid Search,Monthly,2,6.8,11,0,Active,228
C01570,2026-02-26,,Basic,India,37,19,PayPal,Social Media,Annual,3,10.46,8,0,Active,228
C01571,2024-11-17,2025-02-06,Premium,United Kingdom,52,99,PayPal,Social Media,Monthly,3,1.58,15,1,Churned,1188
C01572,2025-07-11,,Premium,United States,21,99,PayPal,Partner,Annual,1,13.8,27,0,Active,1188
C01573,2026-01-26,2025-12-31,Standard,United Kingdom,47,49,Credit Card,Organic Search,Monthly,0,19.93,24,1,Churned,588
C01574,2024-03-17,2025-10-08,Standard,Canada,29,49,PayPal,Organic Search,Monthly,0,21.88,20,1,Churned,588
C01575,2025-09-14,,Premium,Australia,60,99,Credit Card,Referral,Annual,3,13.15,1,0,Active,1188
C01576,2024-09-21,,Standard,United States,44,49,Credit Card,Paid Search,Annual,2,11.03,1,0,Active,588
C01577,2024-06-19,,Standard,United Kingdom,32,49,Credit Card,Email,Monthly,5,12.74,26,0,Active,588
C01578,2025-08-09,2025-10-29,Basic,United States,48,19,Debit Card,Paid Search,Annual,1,12.79,27,1,Churned,228
C01579,2026-06-11,,Standard,India,59,49,Credit Card,Partner,Monthly,7,11.49,5,0,Active,588
C01580,2025-01-02,,Standard,Germany,27,49,Debit Card,Paid Search,Monthly,2,7.54,26,0,Active,588
C01581,2026-04-09,2025-12-31,Basic,Canada,24,19,PayPal,Referral,Annual,2,17.67,18,1,Churned,228
C01582,2024-03-05,,Basic,Canada,33,19,Credit Card,Partner,Annual,1,13.95,10,0,Active,228
C01583,2025-09-28,,Basic,India,50,19,UPI,Social Media,Monthly,2,12.24,12,0,Active,228
C01584,2024-12-25,,Premium,Germany,31,99,UPI,Paid Search,Monthly,3,16.48,4,0,Active,1188
C01585,2025-03-20,,Premium,Canada,54,99,PayPal,Email,Monthly,2,18.61,14,0,Active,1188
C01586,2024-10-12,2025-02-01,Basic,United Kingdom,31,19,Credit Card,Email,Annual,1,16.91,5,1,Churned,228
C01587,2026-03-26,,Basic,India,50,19,PayPal,Paid Search,Annual,1,13.33,12,0,Active,228
C01588,2025-02-09,,Standard,India,28,49,Credit Card,Organic Search,Monthly,2,20.9,33,0,Active,588
C01589,2025-09-02,,Standard,United Kingdom,51,49,Debit Card,Referral,Monthly,2,14.09,15,0,Active,588
C01590,2025-12-16,,Basic,India,57,19,PayPal,Email,Monthly,2,7.15,17,0,Active,228
C01591,2025-07-29,,Standard,Australia,41,49,UPI,Social Media,Monthly,2,13.34,3,0,Active,588
C01592,2025-08-21,,Standard,Australia,32,49,UPI,Organic Search,Annual,1,14.06,17,0,Active,588
C01593,2025-01-16,,Basic,United States,45,19,PayPal,Organic Search,Annual,0,12.95,1,0,Active,228
C01594,2026-03-20,,Premium,India,28,99,Credit Card,Social Media,Monthly,1,7.95,34,0,Active,1188
C01595,2025-04-30,,Standard,Germany,53,49,PayPal,Social Media,Monthly,3,10.4,5,0,Active,588
C01596,2025-01-25,,Standard,Canada,22,49,Credit Card,Partner,Monthly,3,14.16,4,0,Active,588
C01597,2024-12-23,,Premium,Canada,53,99,Debit Card,Social Media,Annual,3,11.29,5,0,Active,1188
C01598,2025-01-17,,Standard,Canada,38,49,Credit Card,Partner,Monthly,1,2.74,32,0,Active,588
C01599,2025-11-11,,Basic,Australia,29,19,PayPal,Referral,Monthly,3,22.75,4,0,Active,228
C01600,2025-09-28,,Basic,United States,64,19,UPI,Paid Search,Monthly,3,14.37,5,0,Active,228
C01601,2024-09-02,,Premium,Germany,49,99,Credit Card,Partner,Monthly,0,23.31,9,0,Active,1188
C01602,2026-06-11,,Premium,Germany,58,99,Credit Card,Referral,Monthly,1,7.33,22,0,Active,1188
C01603,2025-07-21,,Basic,United States,29,19,Credit Card,Referral,Monthly,2,4.68,17,0,Active,228
C01604,2024-10-19,2025-08-03,Basic,Canada,35,19,Credit Card,Paid Search,Monthly,2,5.37,1,1,Churned,228
C01605,2025-03-19,,Premium,India,64,99,PayPal,Paid Search,Monthly,0,12.04,15,0,Active,1188
C01606,2025-05-26,,Standard,Germany,39,49,PayPal,Paid Search,Annual,1,10.82,10,0,Active,588
C01607,2026-04-26,,Standard,Australia,29,49,Credit Card,Organic Search,Monthly,0,10.04,14,0,Active,588
C01608,2025-04-28,,Basic,Germany,48,19,UPI,Organic Search,Monthly,3,13.07,7,0,Active,228
C01609,2026-02-12,,Basic,United States,50,19,UPI,Paid Search,Annual,5,10.72,8,0,Active,228
C01610,2025-08-21,2025-10-02,Basic,India,38,19,Credit Card,Paid Search,Monthly,2,9.23,2,1,Churned,228
C01611,2025-12-22,,Premium,Canada,49,99,UPI,Organic Search,Annual,1,17.26,1,0,Active,1188
C01612,2025-06-14,,Basic,India,27,19,PayPal,Paid Search,Monthly,0,12.83,10,0,Active,228
C01613,2024-08-06,,Standard,Canada,47,49,Credit Card,Referral,Monthly,3,19.46,1,0,Active,588
C01614,2025-02-05,,Basic,United States,35,19,PayPal,Email,Monthly,3,11.87,13,0,Active,228
C01615,2024-08-09,2024-12-08,Basic,Canada,21,19,Debit Card,Organic Search,Monthly,1,9.18,16,1,Churned,228
C01616,2024-10-01,,Standard,Australia,33,49,UPI,Organic Search,Monthly,2,7.84,20,0,Active,588
C01617,2025-06-07,,Standard,Germany,42,49,UPI,Referral,Monthly,2,17.15,23,0,Active,588
C01618,2025-06-21,2025-08-10,Standard,India,46,49,PayPal,Email,Monthly,0,15.66,15,1,Churned,588
C01619,2025-03-22,,Basic,United States,30,19,Credit Card,Partner,Monthly,3,15.0,11,0,Active,228
C01620,2026-05-12,,Basic,United States,44,19,UPI,Paid Search,Annual,5,19.32,24,0,Active,228
C01621,2025-12-17,,Basic,Canada,37,19,Debit Card,Partner,Annual,1,9.18,26,0,Active,228
C01622,2024-09-18,2025-05-17,Premium,Australia,57,99,UPI,Partner,Monthly,2,14.78,23,1,Churned,1188
C01623,2025-08-31,,Basic,Australia,55,19,UPI,Email,Monthly,1,9.1,8,0,Active,228
C01624,2025-02-17,,Premium,Canada,38,99,PayPal,Partner,Annual,6,13.74,13,0,Active,1188
C01625,2025-01-30,,Premium,Australia,34,99,Credit Card,Paid Search,Monthly,2,10.75,21,0,Active,1188
C01626,2024-11-25,,Standard,Australia,54,49,PayPal,Email,Monthly,2,12.72,7,0,Active,588
C01627,2024-12-11,,Basic,Australia,35,19,PayPal,Email,Monthly,1,7.68,15,0,Active,228
C01628,2024-09-12,,Basic,Germany,35,19,Debit Card,Social Media,Annual,2,21.13,25,0,Active,228
C01629,2024-11-08,2025-04-19,Basic,Germany,40,19,PayPal,Social Media,Monthly,3,0.51,15,1,Churned,228
C01630,2025-09-09,,Standard,United States,61,49,PayPal,Partner,Annual,2,11.26,9,0,Active,588
C01631,2026-04-07,,Standard,Canada,19,49,Debit Card,Referral,Monthly,2,8.68,32,0,Active,588
C01632,2024-03-07,,Standard,Australia,63,49,UPI,Email,Monthly,4,11.45,7,0,Active,588
C01633,2025-09-23,,Standard,Germany,39,49,PayPal,Partner,Annual,1,11.3,8,0,Active,588
C01634,2024-11-15,,Premium,United Kingdom,33,99,Credit Card,Organic Search,Monthly,1,5.77,13,0,Active,1188
C01635,2024-06-10,,Standard,United Kingdom,63,49,Credit Card,Organic Search,Monthly,1,11.48,5,0,Active,588
C01636,2024-10-09,,Standard,United Kingdom,42,49,Credit Card,Referral,Annual,1,12.51,1,0,Active,588
C01637,2024-08-29,,Standard,United States,47,49,PayPal,Organic Search,Monthly,1,7.35,10,0,Active,588
C01638,2024-07-18,,Standard,India,61,49,Credit Card,Email,Monthly,3,13.87,2,0,Active,588
C01639,2024-04-22,,Standard,India,21,49,UPI,Email,Monthly,1,3.29,26,0,Active,588
C01640,2024-09-22,,Basic,Germany,19,19,Credit Card,Paid Search,Monthly,1,9.24,10,0,Active,228
C01641,2024-10-10,,Basic,India,28,19,UPI,Paid Search,Annual,1,8.19,25,0,Active,228
C01642,2025-12-21,,Basic,India,41,19,Credit Card,Email,Monthly,1,10.45,11,0,Active,228
C01643,2025-06-28,,Standard,Germany,20,49,UPI,Referral,Monthly,1,10.03,12,0,Active,588
C01644,2025-09-23,2025-11-13,Standard,Germany,50,49,UPI,Social Media,Monthly,1,6.6,16,1,Churned,588
C01645,2025-06-22,,Basic,Australia,47,19,Debit Card,Organic Search,Annual,2,12.71,13,0,Active,228
C01646,2026-02-10,,Basic,India,19,19,Debit Card,Paid Search,Annual,1,11.49,26,0,Active,228
C01647,2024-08-14,2025-08-10,Basic,Canada,61,19,PayPal,Organic Search,Monthly,2,7.87,7,1,Churned,228
C01648,2024-09-16,,Basic,United Kingdom,32,19,Debit Card,Social Media,Monthly,2,9.17,30,0,Active,228
C01649,2026-01-17,,Premium,United Kingdom,56,99,Debit Card,Referral,Monthly,4,15.08,25,0,Active,1188
C01650,2025-04-02,,Basic,United States,36,19,Credit Card,Email,Monthly,2,10.82,1,0,Active,228
C01651,2024-03-11,,Standard,Canada,34,49,Credit Card,Email,Monthly,2,14.18,25,0,Active,588
C01652,2024-05-25,2024-09-21,Standard,United States,64,49,PayPal,Social Media,Monthly,2,7.3,15,1,Churned,588
C01653,2024-03-20,,Standard,United States,43,49,Debit Card,Partner,Monthly,2,6.98,13,0,Active,588
C01654,2025-12-16,,Standard,India,48,49,PayPal,Social Media,Annual,4,9.79,24,0,Active,588
C01655,2024-12-19,2025-04-23,Standard,Canada,19,49,PayPal,Referral,Annual,1,15.34,7,1,Churned,588
C01656,2024-03-03,,Standard,Australia,57,49,PayPal,Social Media,Monthly,2,15.88,23,0,Active,588
C01657,2025-09-20,,Basic,India,46,19,Credit Card,Social Media,Annual,2,10.75,20,0,Active,228
C01658,2025-06-20,,Premium,Australia,62,99,Credit Card,Social Media,Monthly,2,10.94,17,0,Active,1188
C01659,2024-07-24,2024-12-16,Basic,United Kingdom,28,19,Debit Card,Paid Search,Monthly,1,17.86,10,1,Churned,228
C01660,2026-04-14,,Standard,Canada,58,49,Credit Card,Paid Search,Monthly,4,3.91,19,0,Active,588
C01661,2024-09-22,,Standard,India,53,49,UPI,Referral,Annual,1,9.02,24,0,Active,588
C01662,2026-03-10,,Basic,Germany,29,19,Credit Card,Email,Monthly,4,6.81,29,0,Active,228
C01663,2025-08-14,2025-10-28,Standard,Canada,26,49,UPI,Organic Search,Monthly,0,17.79,1,1,Churned,588
C01664,2025-09-05,2025-11-18,Standard,Germany,60,49,PayPal,Social Media,Monthly,1,9.18,12,1,Churned,588
C01665,2026-06-13,2025-12-31,Basic,Canada,44,19,PayPal,Organic Search,Monthly,1,22.22,17,1,Churned,228
C01666,2024-06-11,,Basic,Germany,18,19,UPI,Referral,Annual,4,10.97,18,0,Active,228
C01667,2024-10-02,,Standard,India,51,49,PayPal,Organic Search,Annual,0,10.62,11,0,Active,588
C01668,2025-02-11,2025-03-31,Basic,United States,20,19,Debit Card,Partner,Monthly,0,20.51,23,1,Churned,228
C01669,2025-12-31,,Premium,Australia,33,99,PayPal,Referral,Monthly,1,16.14,23,0,Active,1188
C01670,2024-03-10,,Standard,United Kingdom,34,49,PayPal,Email,Monthly,0,12.08,1,0,Active,588
C01671,2024-06-17,2025-10-24,Standard,Australia,48,49,Credit Card,Organic Search,Monthly,0,14.59,21,1,Churned,588
C01672,2026-03-27,,Basic,Canada,57,19,UPI,Social Media,Annual,1,18.02,9,0,Active,228
C01673,2025-07-25,,Standard,Canada,25,49,Credit Card,Email,Monthly,1,7.32,16,0,Active,588
C01674,2025-03-19,2025-07-24,Standard,Australia,41,49,Credit Card,Organic Search,Monthly,2,20.57,12,1,Churned,588
C01675,2025-02-23,,Basic,United States,39,19,PayPal,Paid Search,Monthly,4,14.08,17,0,Active,228
C01676,2025-07-20,,Basic,Germany,63,19,PayPal,Paid Search,Monthly,3,19.0,8,0,Active,228
C01677,2026-06-05,,Premium,United States,57,99,UPI,Paid Search,Monthly,1,14.71,27,0,Active,1188
C01678,2024-02-19,,Premium,Australia,30,99,UPI,Referral,Annual,3,23.3,23,0,Active,1188
C01679,2025-10-19,,Premium,United Kingdom,36,99,Debit Card,Email,Annual,3,10.24,30,0,Active,1188
C01680,2024-03-29,,Premium,Australia,38,99,Credit Card,Partner,Annual,3,16.7,6,0,Active,1188
C01681,2025-05-30,,Premium,United Kingdom,52,99,PayPal,Email,Annual,1,4.26,18,0,Active,1188
C01682,2026-03-11,,Standard,United States,63,49,Debit Card,Partner,Annual,2,11.2,9,0,Active,588
C01683,2025-11-22,,Premium,India,36,99,PayPal,Email,Monthly,2,15.57,23,0,Active,1188
C01684,2024-04-08,,Standard,United States,23,49,Credit Card,Organic Search,Monthly,5,11.42,24,0,Active,588
C01685,2024-04-14,2025-08-24,Basic,Australia,26,19,Debit Card,Paid Search,Annual,3,10.14,34,1,Churned,228
C01686,2025-10-20,,Basic,Canada,18,19,Debit Card,Referral,Monthly,3,12.93,23,0,Active,228
C01687,2024-06-19,2025-05-31,Standard,Australia,50,49,Debit Card,Partner,Monthly,3,18.78,19,1,Churned,588
C01688,2024-03-05,,Standard,Canada,60,49,Debit Card,Email,Annual,4,13.33,10,0,Active,588
C01689,2025-02-10,,Premium,United Kingdom,25,99,Credit Card,Social Media,Annual,4,20.63,22,0,Active,1188
C01690,2025-11-21,2025-12-21,Premium,United States,29,99,PayPal,Paid Search,Monthly,2,14.23,26,1,Churned,1188
C01691,2024-12-02,,Premium,Canada,60,99,Debit Card,Organic Search,Monthly,2,12.03,20,0,Active,1188
C01692,2025-04-11,,Standard,Canada,31,49,UPI,Email,Monthly,1,2.16,17,0,Active,588
C01693,2025-11-10,,Standard,Australia,42,49,Credit Card,Social Media,Monthly,1,9.74,8,0,Active,588
C01694,2024-07-09,,Standard,Germany,62,49,UPI,Email,Monthly,3,16.66,5,0,Active,588
C01695,2025-04-07,,Standard,United States,32,49,PayPal,Organic Search,Annual,3,11.56,10,0,Active,588
C01696,2026-01-17,,Premium,India,57,99,PayPal,Paid Search,Monthly,0,10.05,14,0,Active,1188
C01697,2025-05-18,2025-07-21,Basic,India,23,19,PayPal,Referral,Annual,3,16.16,16,1,Churned,228
C01698,2025-08-18,,Basic,United States,57,19,PayPal,Partner,Monthly,1,10.21,1,0,Active,228
C01699,2026-04-07,,Standard,India,18,49,Debit Card,Social Media,Monthly,5,9.13,22,0,Active,588
C01700,2024-06-10,,Basic,Germany,18,19,Debit Card,Referral,Monthly,3,11.93,16,0,Active,228
C01701,2025-11-05,,Basic,United Kingdom,26,19,Debit Card,Partner,Monthly,2,5.31,32,0,Active,228
C01702,2024-04-17,,Premium,Canada,60,99,Credit Card,Partner,Annual,2,16.05,15,0,Active,1188
C01703,2025-06-09,2025-09-25,Basic,Canada,60,19,Debit Card,Partner,Monthly,4,9.88,27,1,Churned,228
C01704,2025-12-15,,Premium,United Kingdom,41,99,UPI,Email,Monthly,1,12.92,1,0,Active,1188
C01705,2024-10-25,,Standard,United Kingdom,57,49,UPI,Social Media,Monthly,4,11.31,16,0,Active,588
C01706,2025-09-06,,Basic,Canada,21,19,Credit Card,Email,Annual,1,11.28,14,0,Active,228
C01707,2026-05-24,,Premium,United States,46,99,Credit Card,Partner,Monthly,2,12.56,13,0,Active,1188
C01708,2025-06-12,,Basic,Canada,62,19,Credit Card,Referral,Annual,1,7.05,12,0,Active,228
C01709,2024-12-16,,Basic,Australia,21,19,Credit Card,Partner,Annual,2,12.47,22,0,Active,228
C01710,2026-05-28,,Premium,Germany,48,99,PayPal,Email,Monthly,2,7.02,27,0,Active,1188
C01711,2026-03-18,,Basic,Canada,33,19,Credit Card,Organic Search,Monthly,1,12.97,14,0,Active,228
C01712,2024-04-08,,Standard,India,20,49,Debit Card,Referral,Monthly,2,12.32,16,0,Active,588
C01713,2026-03-25,,Standard,Canada,23,49,PayPal,Referral,Monthly,1,11.86,23,0,Active,588
C01714,2024-03-05,,Basic,United States,29,19,Credit Card,Email,Annual,2,15.69,13,0,Active,228
C01715,2024-06-04,,Standard,Germany,63,49,PayPal,Social Media,Annual,1,13.99,1,0,Active,588
C01716,2025-03-25,,Basic,Canada,25,19,PayPal,Referral,Monthly,2,9.38,1,0,Active,228
C01717,2024-10-18,,Basic,United States,30,19,Debit Card,Partner,Annual,2,4.41,2,0,Active,228
C01718,2024-08-22,2025-08-25,Standard,Australia,59,49,UPI,Email,Monthly,6,8.34,1,1,Churned,588
C01719,2024-09-16,,Basic,United Kingdom,25,19,Credit Card,Paid Search,Monthly,2,15.01,33,0,Active,228
C01720,2025-03-20,2025-06-19,Basic,India,59,19,UPI,Email,Monthly,2,16.71,19,1,Churned,228
C01721,2025-01-11,,Basic,United Kingdom,32,19,Credit Card,Referral,Monthly,0,5.14,19,0,Active,228
C01722,2025-03-11,2025-11-20,Basic,United Kingdom,21,19,PayPal,Referral,Monthly,3,9.66,3,1,Churned,228
C01723,2024-11-08,2025-02-03,Standard,Canada,30,49,PayPal,Partner,Monthly,2,16.14,23,1,Churned,588
C01724,2024-07-16,2025-05-07,Basic,Australia,55,19,Credit Card,Referral,Annual,3,23.87,1,1,Churned,228
C01725,2024-06-26,,Standard,Australia,21,49,Debit Card,Partner,Monthly,4,15.77,27,0,Active,588
C01726,2026-06-19,,Basic,United Kingdom,52,19,PayPal,Email,Annual,1,7.8,9,0,Active,228
C01727,2024-03-30,,Standard,Canada,61,49,Debit Card,Social Media,Annual,1,20.36,19,0,Active,588
C01728,2024-11-21,,Standard,Canada,61,49,Credit Card,Partner,Annual,2,12.83,36,0,Active,588
C01729,2025-11-01,,Standard,Australia,40,49,Credit Card,Organic Search,Annual,1,16.78,13,0,Active,588
C01730,2025-08-16,,Basic,India,26,19,UPI,Partner,Monthly,3,5.87,9,0,Active,228
C01731,2025-06-27,,Basic,Australia,20,19,UPI,Organic Search,Annual,1,16.02,14,0,Active,228
C01732,2026-04-07,,Standard,United States,48,49,PayPal,Referral,Annual,1,7.4,1,0,Active,588
C01733,2024-02-22,,Premium,United Kingdom,47,99,Debit Card,Email,Annual,1,9.96,17,0,Active,1188
C01734,2024-07-25,,Standard,United Kingdom,27,49,Credit Card,Organic Search,Monthly,1,4.6,28,0,Active,588
C01735,2025-08-17,,Premium,Canada,35,99,Credit Card,Referral,Monthly,5,9.93,19,0,Active,1188
C01736,2024-06-10,,Basic,Germany,27,19,Debit Card,Social Media,Monthly,3,8.32,14,0,Active,228
C01737,2025-04-09,,Basic,Canada,47,19,Debit Card,Organic Search,Annual,4,14.96,21,0,Active,228
C01738,2025-08-06,,Basic,United States,44,19,Debit Card,Paid Search,Annual,0,11.13,7,0,Active,228
C01739,2025-05-13,,Premium,Canada,32,99,Debit Card,Organic Search,Annual,0,16.6,25,0,Active,1188
C01740,2025-07-13,,Basic,Canada,44,19,Credit Card,Organic Search,Annual,1,11.41,3,0,Active,228
C01741,2025-07-10,,Basic,Canada,58,19,Credit Card,Email,Monthly,1,12.52,24,0,Active,228
C01742,2025-08-09,,Premium,Canada,58,99,Debit Card,Email,Monthly,6,13.22,8,0,Active,1188
C01743,2025-02-18,,Basic,Germany,24,19,Credit Card,Paid Search,Monthly,2,12.36,25,0,Active,228
C01744,2024-07-28,,Premium,Canada,49,99,Credit Card,Email,Monthly,1,28.08,6,0,Active,1188
C01745,2026-02-21,,Basic,Canada,31,19,PayPal,Paid Search,Annual,1,12.78,14,0,Active,228
C01746,2026-05-15,,Premium,United Kingdom,45,99,Debit Card,Organic Search,Monthly,4,8.48,7,0,Active,1188
C01747,2024-02-28,,Basic,Canada,57,19,UPI,Referral,Monthly,2,18.71,4,0,Active,228
C01748,2025-01-04,,Standard,India,30,49,PayPal,Referral,Monthly,4,10.79,24,0,Active,588
C01749,2024-11-30,,Basic,India,54,19,UPI,Organic Search,Annual,1,10.11,23,0,Active,228
C01750,2025-05-16,,Basic,United States,49,19,PayPal,Referral,Monthly,1,17.49,20,0,Active,228
C01751,2024-03-10,,Basic,United States,18,19,PayPal,Social Media,Monthly,4,21.92,5,0,Active,228
C01752,2026-01-02,2025-12-31,Basic,United States,41,19,Credit Card,Paid Search,Annual,3,17.79,26,1,Churned,228
C01753,2026-06-05,2025-12-31,Premium,United Kingdom,34,99,Credit Card,Social Media,Monthly,2,16.44,23,1,Churned,1188
C01754,2024-07-16,,Standard,United Kingdom,44,49,UPI,Social Media,Monthly,1,0.0,34,0,Active,588
C01755,2026-01-06,,Standard,United Kingdom,54,49,UPI,Paid Search,Annual,0,14.25,2,0,Active,588
C01756,2025-09-09,,Basic,Canada,56,19,Debit Card,Referral,Monthly,4,12.47,13,0,Active,228
C01757,2026-05-07,,Basic,India,51,19,UPI,Paid Search,Annual,1,20.97,14,0,Active,228
C01758,2024-07-23,,Premium,Australia,22,99,Debit Card,Email,Annual,2,10.19,12,0,Active,1188
C01759,2024-06-23,,Basic,United States,41,19,PayPal,Email,Monthly,2,7.13,26,0,Active,228
C01760,2025-04-28,,Basic,Australia,29,19,Debit Card,Referral,Monthly,3,16.68,25,0,Active,228
C01761,2025-05-23,2025-09-22,Basic,Canada,62,19,PayPal,Email,Monthly,1,10.53,9,1,Churned,228
C01762,2024-11-12,2025-08-29,Standard,Germany,48,49,Debit Card,Organic Search,Monthly,4,9.47,19,1,Churned,588
C01763,2025-12-15,,Basic,Australia,43,19,PayPal,Email,Monthly,0,12.08,23,0,Active,228
C01764,2026-01-21,,Basic,United Kingdom,46,19,UPI,Paid Search,Monthly,1,12.38,24,0,Active,228
C01765,2024-02-27,2025-04-26,Standard,United Kingdom,47,49,Credit Card,Referral,Monthly,2,13.09,1,1,Churned,588
C01766,2024-10-22,,Standard,United Kingdom,27,49,Credit Card,Social Media,Monthly,4,6.92,8,0,Active,588
C01767,2025-11-13,,Standard,Australia,55,49,UPI,Partner,Monthly,0,6.78,7,0,Active,588
C01768,2026-03-22,2025-12-31,Basic,India,18,19,UPI,Organic Search,Monthly,0,17.2,10,1,Churned,228
C01769,2025-06-08,2025-07-19,Standard,Canada,21,49,Credit Card,Partner,Annual,0,5.8,23,1,Churned,588
C01770,2026-06-03,,Basic,United Kingdom,39,19,Debit Card,Social Media,Monthly,1,13.78,26,0,Active,228
C01771,2026-05-21,2025-12-31,Standard,Canada,60,49,PayPal,Paid Search,Monthly,3,9.79,35,1,Churned,588
C01772,2025-01-14,,Standard,Canada,23,49,PayPal,Referral,Annual,2,19.1,13,0,Active,588
C01773,2024-08-15,,Standard,India,26,49,Debit Card,Email,Monthly,2,10.29,3,0,Active,588
C01774,2025-01-24,,Basic,Canada,48,19,PayPal,Social Media,Monthly,1,8.79,12,0,Active,228
C01775,2024-05-21,,Standard,India,63,49,Credit Card,Social Media,Monthly,2,6.03,25,0,Active,588
C01776,2025-09-28,2025-11-28,Basic,Germany,43,19,Credit Card,Paid Search,Monthly,2,9.79,20,1,Churned,228
C01777,2025-08-22,,Standard,United Kingdom,46,49,UPI,Paid Search,Monthly,1,7.21,20,0,Active,588
C01778,2026-01-19,,Standard,Canada,25,49,PayPal,Referral,Monthly,2,18.17,19,0,Active,588
C01779,2024-04-26,,Standard,United Kingdom,44,49,Credit Card,Partner,Monthly,2,1.94,22,0,Active,588
C01780,2025-11-28,,Premium,India,54,99,PayPal,Email,Monthly,1,8.06,18,0,Active,1188
C01781,2026-06-12,,Premium,United States,23,99,Debit Card,Email,Monthly,4,14.45,13,0,Active,1188
C01782,2026-05-21,2025-12-31,Standard,Germany,20,49,Credit Card,Partner,Monthly,1,0.0,17,1,Churned,588
C01783,2025-02-09,2025-08-01,Basic,United Kingdom,20,19,Debit Card,Email,Annual,1,15.1,14,1,Churned,228
C01784,2025-01-09,,Basic,Australia,64,19,Credit Card,Referral,Monthly,1,16.93,24,0,Active,228
C01785,2025-10-25,,Premium,Germany,30,99,Credit Card,Email,Annual,0,4.68,1,0,Active,1188
C01786,2024-12-13,,Premium,Germany,28,99,Credit Card,Paid Search,Annual,2,12.03,2,0,Active,1188
C01787,2026-03-29,,Premium,United Kingdom,32,99,Debit Card,Organic Search,Monthly,1,10.31,16,0,Active,1188
C01788,2025-01-11,,Premium,Germany,42,99,PayPal,Organic Search,Monthly,2,6.16,15,0,Active,1188
C01789,2024-07-07,,Standard,Canada,40,49,PayPal,Paid Search,Monthly,1,10.81,10,0,Active,588
C01790,2025-03-13,2025-10-24,Basic,India,30,19,Debit Card,Social Media,Monthly,1,9.13,13,1,Churned,228
C01791,2025-07-06,,Premium,Australia,57,99,UPI,Social Media,Annual,2,16.2,8,0,Active,1188
C01792,2026-01-31,,Premium,United States,34,99,Debit Card,Partner,Monthly,2,10.63,12,0,Active,1188
C01793,2026-06-05,,Basic,Australia,21,19,PayPal,Email,Monthly,3,10.88,24,0,Active,228
C01794,2026-05-10,,Standard,Australia,55,49,Debit Card,Partner,Annual,0,7.54,24,0,Active,588
C01795,2024-09-14,2025-05-20,Standard,Canada,45,49,Debit Card,Referral,Monthly,3,8.43,10,1,Churned,588
C01796,2025-12-31,,Standard,United States,48,49,UPI,Social Media,Annual,3,16.95,20,0,Active,588
C01797,2024-04-26,,Basic,United Kingdom,50,19,Credit Card,Organic Search,Annual,1,14.71,7,0,Active,228
C01798,2026-04-21,2025-12-31,Basic,Australia,49,19,UPI,Partner,Monthly,3,6.6,31,1,Churned,228
C01799,2026-03-19,,Basic,Australia,58,19,UPI,Referral,Annual,1,6.23,3,0,Active,228
C01800,2024-10-20,,Standard,United Kingdom,49,49,Debit Card,Partner,Monthly,1,10.43,17,0,Active,588
C01801,2024-10-15,,Standard,India,58,49,UPI,Organic Search,Annual,2,15.21,7,0,Active,588
C01802,2025-03-01,,Standard,Germany,50,49,UPI,Paid Search,Monthly,3,14.84,25,0,Active,588
C01803,2025-05-11,,Premium,United Kingdom,26,99,Credit Card,Social Media,Annual,1,8.36,11,0,Active,1188
C01804,2024-07-20,,Premium,Australia,57,99,PayPal,Email,Monthly,1,21.62,11,0,Active,1188
C01805,2025-10-10,,Standard,Canada,43,49,UPI,Partner,Monthly,3,4.7,16,0,Active,588
C01806,2024-06-10,2024-10-01,Basic,United States,64,19,UPI,Social Media,Annual,3,14.91,16,1,Churned,228
C01807,2024-08-21,,Basic,United States,52,19,UPI,Paid Search,Monthly,6,13.75,9,0,Active,228
C01808,2025-06-12,2025-10-03,Premium,Canada,32,99,PayPal,Referral,Annual,2,10.79,23,1,Churned,1188
C01809,2025-12-19,,Standard,United Kingdom,25,49,PayPal,Organic Search,Monthly,2,11.37,12,0,Active,588
C01810,2026-05-15,,Basic,Australia,25,19,Credit Card,Organic Search,Monthly,3,17.14,14,0,Active,228
C01811,2024-05-06,,Basic,United Kingdom,38,19,UPI,Partner,Annual,6,5.96,31,0,Active,228
C01812,2025-06-03,,Standard,United Kingdom,19,49,Credit Card,Paid Search,Monthly,4,20.12,32,0,Active,588
C01813,2026-04-02,2025-12-31,Basic,United Kingdom,19,19,Debit Card,Social Media,Monthly,2,6.23,16,1,Churned,228
C01814,2024-12-01,,Premium,Australia,40,99,UPI,Organic Search,Monthly,1,14.02,20,0,Active,1188
C01815,2025-04-26,,Basic,United Kingdom,44,19,Debit Card,Referral,Monthly,4,12.43,25,0,Active,228
C01816,2026-01-29,2025-12-31,Standard,Australia,51,49,UPI,Referral,Monthly,2,14.74,11,1,Churned,588
C01817,2024-12-28,,Standard,Germany,56,49,PayPal,Social Media,Monthly,0,13.3,15,0,Active,588
C01818,2026-04-26,,Standard,India,40,49,Debit Card,Partner,Monthly,0,6.77,5,0,Active,588
C01819,2025-10-16,,Standard,Germany,24,49,PayPal,Paid Search,Monthly,1,9.76,27,0,Active,588
C01820,2025-11-14,,Premium,Canada,48,99,PayPal,Social Media,Annual,2,19.09,1,0,Active,1188
C01821,2025-10-04,,Standard,Germany,26,49,UPI,Partner,Annual,2,15.7,7,0,Active,588
C01822,2025-05-08,2025-11-24,Standard,Australia,59,49,Debit Card,Paid Search,Monthly,2,13.37,13,1,Churned,588
C01823,2026-06-03,,Standard,United Kingdom,18,49,Credit Card,Referral,Annual,1,14.43,21,0,Active,588
C01824,2026-03-02,,Premium,United States,37,99,PayPal,Organic Search,Monthly,2,9.58,23,0,Active,1188
C01825,2024-03-31,2025-08-29,Standard,Canada,47,49,UPI,Email,Monthly,3,7.05,11,1,Churned,588
C01826,2025-08-15,,Basic,Germany,48,19,UPI,Organic Search,Annual,3,8.73,11,0,Active,228
C01827,2025-06-23,,Standard,Germany,54,49,UPI,Referral,Monthly,2,14.37,15,0,Active,588
C01828,2025-12-08,2025-12-31,Premium,United States,37,99,Debit Card,Organic Search,Monthly,2,12.22,21,1,Churned,1188
C01829,2024-05-22,,Basic,Canada,23,19,Credit Card,Partner,Monthly,1,4.17,31,0,Active,228
C01830,2026-04-14,,Basic,United Kingdom,54,19,Debit Card,Organic Search,Annual,3,7.71,12,0,Active,228
C01831,2026-06-18,2025-12-31,Basic,United States,35,19,UPI,Email,Monthly,3,7.3,1,1,Churned,228
C01832,2025-07-25,,Standard,United States,56,49,Debit Card,Social Media,Annual,3,14.06,12,0,Active,588
C01833,2024-12-23,,Premium,Canada,33,99,PayPal,Referral,Monthly,3,15.97,13,0,Active,1188
C01834,2025-12-20,,Standard,United States,20,49,UPI,Partner,Monthly,3,9.17,1,0,Active,588
C01835,2026-03-06,,Basic,United States,29,19,Debit Card,Paid Search,Monthly,3,11.12,22,0,Active,228
C01836,2025-02-02,,Standard,Germany,20,49,Credit Card,Paid Search,Monthly,2,6.75,8,0,Active,588
C01837,2024-03-02,,Standard,United States,53,49,PayPal,Organic Search,Monthly,2,13.44,13,0,Active,588
C01838,2025-10-13,2025-11-17,Premium,Australia,42,99,UPI,Social Media,Monthly,1,9.2,13,1,Churned,1188
C01839,2024-02-27,,Premium,United Kingdom,54,99,Credit Card,Paid Search,Monthly,1,18.71,12,0,Active,1188
C01840,2025-01-20,2025-03-24,Standard,United Kingdom,56,49,Debit Card,Referral,Monthly,1,5.29,9,1,Churned,588
C01841,2025-09-19,2025-12-01,Basic,Canada,31,19,PayPal,Social Media,Monthly,1,15.2,21,1,Churned,228
C01842,2025-04-11,,Basic,Canada,34,19,Credit Card,Partner,Monthly,1,0.0,9,0,Active,228
C01843,2026-05-11,,Standard,United States,40,49,Debit Card,Email,Monthly,1,4.71,32,0,Active,588
C01844,2026-03-31,2025-12-31,Basic,Canada,60,19,UPI,Social Media,Monthly,2,15.17,17,1,Churned,228
C01845,2026-03-29,,Standard,Canada,31,49,Credit Card,Referral,Monthly,1,9.28,17,0,Active,588
C01846,2024-05-02,,Basic,United States,54,19,UPI,Email,Monthly,0,18.35,18,0,Active,228
C01847,2024-12-08,,Basic,United Kingdom,32,19,PayPal,Partner,Monthly,0,1.84,28,0,Active,228
C01848,2024-11-14,,Standard,United Kingdom,29,49,PayPal,Organic Search,Monthly,1,19.15,17,0,Active,588
C01849,2025-10-21,,Standard,Australia,61,49,Credit Card,Email,Monthly,1,12.17,13,0,Active,588
C01850,2025-03-13,,Premium,India,53,99,Debit Card,Partner,Monthly,2,13.51,1,0,Active,1188
C01851,2025-01-26,,Standard,United Kingdom,27,49,Credit Card,Organic Search,Monthly,2,14.22,10,0,Active,588
C01852,2025-11-29,2025-12-29,Standard,United Kingdom,42,49,Credit Card,Partner,Monthly,1,13.13,20,1,Churned,588
C01853,2025-08-21,,Basic,Australia,55,19,Debit Card,Email,Monthly,3,6.22,1,0,Active,228
C01854,2026-06-14,,Standard,United Kingdom,27,49,Credit Card,Social Media,Monthly,0,14.83,24,0,Active,588
C01855,2025-05-20,,Premium,United Kingdom,44,99,Credit Card,Organic Search,Monthly,3,19.29,10,0,Active,1188
C01856,2024-03-26,,Basic,Germany,49,19,UPI,Partner,Monthly,1,16.25,21,0,Active,228
C01857,2024-05-21,,Basic,United States,26,19,UPI,Organic Search,Monthly,1,14.21,15,0,Active,228
C01858,2026-02-17,,Standard,Germany,21,49,Debit Card,Social Media,Annual,1,8.69,16,0,Active,588
C01859,2024-05-28,,Basic,United Kingdom,59,19,Credit Card,Organic Search,Monthly,5,9.49,5,0,Active,228
C01860,2024-06-16,2025-09-18,Standard,Canada,55,49,PayPal,Social Media,Monthly,3,10.27,22,1,Churned,588
C01861,2025-03-27,,Basic,Germany,63,19,Credit Card,Email,Annual,3,15.49,1,0,Active,228
C01862,2025-01-07,,Basic,Germany,24,19,UPI,Email,Monthly,3,19.2,1,0,Active,228
C01863,2025-08-02,2025-11-25,Standard,United States,30,49,UPI,Paid Search,Monthly,2,14.09,11,1,Churned,588
C01864,2024-12-26,,Standard,United Kingdom,58,49,Debit Card,Organic Search,Monthly,3,17.08,6,0,Active,588
C01865,2024-03-27,,Standard,Canada,48,49,Debit Card,Organic Search,Monthly,2,1.4,5,0,Active,588
C01866,2024-09-16,,Basic,Australia,48,19,Credit Card,Referral,Monthly,1,13.14,14,0,Active,228
C01867,2024-11-22,,Basic,India,45,19,UPI,Email,Monthly,2,19.1,17,0,Active,228
C01868,2024-04-03,2025-06-29,Basic,United Kingdom,61,19,UPI,Paid Search,Monthly,3,19.22,4,1,Churned,228
C01869,2025-08-15,,Standard,United States,40,49,PayPal,Partner,Monthly,1,13.28,22,0,Active,588
C01870,2026-01-19,,Standard,Germany,60,49,Debit Card,Organic Search,Monthly,1,10.92,34,0,Active,588
C01871,2025-10-17,,Basic,Australia,52,19,PayPal,Paid Search,Monthly,2,15.89,10,0,Active,228
C01872,2025-05-06,,Basic,United States,36,19,PayPal,Referral,Monthly,3,22.51,19,0,Active,228
C01873,2025-06-30,2025-08-10,Basic,Australia,37,19,Debit Card,Paid Search,Annual,1,7.36,32,1,Churned,228
C01874,2026-01-18,,Standard,United States,62,49,Debit Card,Social Media,Monthly,3,14.67,14,0,Active,588
C01875,2024-12-05,2025-06-29,Basic,Australia,32,19,UPI,Organic Search,Monthly,2,11.09,15,1,Churned,228
C01876,2024-10-14,,Basic,United States,21,19,Credit Card,Referral,Annual,3,10.8,24,0,Active,228
C01877,2024-02-29,,Premium,Germany,47,99,PayPal,Social Media,Annual,2,12.1,1,0,Active,1188
C01878,2026-01-19,,Premium,Australia,42,99,UPI,Organic Search,Annual,2,24.13,14,0,Active,1188
C01879,2026-03-27,,Standard,Australia,28,49,PayPal,Paid Search,Monthly,2,6.85,1,0,Active,588
C01880,2025-06-16,,Standard,Canada,49,49,Debit Card,Email,Annual,4,12.38,20,0,Active,588
C01881,2026-02-10,2025-12-31,Premium,Germany,20,99,Debit Card,Partner,Monthly,1,13.78,37,1,Churned,1188
C01882,2025-01-19,,Premium,India,18,99,Credit Card,Email,Monthly,1,12.06,21,0,Active,1188
C01883,2025-04-07,2025-11-23,Premium,United States,63,99,Debit Card,Partner,Monthly,0,6.59,12,1,Churned,1188
C01884,2024-03-17,,Standard,Australia,59,49,Debit Card,Email,Monthly,1,18.04,6,0,Active,588
C01885,2025-09-14,,Standard,Australia,59,49,Debit Card,Paid Search,Monthly,0,6.12,13,0,Active,588
C01886,2024-08-23,,Premium,United Kingdom,49,99,Credit Card,Social Media,Monthly,3,17.28,1,0,Active,1188
C01887,2025-02-04,,Premium,United States,41,99,Credit Card,Paid Search,Annual,2,10.56,7,0,Active,1188
C01888,2025-11-06,,Premium,India,33,99,Credit Card,Email,Annual,0,7.93,8,0,Active,1188
C01889,2024-03-08,,Standard,Australia,24,49,Debit Card,Organic Search,Monthly,6,4.56,17,0,Active,588
C01890,2025-03-24,2025-05-15,Standard,United States,25,49,PayPal,Referral,Monthly,1,14.11,14,1,Churned,588
C01891,2025-11-20,2025-12-20,Basic,United Kingdom,42,19,Credit Card,Email,Monthly,1,15.02,27,1,Churned,228
C01892,2025-12-27,2025-12-31,Basic,India,58,19,Credit Card,Organic Search,Monthly,3,12.78,23,1,Churned,228
C01893,2024-08-16,2025-12-01,Basic,United States,41,19,Credit Card,Partner,Monthly,2,9.06,30,1,Churned,228
C01894,2024-04-30,2025-08-25,Standard,Germany,25,49,Debit Card,Paid Search,Monthly,2,16.32,15,1,Churned,588
C01895,2024-10-13,,Basic,Canada,43,19,Credit Card,Organic Search,Monthly,2,7.08,26,0,Active,228
C01896,2025-04-21,,Basic,Canada,27,19,UPI,Email,Monthly,1,5.77,3,0,Active,228
C01897,2024-10-16,,Standard,United Kingdom,35,49,PayPal,Social Media,Monthly,1,13.14,4,0,Active,588
C01898,2026-03-04,,Standard,United Kingdom,26,49,PayPal,Social Media,Monthly,2,11.62,10,0,Active,588
C01899,2025-08-05,,Premium,United Kingdom,19,99,Debit Card,Organic Search,Annual,0,12.81,12,0,Active,1188
C01900,2025-05-17,2025-11-08,Basic,Australia,19,19,Debit Card,Social Media,Monthly,2,6.89,1,1,Churned,228
C01901,2026-03-28,,Premium,Germany,19,99,PayPal,Email,Annual,3,13.24,22,0,Active,1188
C01902,2025-04-27,,Basic,Australia,51,19,Credit Card,Referral,Annual,4,12.97,4,0,Active,228
C01903,2025-03-06,,Basic,United Kingdom,35,19,Credit Card,Referral,Monthly,1,11.51,9,0,Active,228
C01904,2026-05-04,,Standard,United Kingdom,49,49,PayPal,Paid Search,Monthly,2,17.26,6,0,Active,588
C01905,2024-08-25,,Premium,Canada,58,99,PayPal,Organic Search,Monthly,0,7.85,34,0,Active,1188
C01906,2026-05-30,,Basic,Canada,19,19,Debit Card,Paid Search,Monthly,1,10.16,26,0,Active,228
C01907,2024-10-25,,Basic,United Kingdom,34,19,Debit Card,Email,Annual,1,12.54,4,0,Active,228
C01908,2025-12-20,,Basic,India,52,19,Credit Card,Paid Search,Annual,2,19.25,28,0,Active,228
C01909,2026-03-21,,Standard,United Kingdom,29,49,Credit Card,Referral,Monthly,3,9.75,13,0,Active,588
C01910,2024-04-04,,Standard,Germany,43,49,UPI,Referral,Monthly,3,13.06,18,0,Active,588
C01911,2024-08-05,,Basic,United Kingdom,64,19,Credit Card,Partner,Annual,1,8.91,23,0,Active,228
C01912,2024-12-14,2025-02-05,Basic,India,49,19,UPI,Email,Monthly,1,10.32,16,1,Churned,228
C01913,2025-06-01,,Standard,United States,19,49,Debit Card,Referral,Annual,2,11.46,18,0,Active,588
C01914,2025-07-23,,Premium,Australia,37,99,Credit Card,Email,Annual,2,15.56,3,0,Active,1188
C01915,2026-05-31,,Standard,India,48,49,Debit Card,Email,Monthly,1,16.11,35,0,Active,588
C01916,2024-04-13,2025-01-30,Standard,Australia,50,49,PayPal,Partner,Annual,2,15.0,29,1,Churned,588
C01917,2024-07-23,,Standard,Australia,43,49,UPI,Paid Search,Monthly,1,1.95,9,0,Active,588
C01918,2025-11-01,2025-12-11,Standard,Germany,59,49,PayPal,Organic Search,Monthly,3,5.5,23,1,Churned,588
C01919,2024-12-04,,Basic,United States,56,19,Debit Card,Partner,Monthly,3,4.49,16,0,Active,228
C01920,2025-03-27,,Standard,United States,63,49,Credit Card,Organic Search,Annual,1,13.24,32,0,Active,588
C01921,2025-09-03,,Standard,India,37,49,Credit Card,Email,Annual,2,6.6,7,0,Active,588
C01922,2025-01-08,,Standard,Germany,23,49,Credit Card,Social Media,Annual,1,8.73,19,0,Active,588
C01923,2024-12-12,2025-05-01,Basic,Australia,38,19,UPI,Paid Search,Monthly,2,13.34,24,1,Churned,228
C01924,2025-07-28,,Premium,United States,33,99,UPI,Referral,Monthly,1,8.17,14,0,Active,1188
C01925,2026-02-01,2025-12-31,Standard,Germany,18,49,Credit Card,Partner,Monthly,0,10.42,24,1,Churned,588
C01926,2025-10-27,,Premium,United Kingdom,57,99,UPI,Partner,Annual,0,13.73,5,0,Active,1188
C01927,2026-01-14,,Standard,United States,18,49,UPI,Email,Monthly,3,18.88,6,0,Active,588
C01928,2025-11-22,,Basic,Australia,45,19,Credit Card,Referral,Annual,3,5.65,17,0,Active,228
C01929,2024-08-02,2024-10-06,Premium,Canada,38,99,Debit Card,Organic Search,Annual,2,16.44,26,1,Churned,1188
C01930,2025-08-28,,Standard,United States,61,49,Debit Card,Email,Monthly,1,4.15,9,0,Active,588
C01931,2024-11-03,,Basic,Australia,34,19,Credit Card,Paid Search,Annual,4,10.13,18,0,Active,228
C01932,2026-05-05,2025-12-31,Basic,India,59,19,Credit Card,Organic Search,Monthly,1,16.04,36,1,Churned,228
C01933,2024-09-25,,Basic,Germany,34,19,UPI,Paid Search,Monthly,2,12.66,25,0,Active,228
C01934,2026-03-26,,Basic,Canada,32,19,Credit Card,Referral,Annual,1,16.38,20,0,Active,228
C01935,2024-04-19,2025-08-06,Standard,India,42,49,PayPal,Email,Annual,2,7.22,22,1,Churned,588
C01936,2024-11-07,,Basic,Australia,58,19,PayPal,Referral,Monthly,2,17.35,4,0,Active,228
C01937,2024-04-25,,Basic,United States,52,19,Credit Card,Referral,Monthly,4,11.24,26,0,Active,228
C01938,2026-06-16,,Premium,United States,22,99,UPI,Partner,Monthly,0,17.27,36,0,Active,1188
C01939,2025-05-23,2025-08-28,Standard,United States,20,49,PayPal,Partner,Annual,3,17.53,1,1,Churned,588
C01940,2024-04-25,,Premium,United States,19,99,PayPal,Social Media,Monthly,1,6.91,25,0,Active,1188
C01941,2024-04-03,,Basic,United Kingdom,40,19,PayPal,Paid Search,Monthly,0,14.09,11,0,Active,228
C01942,2025-10-10,,Standard,Australia,50,49,Debit Card,Organic Search,Annual,5,10.75,13,0,Active,588
C01943,2025-08-28,2025-11-14,Basic,United Kingdom,53,19,Debit Card,Partner,Monthly,1,9.9,17,1,Churned,228
C01944,2025-02-05,,Standard,Canada,34,49,PayPal,Partner,Annual,1,10.8,16,0,Active,588
C01945,2024-11-02,2025-12-04,Standard,Australia,42,49,Debit Card,Referral,Monthly,3,7.2,22,1,Churned,588
C01946,2025-07-07,,Standard,Canada,37,49,Credit Card,Organic Search,Monthly,1,16.41,20,0,Active,588
C01947,2026-03-01,,Standard,India,50,49,Credit Card,Paid Search,Monthly,4,7.89,1,0,Active,588
C01948,2025-03-31,,Basic,United States,21,19,PayPal,Referral,Annual,1,13.16,6,0,Active,228
C01949,2026-02-11,,Basic,Canada,53,19,PayPal,Email,Monthly,2,14.23,14,0,Active,228
C01950,2024-07-18,,Premium,United Kingdom,61,99,Credit Card,Email,Monthly,1,9.39,28,0,Active,1188
C01951,2024-12-22,,Standard,Australia,25,49,PayPal,Social Media,Annual,5,18.0,2,0,Active,588
C01952,2025-06-07,,Basic,India,25,19,Debit Card,Email,Monthly,2,7.36,13,0,Active,228
C01953,2024-03-30,,Basic,India,58,19,UPI,Email,Monthly,0,14.27,20,0,Active,228
C01954,2026-05-03,,Basic,Australia,40,19,UPI,Paid Search,Annual,3,5.46,29,0,Active,228
C01955,2025-06-05,,Standard,Australia,29,49,Debit Card,Email,Monthly,3,0.0,24,0,Active,588
C01956,2025-03-21,,Basic,India,28,19,PayPal,Organic Search,Annual,3,9.12,28,0,Active,228
C01957,2025-05-01,,Standard,Canada,38,49,Debit Card,Paid Search,Annual,2,17.01,14,0,Active,588
C01958,2026-06-19,2025-12-31,Basic,Australia,51,19,Debit Card,Social Media,Monthly,2,20.16,26,1,Churned,228
C01959,2024-11-11,,Basic,Canada,19,19,PayPal,Social Media,Monthly,4,9.28,1,0,Active,228
C01960,2024-03-10,,Standard,Germany,20,49,Debit Card,Paid Search,Monthly,1,13.77,35,0,Active,588
C01961,2024-03-10,,Premium,Germany,38,99,Credit Card,Social Media,Monthly,4,8.97,15,0,Active,1188
C01962,2026-01-02,,Basic,Canada,25,19,PayPal,Organic Search,Annual,2,16.11,17,0,Active,228
C01963,2024-06-22,,Basic,Germany,31,19,Credit Card,Social Media,Monthly,3,17.96,7,0,Active,228
C01964,2026-02-23,,Standard,India,63,49,UPI,Social Media,Annual,0,28.86,11,0,Active,588
C01965,2024-06-08,,Basic,Canada,46,19,Credit Card,Referral,Monthly,1,24.68,19,0,Active,228
C01966,2026-01-08,,Basic,Australia,59,19,PayPal,Paid Search,Annual,3,15.1,14,0,Active,228
C01967,2024-07-23,,Basic,Canada,33,19,UPI,Social Media,Annual,2,9.26,32,0,Active,228
C01968,2024-12-27,2025-03-30,Standard,India,58,49,PayPal,Email,Annual,0,11.18,16,1,Churned,588
C01969,2026-02-11,,Basic,India,28,19,Credit Card,Referral,Annual,2,24.09,13,0,Active,228
C01970,2026-02-18,,Basic,Germany,30,19,Debit Card,Social Media,Monthly,1,10.29,5,0,Active,228
C01971,2024-11-05,,Premium,India,30,99,UPI,Partner,Monthly,2,10.24,11,0,Active,1188
C01972,2026-06-03,2025-12-31,Standard,United States,53,49,PayPal,Paid Search,Monthly,5,13.86,15,1,Churned,588
C01973,2025-08-26,,Premium,Australia,27,99,Debit Card,Partner,Monthly,1,10.33,2,0,Active,1188
C01974,2026-05-28,2025-12-31,Standard,Canada,18,49,UPI,Email,Annual,2,6.41,30,1,Churned,588
C01975,2025-08-23,,Basic,Canada,45,19,UPI,Partner,Monthly,2,14.77,19,0,Active,228
C01976,2024-03-28,,Premium,Canada,53,99,PayPal,Social Media,Monthly,1,21.56,6,0,Active,1188
C01977,2025-10-19,,Standard,United States,33,49,PayPal,Paid Search,Monthly,3,8.54,31,0,Active,588
C01978,2025-09-03,2025-11-07,Basic,United Kingdom,55,19,PayPal,Organic Search,Monthly,6,18.61,1,1,Churned,228
C01979,2025-05-27,,Standard,Germany,36,49,UPI,Paid Search,Monthly,3,15.68,7,0,Active,588
C01980,2025-05-24,,Basic,Canada,24,19,PayPal,Partner,Monthly,3,5.5,9,0,Active,228
C01981,2025-02-15,,Standard,United States,35,49,UPI,Email,Annual,2,10.4,18,0,Active,588
C01982,2026-03-01,2025-12-31,Basic,United States,29,19,PayPal,Referral,Monthly,2,7.44,13,1,Churned,228
C01983,2025-08-18,,Basic,Australia,44,19,Credit Card,Referral,Annual,3,11.61,16,0,Active,228
C01984,2025-06-06,,Basic,United States,33,19,Credit Card,Referral,Annual,0,10.61,17,0,Active,228
C01985,2026-02-21,,Standard,Germany,47,49,UPI,Referral,Monthly,1,11.5,22,0,Active,588
C01986,2024-09-18,,Premium,United States,52,99,PayPal,Paid Search,Annual,3,11.34,15,0,Active,1188
C01987,2026-05-09,2025-12-31,Basic,Canada,32,19,PayPal,Referral,Monthly,0,2.86,2,1,Churned,228
C01988,2026-03-07,,Basic,United Kingdom,51,19,Debit Card,Paid Search,Monthly,3,18.18,1,0,Active,228
C01989,2026-03-11,,Standard,United States,55,49,Credit Card,Partner,Monthly,3,7.4,5,0,Active,588
C01990,2025-09-26,,Basic,Australia,24,19,Debit Card,Referral,Annual,1,4.74,5,0,Active,228
C01991,2024-06-19,2025-10-28,Basic,United States,54,19,Credit Card,Email,Monthly,1,15.09,27,1,Churned,228
C01992,2026-03-01,2025-12-31,Basic,Australia,40,19,Credit Card,Organic Search,Monthly,2,10.45,24,1,Churned,228
C01993,2024-09-10,,Basic,Australia,59,19,PayPal,Paid Search,Monthly,0,4.37,1,0,Active,228
C01994,2025-11-14,,Basic,India,20,19,UPI,Social Media,Monthly,0,14.32,24,0,Active,228
C01995,2024-10-03,,Basic,United Kingdom,45,19,UPI,Email,Monthly,2,14.72,18,0,Active,228
C01996,2026-04-24,,Premium,India,58,99,PayPal,Paid Search,Annual,1,8.06,1,0,Active,1188
C01997,2024-09-22,,Premium,Australia,61,99,Debit Card,Social Media,Monthly,2,16.13,17,0,Active,1188
C01998,2025-12-04,,Premium,Canada,18,99,PayPal,Email,Annual,3,18.2,18,0,Active,1188
C01999,2025-08-23,2025-11-05,Premium,India,20,99,Credit Card,Organic Search,Monthly,0,7.71,12,1,Churned,1188
C02000,2025-01-20,,Standard,Canada,64,49,PayPal,Partner,Monthly,3,5.71,26,0,Active,588
C02001,2024-03-04,,Premium,Australia,41,99,Debit Card,Email,Monthly,1,12.73,15,0,Active,1188
C02002,2026-03-02,2025-12-31,Premium,India,52,99,Debit Card,Referral,Monthly,5,13.26,20,1,Churned,1188
C02003,2025-04-27,2025-12-18,Standard,United Kingdom,29,49,UPI,Paid Search,Monthly,3,16.92,10,1,Churned,588
C02004,2025-04-02,,Basic,India,64,19,Credit Card,Organic Search,Monthly,2,9.54,31,0,Active,228
C02005,2025-01-20,,Standard,United Kingdom,35,49,UPI,Partner,Annual,3,10.14,15,0,Active,588
C02006,2024-04-21,,Premium,United Kingdom,42,99,UPI,Email,Monthly,3,5.09,1,0,Active,1188
C02007,2025-12-09,2025-12-31,Standard,United Kingdom,45,49,Credit Card,Partner,Monthly,1,15.79,1,1,Churned,588
C02008,2025-10-16,,Basic,Germany,35,19,Credit Card,Referral,Monthly,2,14.46,7,0,Active,228
C02009,2024-11-01,,Basic,United Kingdom,40,19,Credit Card,Email,Monthly,5,14.61,11,0,Active,228
C02010,2025-09-05,,Premium,Canada,49,99,UPI,Organic Search,Annual,2,19.32,21,0,Active,1188
C02011,2024-11-04,2025-06-16,Basic,India,64,19,Credit Card,Partner,Monthly,2,12.32,17,1,Churned,228
C02012,2025-03-19,,Basic,India,25,19,UPI,Referral,Monthly,2,12.19,31,0,Active,228
C02013,2026-05-04,2025-12-31,Premium,Canada,35,99,UPI,Partner,Monthly,1,4.89,11,1,Churned,1188
C02014,2025-03-31,,Basic,Australia,63,19,Debit Card,Email,Monthly,2,19.42,43,0,Active,228
C02015,2024-11-05,2025-11-06,Basic,Canada,57,19,PayPal,Organic Search,Monthly,3,14.17,17,1,Churned,228
C02016,2025-01-11,,Basic,India,54,19,Credit Card,Paid Search,Annual,3,4.08,21,0,Active,228
C02017,2024-12-05,,Premium,India,57,99,PayPal,Organic Search,Annual,2,18.15,1,0,Active,1188
C02018,2025-06-09,,Standard,Canada,38,49,Debit Card,Organic Search,Annual,4,6.55,14,0,Active,588
C02019,2026-05-16,,Standard,United States,43,49,PayPal,Social Media,Annual,4,20.44,8,0,Active,588
C02020,2024-05-24,,Premium,Australia,60,99,PayPal,Partner,Monthly,0,14.46,11,0,Active,1188
C02021,2025-04-09,,Basic,United Kingdom,42,19,Credit Card,Social Media,Annual,1,6.95,9,0,Active,228
C02022,2025-06-04,,Standard,United Kingdom,25,49,Debit Card,Paid Search,Annual,2,8.68,1,0,Active,588
C02023,2024-03-29,,Standard,Germany,49,49,Credit Card,Partner,Annual,2,12.75,20,0,Active,588
C02024,2024-09-11,2024-11-09,Standard,Canada,64,49,PayPal,Social Media,Annual,2,13.42,18,1,Churned,588
C02025,2026-06-01,,Premium,India,46,99,PayPal,Social Media,Monthly,3,7.13,35,0,Active,1188
C02026,2025-03-11,,Standard,Australia,55,49,PayPal,Partner,Monthly,4,14.3,28,0,Active,588
C02027,2025-11-05,2025-12-05,Standard,Australia,54,49,PayPal,Email,Annual,3,8.19,26,1,Churned,588
C02028,2025-07-13,,Basic,India,31,19,PayPal,Paid Search,Monthly,0,17.3,21,0,Active,228
C02029,2024-10-09,,Standard,Australia,64,49,UPI,Organic Search,Annual,4,14.05,29,0,Active,588
C02030,2026-02-04,,Premium,India,30,99,Credit Card,Paid Search,Monthly,3,4.03,15,0,Active,1188
C02031,2024-11-07,,Premium,Germany,64,99,PayPal,Social Media,Monthly,0,12.64,8,0,Active,1188
C02032,2026-06-12,,Basic,Canada,42,19,Credit Card,Referral,Monthly,2,15.84,4,0,Active,228
C02033,2025-01-21,,Basic,Australia,42,19,UPI,Referral,Monthly,6,5.92,8,0,Active,228
C02034,2024-04-12,,Premium,India,48,99,PayPal,Email,Monthly,2,18.34,17,0,Active,1188
C02035,2026-02-23,2025-12-31,Standard,United States,55,49,UPI,Email,Monthly,2,10.66,1,1,Churned,588
C02036,2024-09-28,2025-02-08,Basic,Australia,31,19,UPI,Organic Search,Annual,3,21.0,8,1,Churned,228
C02037,2025-07-29,,Premium,United States,30,99,Debit Card,Email,Annual,0,1.57,28,0,Active,1188
C02038,2024-08-21,,Standard,United States,33,49,UPI,Organic Search,Monthly,3,16.18,39,0,Active,588
C02039,2024-10-10,2025-03-08,Basic,Canada,33,19,UPI,Referral,Annual,0,7.92,6,1,Churned,228
C02040,2024-12-19,,Basic,Canada,39,19,UPI,Email,Monthly,3,10.76,9,0,Active,228
C02041,2024-06-09,,Basic,United Kingdom,60,19,UPI,Partner,Monthly,0,5.76,17,0,Active,228
C02042,2025-07-11,,Basic,United States,30,19,Credit Card,Organic Search,Annual,1,6.29,12,0,Active,228
C02043,2025-03-22,,Basic,Germany,46,19,UPI,Referral,Annual,1,23.15,16,0,Active,228
C02044,2025-09-30,,Standard,Canada,26,49,PayPal,Referral,Annual,3,12.12,12,0,Active,588
C02045,2024-05-02,,Basic,Canada,41,19,PayPal,Partner,Annual,4,7.0,27,0,Active,228
C02046,2025-10-22,,Basic,Germany,21,19,UPI,Partner,Monthly,2,9.06,9,0,Active,228
C02047,2024-06-09,,Standard,Canada,29,49,Debit Card,Referral,Monthly,2,12.4,29,0,Active,588
C02048,2026-06-03,,Standard,United Kingdom,56,49,Credit Card,Organic Search,Monthly,2,0.0,1,0,Active,588
C02049,2026-01-02,2025-12-31,Standard,Australia,46,49,Debit Card,Email,Monthly,1,19.44,20,1,Churned,588
C02050,2025-05-29,,Basic,India,50,19,Credit Card,Organic Search,Monthly,0,4.99,23,0,Active,228
C02051,2025-04-30,,Basic,Germany,39,19,Credit Card,Organic Search,Monthly,1,11.82,1,0,Active,228
C02052,2024-12-25,,Basic,United States,38,19,UPI,Partner,Monthly,1,2.94,24,0,Active,228
C02053,2024-10-08,,Basic,Germany,35,19,PayPal,Email,Monthly,2,7.06,6,0,Active,228
C02054,2026-04-13,2025-12-31,Basic,India,29,19,Debit Card,Referral,Monthly,2,22.09,3,1,Churned,228
C02055,2024-11-29,,Standard,Canada,51,49,Credit Card,Paid Search,Monthly,7,8.42,16,0,Active,588
C02056,2024-09-04,2025-06-29,Standard,Australia,25,49,Debit Card,Paid Search,Monthly,2,7.76,17,1,Churned,588
C02057,2025-09-13,,Standard,India,18,49,PayPal,Social Media,Annual,4,15.39,3,0,Active,588
C02058,2025-01-07,,Premium,Germany,55,99,Credit Card,Social Media,Monthly,0,4.15,21,0,Active,1188
C02059,2026-06-03,,Standard,United States,21,49,Credit Card,Social Media,Monthly,2,17.39,16,0,Active,588
C02060,2025-10-11,2025-11-22,Basic,United States,44,19,PayPal,Referral,Monthly,3,10.71,24,1,Churned,228
C02061,2024-04-04,2025-11-19,Basic,United Kingdom,43,19,Credit Card,Partner,Monthly,2,14.87,11,1,Churned,228
C02062,2024-05-11,,Basic,United Kingdom,42,19,Credit Card,Referral,Annual,1,6.08,19,0,Active,228
C02063,2025-12-21,2025-12-31,Basic,Canada,29,19,Credit Card,Partner,Monthly,1,10.92,26,1,Churned,228
C02064,2025-01-24,,Basic,Canada,54,19,UPI,Partner,Monthly,1,20.74,4,0,Active,228
C02065,2024-08-18,2025-11-06,Basic,India,51,19,PayPal,Email,Monthly,1,7.98,22,1,Churned,228
C02066,2024-09-28,,Standard,United States,49,49,PayPal,Partner,Annual,2,12.7,31,0,Active,588
C02067,2025-07-15,,Basic,United Kingdom,26,19,PayPal,Organic Search,Monthly,2,18.44,23,0,Active,228
C02068,2025-02-21,,Basic,Australia,60,19,PayPal,Paid Search,Monthly,7,6.64,2,0,Active,228
C02069,2026-03-02,,Basic,Australia,40,19,PayPal,Referral,Monthly,1,17.71,13,0,Active,228
C02070,2025-05-06,,Premium,Germany,47,99,Debit Card,Paid Search,Monthly,3,12.26,4,0,Active,1188
C02071,2024-04-22,,Standard,United States,62,49,Debit Card,Email,Monthly,0,6.99,31,0,Active,588
C02072,2026-04-01,,Basic,India,44,19,UPI,Partner,Annual,4,11.29,20,0,Active,228
C02073,2024-04-18,2025-01-30,Standard,India,55,49,Debit Card,Paid Search,Monthly,1,16.63,14,1,Churned,588
C02074,2025-05-14,,Basic,Canada,28,19,Credit Card,Paid Search,Monthly,2,3.99,17,0,Active,228
C02075,2024-08-20,,Basic,United Kingdom,46,19,Credit Card,Social Media,Annual,0,17.17,28,0,Active,228
C02076,2024-10-19,,Standard,Canada,26,49,Debit Card,Social Media,Annual,2,8.49,12,0,Active,588
C02077,2025-02-05,,Basic,Australia,21,19,UPI,Social Media,Monthly,3,16.72,25,0,Active,228
C02078,2025-09-03,,Premium,United States,56,99,Debit Card,Social Media,Monthly,2,7.3,1,0,Active,1188
C02079,2025-10-04,,Basic,Canada,39,19,Debit Card,Email,Monthly,3,17.04,8,0,Active,228
C02080,2024-08-17,,Standard,Australia,37,49,UPI,Email,Annual,2,16.19,22,0,Active,588
C02081,2024-11-17,,Premium,United Kingdom,24,99,Credit Card,Paid Search,Monthly,1,17.24,18,0,Active,1188
C02082,2025-08-17,,Basic,India,60,19,Debit Card,Paid Search,Annual,1,5.14,9,0,Active,228
C02083,2025-07-17,,Basic,India,59,19,Credit Card,Social Media,Monthly,2,16.72,24,0,Active,228
C02084,2024-05-05,,Basic,United States,63,19,UPI,Paid Search,Annual,1,9.88,11,0,Active,228
C02085,2025-07-10,,Basic,Germany,53,19,Credit Card,Email,Annual,2,8.93,15,0,Active,228
C02086,2024-12-23,,Premium,United States,61,99,Credit Card,Social Media,Monthly,2,13.03,25,0,Active,1188
C02087,2025-05-28,,Basic,Canada,29,19,Debit Card,Organic Search,Annual,2,10.18,10,0,Active,228
C02088,2026-03-28,,Standard,Australia,27,49,Debit Card,Email,Monthly,1,5.4,13,0,Active,588
C02089,2025-08-05,,Standard,United Kingdom,36,49,PayPal,Partner,Monthly,2,18.89,17,0,Active,588
C02090,2026-02-11,,Basic,Canada,32,19,Credit Card,Organic Search,Monthly,4,22.21,29,0,Active,228
C02091,2025-12-30,,Standard,India,52,49,Debit Card,Social Media,Monthly,4,7.72,5,0,Active,588
C02092,2026-01-07,,Basic,United Kingdom,51,19,PayPal,Referral,Annual,2,22.86,11,0,Active,228
C02093,2024-05-06,,Basic,Canada,55,19,UPI,Organic Search,Annual,0,8.36,15,0,Active,228
C02094,2026-04-04,,Basic,India,53,19,Credit Card,Paid Search,Monthly,0,14.48,10,0,Active,228
C02095,2025-02-22,,Standard,United Kingdom,61,49,Credit Card,Organic Search,Annual,0,14.57,20,0,Active,588
C02096,2025-03-25,,Basic,United States,62,19,Debit Card,Paid Search,Monthly,4,5.73,8,0,Active,228
C02097,2025-03-03,,Basic,Canada,23,19,Debit Card,Referral,Monthly,0,11.74,1,0,Active,228
C02098,2025-07-04,,Basic,Germany,50,19,Credit Card,Social Media,Annual,3,12.29,12,0,Active,228
C02099,2025-05-11,,Basic,India,24,19,Debit Card,Referral,Monthly,0,14.31,29,0,Active,228
C02100,2025-08-17,2025-09-21,Basic,Canada,41,19,UPI,Email,Annual,0,8.84,31,1,Churned,228
C02101,2026-03-27,,Premium,Canada,57,99,UPI,Paid Search,Annual,1,10.68,1,0,Active,1188
C02102,2025-07-15,2025-09-28,Basic,United States,41,19,Debit Card,Organic Search,Monthly,0,15.53,29,1,Churned,228
C02103,2026-01-12,,Premium,Australia,59,99,Credit Card,Organic Search,Annual,2,17.19,25,0,Active,1188
C02104,2024-06-20,,Premium,United Kingdom,27,99,UPI,Organic Search,Monthly,2,8.21,4,0,Active,1188
C02105,2024-08-24,,Standard,Germany,57,49,Debit Card,Partner,Annual,2,11.48,28,0,Active,588
C02106,2025-06-29,,Standard,India,27,49,Credit Card,Organic Search,Monthly,0,14.8,21,0,Active,588
C02107,2024-04-25,2025-04-11,Standard,Australia,27,49,Credit Card,Referral,Monthly,4,16.05,15,1,Churned,588
C02108,2024-12-30,2025-10-19,Basic,Australia,64,19,PayPal,Organic Search,Monthly,4,12.44,1,1,Churned,228
C02109,2026-03-06,2025-12-31,Standard,Germany,59,49,PayPal,Partner,Monthly,1,2.01,6,1,Churned,588
C02110,2024-03-29,,Standard,Canada,63,49,Credit Card,Social Media,Monthly,0,4.81,1,0,Active,588
C02111,2025-04-02,,Premium,United Kingdom,59,99,Credit Card,Social Media,Monthly,5,11.66,32,0,Active,1188
C02112,2024-05-16,2025-10-26,Basic,United States,42,19,Credit Card,Organic Search,Monthly,2,16.36,16,1,Churned,228
C02113,2025-07-07,,Standard,Canada,48,49,UPI,Organic Search,Monthly,6,17.75,1,0,Active,588
C02114,2025-10-31,2025-12-02,Standard,India,39,49,UPI,Partner,Monthly,3,8.61,13,1,Churned,588
C02115,2024-11-23,,Standard,United States,29,49,PayPal,Organic Search,Monthly,1,3.52,2,0,Active,588
C02116,2025-07-01,,Premium,Australia,48,99,UPI,Social Media,Annual,4,14.55,1,0,Active,1188
C02117,2024-10-15,,Premium,United States,52,99,Credit Card,Referral,Annual,2,10.07,30,0,Active,1188
C02118,2024-10-24,,Standard,Australia,63,49,UPI,Partner,Annual,2,9.42,13,0,Active,588
C02119,2026-06-15,,Standard,Germany,21,49,UPI,Organic Search,Monthly,2,15.27,11,0,Active,588
C02120,2026-03-05,,Basic,Canada,47,19,Credit Card,Referral,Monthly,1,11.84,14,0,Active,228
C02121,2026-01-29,,Standard,Germany,54,49,Credit Card,Referral,Monthly,4,18.67,3,0,Active,588
C02122,2025-04-04,,Standard,United States,31,49,Credit Card,Referral,Monthly,1,15.13,15,0,Active,588
C02123,2024-11-28,,Basic,United Kingdom,53,19,Debit Card,Email,Monthly,1,11.78,11,0,Active,228
C02124,2024-11-05,,Premium,Germany,21,99,Credit Card,Partner,Monthly,4,11.27,14,0,Active,1188
C02125,2024-12-23,,Standard,India,42,49,Credit Card,Social Media,Annual,2,16.17,16,0,Active,588
C02126,2025-11-26,,Standard,United States,28,49,UPI,Email,Monthly,2,16.18,28,0,Active,588
C02127,2025-09-07,,Basic,Canada,63,19,PayPal,Paid Search,Annual,1,8.54,14,0,Active,228
C02128,2026-01-16,2025-12-31,Standard,Canada,61,49,PayPal,Email,Monthly,0,26.22,20,1,Churned,588
C02129,2025-01-26,,Basic,United States,52,19,Credit Card,Partner,Monthly,3,12.3,13,0,Active,228
C02130,2024-07-17,2025-11-09,Standard,Australia,39,49,Debit Card,Referral,Annual,2,13.34,7,1,Churned,588
C02131,2025-04-18,,Basic,United Kingdom,38,19,UPI,Email,Monthly,1,6.14,1,0,Active,228
C02132,2024-12-27,,Premium,Canada,63,99,Debit Card,Organic Search,Annual,4,7.21,4,0,Active,1188
C02133,2025-09-19,2025-10-25,Basic,United Kingdom,45,19,PayPal,Email,Monthly,3,11.06,14,1,Churned,228
C02134,2024-06-15,2025-09-16,Basic,United States,29,19,UPI,Paid Search,Monthly,3,10.24,23,1,Churned,228
C02135,2026-01-11,,Basic,Germany,47,19,Credit Card,Email,Monthly,2,21.27,20,0,Active,228
C02136,2026-03-02,2025-12-31,Basic,United States,27,19,UPI,Referral,Monthly,2,5.75,16,1,Churned,228
C02137,2024-08-28,2025-01-28,Basic,United Kingdom,26,19,PayPal,Email,Monthly,5,17.64,1,1,Churned,228
C02138,2025-07-22,,Basic,United States,58,19,Credit Card,Email,Monthly,3,19.74,20,0,Active,228
C02139,2024-04-18,,Standard,Australia,19,49,PayPal,Organic Search,Monthly,2,23.84,15,0,Active,588
C02140,2024-05-18,2024-07-29,Basic,United Kingdom,62,19,UPI,Social Media,Monthly,0,15.49,1,1,Churned,228
C02141,2024-03-23,,Basic,United Kingdom,52,19,PayPal,Organic Search,Monthly,2,15.12,6,0,Active,228
C02142,2024-09-21,,Basic,Canada,23,19,UPI,Paid Search,Monthly,2,16.28,28,0,Active,228
C02143,2025-07-12,2025-10-28,Basic,United States,28,19,PayPal,Organic Search,Monthly,1,13.9,19,1,Churned,228
C02144,2024-04-25,,Basic,United Kingdom,61,19,PayPal,Referral,Monthly,4,10.36,22,0,Active,228
C02145,2025-12-18,2025-12-31,Basic,India,38,19,UPI,Paid Search,Monthly,3,13.4,19,1,Churned,228
C02146,2025-02-13,,Premium,Australia,40,99,UPI,Referral,Monthly,1,21.8,41,0,Active,1188
C02147,2025-11-11,2025-12-11,Standard,Germany,62,49,UPI,Referral,Monthly,1,11.77,13,1,Churned,588
C02148,2026-02-24,2025-12-31,Basic,Germany,30,19,Debit Card,Organic Search,Monthly,3,15.23,20,1,Churned,228
C02149,2025-12-11,,Basic,Germany,56,19,Credit Card,Organic Search,Annual,3,9.4,12,0,Active,228
C02150,2024-10-20,,Basic,United Kingdom,55,19,PayPal,Email,Monthly,1,2.27,5,0,Active,228
C02151,2024-07-11,,Basic,Australia,64,19,Debit Card,Email,Monthly,2,13.82,12,0,Active,228
C02152,2025-04-22,,Standard,Australia,53,49,Debit Card,Social Media,Monthly,3,16.05,9,0,Active,588
C02153,2024-09-07,,Basic,United States,41,19,UPI,Paid Search,Annual,3,5.43,7,0,Active,228
C02154,2025-11-12,,Standard,Germany,49,49,UPI,Social Media,Monthly,2,11.29,23,0,Active,588
C02155,2024-09-28,,Basic,Australia,35,19,PayPal,Paid Search,Monthly,5,20.61,9,0,Active,228
C02156,2026-04-12,,Standard,Germany,21,49,Debit Card,Email,Monthly,1,8.55,8,0,Active,588
C02157,2026-03-13,,Basic,United States,33,19,Credit Card,Partner,Monthly,1,10.77,3,0,Active,228
C02158,2026-03-10,,Basic,United Kingdom,61,19,Debit Card,Organic Search,Monthly,4,4.97,1,0,Active,228
C02159,2025-10-04,,Basic,United States,53,19,Debit Card,Paid Search,Monthly,2,8.4,15,0,Active,228
C02160,2025-04-30,,Standard,United Kingdom,25,49,Credit Card,Organic Search,Annual,1,8.66,19,0,Active,588
C02161,2026-02-03,,Basic,India,28,19,PayPal,Email,Annual,1,8.61,17,0,Active,228
C02162,2024-07-28,2025-03-17,Basic,India,57,19,PayPal,Partner,Monthly,4,0.74,1,1,Churned,228
C02163,2026-06-09,,Basic,Australia,20,19,Debit Card,Social Media,Monthly,3,12.61,23,0,Active,228
C02164,2026-04-27,,Standard,Australia,20,49,PayPal,Partner,Monthly,2,4.63,12,0,Active,588
C02165,2024-09-06,2024-10-10,Premium,Germany,39,99,UPI,Organic Search,Monthly,3,18.58,31,1,Churned,1188
C02166,2025-06-15,,Basic,United Kingdom,54,19,UPI,Paid Search,Monthly,3,9.23,18,0,Active,228
C02167,2026-02-04,,Basic,United States,64,19,Debit Card,Organic Search,Annual,3,16.77,13,0,Active,228
C02168,2026-04-11,,Basic,Canada,58,19,UPI,Partner,Annual,1,19.12,14,0,Active,228
C02169,2025-12-26,2025-12-31,Basic,India,54,19,Credit Card,Organic Search,Annual,0,8.8,20,1,Churned,228
C02170,2025-01-03,,Standard,Canada,42,49,Credit Card,Paid Search,Annual,1,6.7,1,0,Active,588
C02171,2024-05-13,,Premium,United Kingdom,42,99,PayPal,Organic Search,Monthly,2,13.63,17,0,Active,1188
C02172,2025-04-28,,Basic,United States,25,19,PayPal,Paid Search,Annual,2,11.0,32,0,Active,228
C02173,2025-06-05,,Standard,Canada,39,49,UPI,Referral,Monthly,3,12.9,24,0,Active,588
C02174,2025-09-14,,Standard,United Kingdom,55,49,Debit Card,Paid Search,Annual,3,14.4,5,0,Active,588
C02175,2025-11-05,,Standard,Germany,21,49,UPI,Paid Search,Monthly,1,14.23,13,0,Active,588
C02176,2025-06-30,,Standard,Germany,29,49,UPI,Partner,Monthly,1,14.88,1,0,Active,588
C02177,2025-02-20,,Standard,United States,57,49,Credit Card,Organic Search,Annual,2,12.1,1,0,Active,588
C02178,2025-04-21,,Standard,United Kingdom,61,49,UPI,Organic Search,Monthly,3,12.16,16,0,Active,588
C02179,2024-07-23,,Basic,United Kingdom,46,19,Debit Card,Paid Search,Monthly,2,11.69,29,0,Active,228
C02180,2026-03-07,,Premium,Australia,42,99,PayPal,Social Media,Monthly,2,2.13,22,0,Active,1188
C02181,2024-10-13,,Basic,Germany,48,19,Debit Card,Paid Search,Monthly,2,22.32,12,0,Active,228
C02182,2026-02-23,,Premium,Germany,40,99,Debit Card,Email,Monthly,3,9.94,21,0,Active,1188
C02183,2024-08-07,2025-08-14,Basic,United Kingdom,43,19,PayPal,Social Media,Monthly,0,13.33,8,1,Churned,228
C02184,2025-02-16,,Standard,Germany,26,49,UPI,Social Media,Monthly,2,6.22,22,0,Active,588
C02185,2025-10-01,,Basic,Australia,46,19,Debit Card,Social Media,Monthly,2,19.03,28,0,Active,228
C02186,2024-12-03,,Standard,Australia,25,49,Debit Card,Paid Search,Annual,3,4.62,10,0,Active,588
C02187,2024-05-19,,Basic,United States,45,19,Credit Card,Organic Search,Monthly,4,10.1,16,0,Active,228
C02188,2025-06-14,2025-07-14,Basic,United Kingdom,55,19,Credit Card,Referral,Monthly,0,13.81,16,1,Churned,228
C02189,2025-08-28,,Standard,Canada,34,49,Credit Card,Email,Monthly,2,20.13,16,0,Active,588
C02190,2024-06-23,,Standard,United Kingdom,53,49,Debit Card,Organic Search,Monthly,3,10.42,1,0,Active,588
C02191,2025-05-29,,Standard,Germany,40,49,UPI,Social Media,Monthly,2,9.55,18,0,Active,588
C02192,2025-02-15,,Premium,India,50,99,Debit Card,Partner,Annual,1,9.7,16,0,Active,1188
C02193,2024-07-21,2025-06-11,Basic,United States,25,19,Credit Card,Social Media,Monthly,1,14.03,21,1,Churned,228
C02194,2026-02-25,,Basic,United Kingdom,61,19,PayPal,Organic Search,Monthly,1,24.06,6,0,Active,228
C02195,2024-09-16,,Basic,United Kingdom,33,19,Debit Card,Partner,Monthly,1,10.64,28,0,Active,228
C02196,2024-08-09,,Basic,Germany,57,19,Debit Card,Referral,Annual,1,9.69,15,0,Active,228
C02197,2024-12-19,2025-09-05,Standard,Canada,33,49,UPI,Paid Search,Monthly,2,15.51,31,1,Churned,588
C02198,2025-08-03,,Basic,Australia,38,19,Debit Card,Email,Monthly,3,22.61,35,0,Active,228
C02199,2024-12-25,2025-05-23,Standard,United Kingdom,34,49,PayPal,Paid Search,Annual,3,10.38,11,1,Churned,588
C02200,2024-07-15,,Standard,India,26,49,UPI,Organic Search,Monthly,2,13.73,17,0,Active,588
C02201,2024-09-02,2025-04-24,Standard,United Kingdom,29,49,Debit Card,Social Media,Monthly,1,17.54,9,1,Churned,588
C02202,2025-01-05,,Premium,Germany,51,99,Credit Card,Organic Search,Annual,1,10.36,25,0,Active,1188
C02203,2025-12-03,,Standard,United States,45,49,PayPal,Social Media,Monthly,1,15.81,29,0,Active,588
C02204,2026-04-27,2025-12-31,Standard,India,31,49,UPI,Paid Search,Monthly,3,14.21,9,1,Churned,588
C02205,2025-08-27,2025-12-08,Basic,Canada,34,19,Credit Card,Partner,Monthly,4,11.35,12,1,Churned,228
C02206,2026-02-13,,Basic,Canada,35,19,Debit Card,Email,Monthly,2,11.19,8,0,Active,228
C02207,2024-06-06,,Basic,Canada,40,19,Credit Card,Paid Search,Annual,0,16.22,20,0,Active,228
C02208,2025-01-08,,Premium,Australia,56,99,PayPal,Social Media,Annual,2,10.43,42,0,Active,1188
C02209,2024-12-28,,Standard,India,54,49,Debit Card,Email,Monthly,0,4.96,11,0,Active,588
C02210,2025-12-08,,Basic,India,61,19,Credit Card,Referral,Monthly,1,7.85,1,0,Active,228
C02211,2025-10-27,,Basic,India,49,19,Debit Card,Organic Search,Monthly,1,15.64,13,0,Active,228
C02212,2025-11-23,,Basic,United Kingdom,34,19,Debit Card,Referral,Monthly,3,9.49,7,0,Active,228
C02213,2026-06-16,,Standard,Germany,31,49,Credit Card,Organic Search,Annual,1,8.34,9,0,Active,588
C02214,2025-02-17,2025-12-06,Basic,Australia,63,19,Debit Card,Paid Search,Monthly,4,9.06,19,1,Churned,228
C02215,2026-03-25,,Standard,Canada,23,49,Debit Card,Partner,Annual,3,9.12,1,0,Active,588
C02216,2026-05-29,,Standard,United States,48,49,Debit Card,Referral,Annual,4,9.13,17,0,Active,588
C02217,2025-02-17,,Premium,Australia,49,99,PayPal,Organic Search,Monthly,2,14.23,21,0,Active,1188
C02218,2025-04-18,,Standard,India,35,49,PayPal,Referral,Annual,2,13.77,12,0,Active,588
C02219,2026-03-08,,Premium,India,19,99,UPI,Email,Monthly,2,16.28,19,0,Active,1188
C02220,2024-12-01,,Premium,India,32,99,Debit Card,Social Media,Monthly,1,26.65,33,0,Active,1188
C02221,2025-11-25,,Premium,Canada,34,99,Credit Card,Paid Search,Monthly,3,6.88,7,0,Active,1188
C02222,2024-11-28,2025-06-14,Premium,Germany,46,99,Debit Card,Referral,Annual,2,8.5,3,1,Churned,1188
C02223,2024-05-20,,Basic,Australia,28,19,Debit Card,Partner,Annual,3,12.04,12,0,Active,228
C02224,2025-06-17,2025-11-06,Basic,United Kingdom,41,19,Debit Card,Paid Search,Monthly,2,11.52,12,1,Churned,228
C02225,2026-06-03,,Premium,United Kingdom,37,99,UPI,Referral,Monthly,3,12.12,26,0,Active,1188
C02226,2025-10-28,,Premium,United States,42,99,Debit Card,Email,Annual,1,3.25,27,0,Active,1188
C02227,2026-01-05,,Basic,India,62,19,PayPal,Partner,Monthly,3,3.87,1,0,Active,228
C02228,2024-03-14,,Standard,United Kingdom,22,49,UPI,Partner,Monthly,2,5.24,7,0,Active,588
C02229,2024-08-20,,Basic,United States,50,19,UPI,Organic Search,Annual,0,16.69,11,0,Active,228
C02230,2024-09-22,,Basic,Canada,33,19,Debit Card,Partner,Annual,2,13.3,8,0,Active,228
C02231,2024-09-15,,Basic,United States,58,19,PayPal,Email,Annual,2,8.7,12,0,Active,228
C02232,2025-03-20,,Premium,Germany,57,99,Credit Card,Partner,Monthly,0,12.59,14,0,Active,1188
C02233,2026-03-16,,Basic,Australia,41,19,UPI,Organic Search,Monthly,2,12.42,19,0,Active,228
C02234,2026-03-05,,Standard,United States,46,49,PayPal,Referral,Monthly,2,10.02,17,0,Active,588
C02235,2024-07-04,,Basic,United States,26,19,PayPal,Organic Search,Monthly,1,14.93,16,0,Active,228
C02236,2025-04-17,2025-11-14,Standard,United Kingdom,40,49,Credit Card,Social Media,Monthly,3,2.67,19,1,Churned,588
C02237,2024-04-26,,Standard,Canada,56,49,PayPal,Organic Search,Monthly,1,15.92,9,0,Active,588
C02238,2025-02-08,,Standard,United States,55,49,Debit Card,Paid Search,Monthly,4,11.56,1,0,Active,588
C02239,2024-10-31,,Basic,United Kingdom,64,19,Debit Card,Paid Search,Monthly,0,8.12,36,0,Active,228
C02240,2024-10-30,,Premium,Australia,62,99,PayPal,Email,Monthly,0,12.93,26,0,Active,1188
C02241,2025-07-17,,Basic,Germany,63,19,PayPal,Organic Search,Monthly,2,12.16,36,0,Active,228
C02242,2025-01-05,,Basic,Germany,22,19,Credit Card,Email,Annual,3,11.16,5,0,Active,228
C02243,2026-04-07,,Basic,United Kingdom,22,19,PayPal,Referral,Annual,0,14.09,15,0,Active,228
C02244,2024-07-13,,Standard,India,45,49,Credit Card,Social Media,Monthly,0,12.18,24,0,Active,588
C02245,2024-03-16,2024-10-13,Standard,Australia,29,49,Credit Card,Organic Search,Monthly,2,9.17,27,1,Churned,588
C02246,2026-05-07,,Standard,India,43,49,Debit Card,Partner,Monthly,2,17.59,8,0,Active,588
C02247,2025-04-23,,Basic,United Kingdom,48,19,UPI,Email,Monthly,2,21.94,17,0,Active,228
C02248,2024-07-06,,Basic,United States,56,19,Debit Card,Social Media,Monthly,2,8.44,39,0,Active,228
C02249,2026-04-13,,Basic,Australia,64,19,UPI,Paid Search,Annual,1,9.96,19,0,Active,228
C02250,2024-10-16,,Standard,Germany,58,49,Credit Card,Paid Search,Annual,1,14.83,9,0,Active,588
C02251,2024-02-20,2025-12-03,Basic,Australia,30,19,UPI,Referral,Annual,6,15.49,37,1,Churned,228
C02252,2024-06-20,,Standard,Australia,59,49,UPI,Social Media,Monthly,4,13.07,23,0,Active,588
C02253,2024-05-25,,Basic,United Kingdom,41,19,Credit Card,Email,Monthly,1,9.84,37,0,Active,228
C02254,2026-05-04,,Basic,Australia,42,19,UPI,Organic Search,Annual,2,16.47,9,0,Active,228
C02255,2025-10-03,,Premium,Australia,48,99,Credit Card,Referral,Annual,1,11.76,5,0,Active,1188
C02256,2026-05-17,,Premium,Canada,31,99,Credit Card,Referral,Monthly,1,10.71,23,0,Active,1188
C02257,2024-03-11,,Standard,Canada,57,49,Debit Card,Partner,Monthly,2,18.74,3,0,Active,588
C02258,2024-05-05,2025-03-01,Standard,Germany,28,49,UPI,Social Media,Monthly,3,7.47,31,1,Churned,588
C02259,2026-03-07,,Basic,Australia,47,19,UPI,Social Media,Monthly,0,13.43,19,0,Active,228
C02260,2024-10-15,2025-06-28,Standard,Australia,24,49,Debit Card,Partner,Annual,3,11.55,29,1,Churned,588
C02261,2024-12-08,,Basic,Canada,25,19,Debit Card,Partner,Annual,3,14.93,4,0,Active,228
C02262,2024-08-06,,Basic,Canada,58,19,UPI,Paid Search,Annual,2,10.56,15,0,Active,228
C02263,2025-08-14,,Standard,India,21,49,PayPal,Referral,Monthly,0,15.59,1,0,Active,588
C02264,2025-12-26,,Basic,Germany,35,19,Credit Card,Social Media,Annual,3,13.91,27,0,Active,228
C02265,2026-02-13,,Premium,Australia,55,99,PayPal,Organic Search,Monthly,1,15.2,13,0,Active,1188
C02266,2026-05-24,,Standard,Germany,40,49,Debit Card,Social Media,Monthly,2,11.14,15,0,Active,588
C02267,2025-04-15,2025-09-16,Basic,Australia,53,19,Debit Card,Paid Search,Monthly,3,15.4,39,1,Churned,228
C02268,2025-06-15,,Basic,India,56,19,Debit Card,Social Media,Annual,1,13.7,5,0,Active,228
C02269,2024-08-16,2025-12-05,Basic,United States,21,19,Credit Card,Paid Search,Monthly,1,10.13,19,1,Churned,228
C02270,2026-03-08,,Standard,Germany,30,49,Credit Card,Partner,Monthly,3,14.55,28,0,Active,588
C02271,2024-05-16,2024-12-06,Basic,United States,62,19,PayPal,Social Media,Monthly,2,8.54,19,1,Churned,228
C02272,2025-07-09,,Standard,Australia,20,49,Credit Card,Email,Annual,1,12.71,22,0,Active,588
C02273,2026-03-04,,Basic,United Kingdom,46,19,UPI,Partner,Monthly,1,25.0,4,0,Active,228
C02274,2024-11-03,2025-01-11,Standard,India,44,49,Credit Card,Paid Search,Monthly,3,19.35,12,1,Churned,588
C02275,2024-07-28,,Standard,Australia,28,49,UPI,Referral,Annual,2,6.68,21,0,Active,588
C02276,2024-08-01,,Basic,Australia,50,19,Debit Card,Partner,Monthly,0,6.32,10,0,Active,228
C02277,2024-03-23,,Standard,Australia,64,49,PayPal,Partner,Annual,2,15.74,7,0,Active,588
C02278,2026-02-26,2025-12-31,Standard,United States,51,49,PayPal,Partner,Monthly,4,12.91,19,1,Churned,588
C02279,2024-09-12,,Standard,Germany,31,49,Credit Card,Email,Monthly,3,16.01,19,0,Active,588
C02280,2026-05-30,,Basic,United States,47,19,Debit Card,Paid Search,Monthly,5,9.6,29,0,Active,228
C02281,2025-03-01,,Basic,Germany,45,19,UPI,Referral,Monthly,2,5.44,19,0,Active,228
C02282,2024-06-27,2025-11-24,Basic,Germany,35,19,PayPal,Email,Monthly,1,18.09,1,1,Churned,228
C02283,2026-01-07,2025-12-31,Basic,United States,19,19,PayPal,Organic Search,Monthly,1,7.71,4,1,Churned,228
C02284,2025-07-06,,Standard,Germany,49,49,PayPal,Paid Search,Monthly,3,15.94,26,0,Active,588
C02285,2024-09-21,2025-01-14,Basic,United Kingdom,64,19,Debit Card,Email,Monthly,1,8.26,20,1,Churned,228
C02286,2025-11-23,,Basic,Australia,42,19,Credit Card,Social Media,Monthly,2,3.95,27,0,Active,228
C02287,2025-05-12,2025-10-05,Basic,India,36,19,Debit Card,Social Media,Monthly,1,21.42,8,1,Churned,228
C02288,2024-02-19,,Basic,Canada,42,19,UPI,Partner,Monthly,3,11.06,24,0,Active,228
C02289,2024-08-19,,Basic,India,42,19,Credit Card,Social Media,Monthly,1,11.39,12,0,Active,228
C02290,2025-04-27,2025-11-16,Basic,Australia,58,19,Debit Card,Referral,Monthly,2,15.09,2,1,Churned,228
C02291,2024-03-24,,Premium,United States,39,99,UPI,Paid Search,Annual,1,17.17,12,0,Active,1188
C02292,2024-06-19,,Basic,India,50,19,Debit Card,Organic Search,Monthly,3,14.46,3,0,Active,228
C02293,2025-09-12,,Basic,Australia,57,19,UPI,Paid Search,Monthly,1,11.46,1,0,Active,228
C02294,2025-07-10,,Basic,Australia,43,19,Credit Card,Paid Search,Monthly,0,12.87,12,0,Active,228
C02295,2024-03-18,,Basic,Germany,36,19,PayPal,Organic Search,Annual,1,12.15,1,0,Active,228
C02296,2025-01-18,,Basic,Germany,18,19,Credit Card,Partner,Annual,2,11.03,13,0,Active,228
C02297,2024-11-13,,Standard,Germany,63,49,PayPal,Paid Search,Monthly,2,9.01,12,0,Active,588
C02298,2026-04-19,,Basic,Germany,41,19,UPI,Referral,Annual,1,11.4,14,0,Active,228
C02299,2026-04-15,,Basic,Canada,44,19,UPI,Organic Search,Annual,4,10.89,1,0,Active,228
C02300,2024-05-16,,Basic,Australia,31,19,Credit Card,Social Media,Monthly,3,10.06,11,0,Active,228
C02301,2025-01-06,,Standard,India,50,49,Debit Card,Referral,Monthly,3,2.34,12,0,Active,588
C02302,2024-04-25,,Basic,United Kingdom,25,19,Credit Card,Email,Annual,1,21.9,1,0,Active,228
C02303,2024-05-15,,Basic,Canada,20,19,Debit Card,Referral,Monthly,1,14.05,1,0,Active,228
C02304,2026-05-26,,Basic,United Kingdom,63,19,Debit Card,Paid Search,Annual,1,19.17,13,0,Active,228
C02305,2026-02-22,,Premium,Australia,24,99,UPI,Partner,Annual,1,3.78,11,0,Active,1188
C02306,2025-04-08,,Basic,United States,57,19,UPI,Referral,Annual,1,12.34,6,0,Active,228
C02307,2026-05-19,,Premium,Germany,28,99,PayPal,Referral,Monthly,3,12.76,29,0,Active,1188
C02308,2024-10-23,,Basic,United States,29,19,Credit Card,Partner,Monthly,1,10.56,12,0,Active,228
C02309,2025-08-16,2025-11-16,Basic,United States,62,19,Debit Card,Partner,Monthly,1,12.09,16,1,Churned,228
C02310,2026-03-09,2025-12-31,Basic,Australia,62,19,UPI,Organic Search,Monthly,2,3.83,18,1,Churned,228
C02311,2025-02-13,2025-07-17,Basic,Canada,52,19,Debit Card,Referral,Monthly,1,17.12,24,1,Churned,228
C02312,2024-08-22,,Basic,India,38,19,Credit Card,Referral,Monthly,1,8.07,3,0,Active,228
C02313,2025-06-23,2025-08-10,Basic,United Kingdom,64,19,Debit Card,Paid Search,Monthly,1,15.84,16,1,Churned,228
C02314,2025-09-19,,Basic,Australia,55,19,PayPal,Partner,Monthly,2,20.53,20,0,Active,228
C02315,2025-06-30,,Premium,India,42,99,UPI,Partner,Monthly,2,10.14,3,0,Active,1188
C02316,2024-08-16,,Premium,Canada,24,99,UPI,Organic Search,Monthly,2,7.5,26,0,Active,1188
C02317,2025-11-26,,Basic,Canada,47,19,PayPal,Email,Monthly,4,16.67,17,0,Active,228
C02318,2025-04-19,2025-08-03,Standard,India,24,49,Credit Card,Paid Search,Monthly,1,16.06,15,1,Churned,588
C02319,2025-06-29,,Premium,Canada,23,99,UPI,Email,Monthly,5,14.45,3,0,Active,1188
C02320,2025-11-01,,Standard,Germany,34,49,PayPal,Paid Search,Annual,1,17.7,16,0,Active,588
C02321,2025-10-21,,Standard,Germany,63,49,UPI,Social Media,Annual,0,11.53,1,0,Active,588
C02322,2025-10-28,,Standard,United States,42,49,Credit Card,Paid Search,Monthly,3,17.66,11,0,Active,588
C02323,2025-06-17,,Basic,Australia,44,19,Debit Card,Social Media,Annual,1,13.63,20,0,Active,228
C02324,2026-04-25,,Standard,Canada,21,49,Credit Card,Partner,Monthly,1,17.01,9,0,Active,588
C02325,2025-08-12,,Basic,Canada,56,19,PayPal,Paid Search,Annual,1,9.84,6,0,Active,228
C02326,2025-06-24,,Basic,Australia,28,19,PayPal,Referral,Monthly,3,6.87,19,0,Active,228
C02327,2024-03-08,,Basic,Australia,53,19,Credit Card,Referral,Monthly,1,12.01,7,0,Active,228
C02328,2024-12-10,,Basic,Germany,56,19,Debit Card,Organic Search,Monthly,2,7.23,11,0,Active,228
C02329,2025-01-27,2025-04-14,Standard,Australia,30,49,PayPal,Social Media,Monthly,4,13.6,20,1,Churned,588
C02330,2025-02-14,,Premium,United Kingdom,64,99,Credit Card,Social Media,Annual,1,6.32,6,0,Active,1188
C02331,2025-07-06,,Basic,India,44,19,UPI,Social Media,Monthly,3,15.9,16,0,Active,228
C02332,2026-05-05,2025-12-31,Premium,United Kingdom,38,99,PayPal,Organic Search,Monthly,4,5.91,10,1,Churned,1188
C02333,2026-04-11,,Premium,United Kingdom,62,99,PayPal,Email,Annual,3,13.39,10,0,Active,1188
C02334,2026-03-13,,Premium,United States,42,99,UPI,Paid Search,Annual,0,11.79,1,0,Active,1188
C02335,2025-09-13,,Basic,India,57,19,UPI,Partner,Annual,0,19.5,5,0,Active,228
C02336,2026-05-03,,Basic,India,42,19,Debit Card,Partner,Annual,1,10.12,15,0,Active,228
C02337,2025-05-25,,Basic,India,33,19,Credit Card,Partner,Monthly,4,11.61,6,0,Active,228
C02338,2025-08-26,,Premium,Canada,57,99,Credit Card,Partner,Monthly,1,16.1,3,0,Active,1188
C02339,2025-02-06,2025-08-29,Basic,Canada,49,19,PayPal,Social Media,Monthly,0,21.25,1,1,Churned,228
C02340,2026-03-15,,Basic,Australia,59,19,Debit Card,Email,Monthly,3,14.2,16,0,Active,228
C02341,2025-06-21,,Premium,United Kingdom,49,99,PayPal,Social Media,Monthly,1,3.03,1,0,Active,1188
C02342,2024-10-03,,Basic,United States,46,19,UPI,Organic Search,Annual,2,12.17,3,0,Active,228
C02343,2025-07-29,,Standard,United States,21,49,Debit Card,Email,Monthly,1,20.29,1,0,Active,588
C02344,2026-01-17,,Basic,United Kingdom,40,19,Debit Card,Paid Search,Monthly,4,16.79,16,0,Active,228
C02345,2024-12-31,,Basic,United States,44,19,Credit Card,Social Media,Monthly,3,14.36,1,0,Active,228
C02346,2025-06-09,,Premium,Canada,54,99,Credit Card,Social Media,Monthly,2,23.09,15,0,Active,1188
C02347,2026-01-02,,Standard,Australia,44,49,Credit Card,Partner,Monthly,3,9.76,12,0,Active,588
C02348,2024-09-12,,Basic,Canada,25,19,Credit Card,Paid Search,Monthly,1,15.0,7,0,Active,228
C02349,2025-04-17,,Basic,Australia,56,19,PayPal,Social Media,Monthly,2,13.47,13,0,Active,228
C02350,2025-08-08,,Basic,India,34,19,UPI,Social Media,Monthly,4,20.04,19,0,Active,228
C02351,2025-12-06,,Standard,Germany,34,49,UPI,Email,Annual,2,23.05,11,0,Active,588
C02352,2025-04-22,2025-08-07,Standard,India,60,49,Credit Card,Social Media,Monthly,3,14.68,22,1,Churned,588
C02353,2025-10-16,2025-11-29,Basic,India,35,19,UPI,Social Media,Monthly,2,8.93,25,1,Churned,228
C02354,2024-09-28,2024-11-08,Basic,United States,64,19,Debit Card,Paid Search,Monthly,3,5.49,3,1,Churned,228
C02355,2026-01-19,2025-12-31,Standard,Germany,41,49,Credit Card,Referral,Annual,2,9.7,22,1,Churned,588
C02356,2024-04-11,,Standard,United Kingdom,25,49,UPI,Paid Search,Monthly,2,9.49,13,0,Active,588
C02357,2026-04-02,2025-12-31,Standard,United Kingdom,30,49,Debit Card,Email,Monthly,1,19.0,9,1,Churned,588
C02358,2025-01-22,,Premium,United Kingdom,59,99,PayPal,Social Media,Monthly,3,16.21,27,0,Active,1188
C02359,2024-04-26,,Standard,United States,46,49,Credit Card,Social Media,Annual,1,10.66,27,0,Active,588
C02360,2024-03-02,2025-11-18,Basic,United States,39,19,Debit Card,Email,Monthly,2,8.32,24,1,Churned,228
C02361,2025-01-06,,Standard,Australia,22,49,Debit Card,Partner,Monthly,2,6.9,25,0,Active,588
C02362,2026-04-08,,Premium,United Kingdom,27,99,Debit Card,Organic Search,Monthly,1,16.03,15,0,Active,1188
C02363,2025-01-24,,Basic,Australia,35,19,Debit Card,Email,Monthly,2,6.89,23,0,Active,228
C02364,2024-10-22,,Standard,United Kingdom,46,49,UPI,Email,Monthly,4,7.5,12,0,Active,588
C02365,2026-05-20,,Basic,Australia,41,19,PayPal,Organic Search,Annual,4,19.73,25,0,Active,228
C02366,2025-04-28,2025-10-03,Standard,India,24,49,PayPal,Partner,Monthly,0,11.53,11,1,Churned,588
C02367,2025-05-19,,Basic,United States,41,19,PayPal,Referral,Annual,3,16.68,9,0,Active,228
C02368,2024-07-27,,Basic,Canada,43,19,PayPal,Partner,Monthly,1,2.48,15,0,Active,228
C02369,2024-10-04,2025-02-17,Basic,United Kingdom,29,19,UPI,Email,Monthly,1,10.69,26,1,Churned,228
C02370,2025-10-18,,Standard,India,64,49,PayPal,Referral,Monthly,2,10.47,7,0,Active,588
C02371,2025-01-29,2025-04-12,Standard,Australia,43,49,UPI,Email,Monthly,0,7.66,12,1,Churned,588
C02372,2024-11-21,,Basic,India,32,19,PayPal,Paid Search,Monthly,1,11.22,6,0,Active,228
C02373,2024-03-05,,Basic,India,54,19,UPI,Partner,Monthly,1,13.36,24,0,Active,228
C02374,2024-06-18,,Premium,Australia,49,99,PayPal,Organic Search,Annual,5,5.29,12,0,Active,1188
C02375,2024-06-13,,Premium,United Kingdom,59,99,PayPal,Email,Monthly,1,11.13,14,0,Active,1188
C02376,2026-05-05,,Premium,Australia,21,99,Credit Card,Partner,Monthly,1,7.74,2,0,Active,1188
C02377,2025-01-02,,Basic,Canada,58,19,Debit Card,Organic Search,Monthly,1,6.02,9,0,Active,228
C02378,2024-06-29,,Basic,India,23,19,Debit Card,Email,Monthly,3,17.07,17,0,Active,228
C02379,2024-12-19,,Standard,India,33,49,PayPal,Partner,Annual,1,5.85,30,0,Active,588
C02380,2025-06-18,2025-09-21,Basic,Germany,53,19,Credit Card,Organic Search,Monthly,2,14.15,8,1,Churned,228
C02381,2024-06-12,,Standard,United States,18,49,Credit Card,Partner,Monthly,2,8.19,2,0,Active,588
C02382,2024-10-04,,Standard,United States,54,49,UPI,Referral,Monthly,0,12.01,21,0,Active,588
C02383,2025-05-16,,Standard,India,19,49,PayPal,Paid Search,Monthly,5,13.18,1,0,Active,588
C02384,2024-03-25,,Standard,Germany,32,49,Debit Card,Referral,Monthly,4,7.1,20,0,Active,588
C02385,2024-05-14,2024-06-28,Basic,India,18,19,UPI,Paid Search,Monthly,1,14.31,1,1,Churned,228
C02386,2024-05-28,,Basic,United Kingdom,39,19,UPI,Partner,Monthly,2,8.24,1,0,Active,228
C02387,2024-10-21,,Standard,United Kingdom,30,49,PayPal,Paid Search,Monthly,2,11.46,16,0,Active,588
C02388,2026-04-18,2025-12-31,Standard,United States,64,49,PayPal,Paid Search,Monthly,4,6.61,17,1,Churned,588
C02389,2025-10-10,,Basic,Canada,47,19,UPI,Partner,Monthly,1,21.22,15,0,Active,228
C02390,2025-03-22,,Basic,Australia,59,19,UPI,Social Media,Annual,2,19.35,14,0,Active,228
C02391,2025-11-15,2025-12-15,Basic,Germany,64,19,UPI,Paid Search,Monthly,1,18.06,20,1,Churned,228
C02392,2024-09-24,,Standard,Germany,34,49,Credit Card,Email,Annual,4,15.24,14,0,Active,588
C02393,2024-05-28,,Standard,Australia,29,49,UPI,Paid Search,Monthly,3,12.66,25,0,Active,588
C02394,2025-01-24,2025-11-30,Standard,Canada,50,49,Debit Card,Email,Annual,1,10.68,16,1,Churned,588
C02395,2025-01-17,,Standard,India,30,49,PayPal,Paid Search,Monthly,4,10.38,29,0,Active,588
C02396,2024-11-03,,Basic,India,51,19,Credit Card,Partner,Monthly,0,3.98,11,0,Active,228
C02397,2025-09-18,,Basic,Canada,58,19,Credit Card,Paid Search,Monthly,6,20.03,29,0,Active,228
C02398,2025-08-17,,Basic,United States,19,19,UPI,Organic Search,Monthly,3,6.01,19,0,Active,228
C02399,2024-05-26,,Standard,Canada,30,49,PayPal,Partner,Monthly,5,19.56,5,0,Active,588
C02400,2026-03-16,,Standard,Canada,52,49,UPI,Paid Search,Annual,3,11.26,6,0,Active,588
C02401,2024-09-05,,Standard,United States,47,49,PayPal,Organic Search,Monthly,4,17.33,13,0,Active,588
C02402,2024-11-09,,Premium,Canada,35,99,Credit Card,Referral,Annual,2,14.96,19,0,Active,1188
C02403,2025-06-10,2025-07-12,Standard,United Kingdom,38,49,UPI,Email,Monthly,2,6.92,16,1,Churned,588
C02404,2026-04-24,2025-12-31,Basic,Canada,42,19,PayPal,Paid Search,Monthly,0,22.01,23,1,Churned,228
C02405,2025-09-26,,Basic,Canada,22,19,PayPal,Email,Monthly,4,14.11,15,0,Active,228
C02406,2025-04-25,,Basic,India,22,19,Debit Card,Paid Search,Monthly,1,8.94,17,0,Active,228
C02407,2025-01-20,,Basic,United States,56,19,Credit Card,Paid Search,Annual,1,19.66,1,0,Active,228
C02408,2025-07-11,,Standard,Australia,55,49,UPI,Partner,Monthly,2,9.82,12,0,Active,588
C02409,2025-06-19,,Standard,India,40,49,PayPal,Paid Search,Monthly,3,17.84,22,0,Active,588
C02410,2025-11-04,,Standard,Germany,42,49,UPI,Paid Search,Annual,1,18.18,18,0,Active,588
C02411,2024-08-29,2025-05-03,Basic,Australia,30,19,Credit Card,Organic Search,Monthly,4,15.02,1,1,Churned,228
C02412,2024-05-31,,Basic,United States,19,19,UPI,Social Media,Monthly,2,11.24,23,0,Active,228
C02413,2024-11-01,,Standard,Germany,18,49,UPI,Email,Annual,3,6.52,22,0,Active,588
C02414,2025-03-04,,Standard,United States,63,49,PayPal,Social Media,Annual,5,7.12,16,0,Active,588
C02415,2025-05-06,,Premium,Germany,19,99,PayPal,Referral,Monthly,1,6.11,10,0,Active,1188
C02416,2025-08-07,,Basic,India,63,19,UPI,Paid Search,Monthly,0,17.17,24,0,Active,228
C02417,2025-09-21,,Premium,India,53,99,UPI,Organic Search,Monthly,0,8.86,21,0,Active,1188
C02418,2025-12-04,,Basic,India,31,19,PayPal,Email,Monthly,1,15.38,9,0,Active,228
C02419,2025-03-15,2025-06-19,Standard,United States,37,49,Debit Card,Referral,Monthly,3,17.84,33,1,Churned,588
C02420,2025-06-15,,Basic,United Kingdom,21,19,Debit Card,Social Media,Monthly,4,11.52,14,0,Active,228
C02421,2025-11-14,,Standard,United States,42,49,Debit Card,Email,Monthly,3,14.17,21,0,Active,588
C02422,2024-05-29,,Basic,Australia,47,19,UPI,Email,Annual,0,10.68,20,0,Active,228
C02423,2026-03-13,2025-12-31,Standard,India,35,49,Credit Card,Referral,Annual,1,11.33,1,1,Churned,588
C02424,2025-09-19,2025-11-17,Standard,Australia,25,49,PayPal,Email,Annual,7,15.83,14,1,Churned,588
C02425,2025-09-19,,Standard,United Kingdom,21,49,UPI,Email,Monthly,2,7.82,16,0,Active,588
C02426,2024-04-04,,Basic,United Kingdom,56,19,Credit Card,Organic Search,Annual,3,11.76,14,0,Active,228
C02427,2024-06-13,,Basic,United Kingdom,29,19,UPI,Email,Monthly,0,10.32,2,0,Active,228
C02428,2026-01-13,,Standard,India,49,49,Credit Card,Social Media,Annual,2,10.99,39,0,Active,588
C02429,2026-04-27,,Standard,United States,27,49,Debit Card,Referral,Annual,2,10.06,9,0,Active,588
C02430,2025-09-06,,Basic,Australia,41,19,UPI,Social Media,Monthly,3,19.52,18,0,Active,228
C02431,2024-07-13,2025-01-24,Standard,United Kingdom,45,49,UPI,Partner,Monthly,2,8.47,14,1,Churned,588
C02432,2025-01-25,,Basic,United States,37,19,Debit Card,Paid Search,Monthly,8,6.32,11,0,Active,228
C02433,2024-10-02,,Basic,United States,43,19,Debit Card,Partner,Annual,1,16.23,1,0,Active,228
C02434,2025-11-24,,Premium,India,30,99,Credit Card,Organic Search,Annual,2,6.9,16,0,Active,1188
C02435,2025-11-08,,Standard,Germany,34,49,Credit Card,Partner,Annual,3,13.14,4,0,Active,588
C02436,2025-07-31,2025-10-16,Basic,India,44,19,UPI,Partner,Annual,2,15.99,9,1,Churned,228
C02437,2025-10-22,2025-12-02,Premium,Australia,45,99,PayPal,Paid Search,Monthly,1,13.4,4,1,Churned,1188
C02438,2024-05-09,2025-10-21,Standard,India,62,49,PayPal,Social Media,Annual,2,8.54,25,1,Churned,588
C02439,2024-07-31,2025-06-08,Basic,United Kingdom,26,19,Debit Card,Email,Monthly,2,18.71,9,1,Churned,228
C02440,2026-04-10,,Basic,Germany,60,19,Credit Card,Email,Monthly,2,15.63,11,0,Active,228
C02441,2026-04-23,,Standard,Australia,61,49,Debit Card,Email,Monthly,2,11.62,27,0,Active,588
C02442,2025-07-08,,Premium,Germany,43,99,Credit Card,Paid Search,Monthly,3,8.19,16,0,Active,1188
C02443,2025-11-26,,Premium,Canada,63,99,UPI,Paid Search,Annual,4,6.51,29,0,Active,1188
C02444,2025-12-08,,Basic,United Kingdom,50,19,Credit Card,Organic Search,Annual,1,10.14,26,0,Active,228
C02445,2025-07-17,,Standard,United States,56,49,Credit Card,Partner,Monthly,3,18.91,19,0,Active,588
C02446,2026-05-22,,Basic,United States,31,19,UPI,Organic Search,Annual,1,7.71,1,0,Active,228
C02447,2024-12-04,,Premium,India,49,99,UPI,Paid Search,Annual,1,10.27,1,0,Active,1188
C02448,2025-01-17,2025-02-26,Basic,United Kingdom,43,19,PayPal,Social Media,Monthly,0,13.45,6,1,Churned,228
C02449,2025-03-03,,Premium,Germany,30,99,PayPal,Organic Search,Annual,4,13.17,21,0,Active,1188
C02450,2026-03-06,2025-12-31,Basic,Canada,60,19,Debit Card,Social Media,Monthly,2,18.77,15,1,Churned,228
C02451,2025-05-07,2025-11-10,Basic,United Kingdom,38,19,Credit Card,Partner,Monthly,2,8.91,2,1,Churned,228
C02452,2026-04-30,2025-12-31,Basic,Germany,61,19,PayPal,Email,Annual,0,7.23,6,1,Churned,228
C02453,2024-12-02,,Basic,United Kingdom,26,19,Debit Card,Social Media,Annual,5,10.1,22,0,Active,228
C02454,2025-04-09,,Basic,Germany,43,19,Credit Card,Referral,Annual,7,10.98,5,0,Active,228
C02455,2026-04-12,,Basic,Australia,57,19,Credit Card,Referral,Annual,3,17.17,13,0,Active,228
C02456,2024-03-21,,Premium,Canada,46,99,Credit Card,Partner,Monthly,6,17.42,11,0,Active,1188
C02457,2024-02-20,,Standard,Canada,43,49,Credit Card,Organic Search,Annual,4,2.25,19,0,Active,588
C02458,2026-05-23,,Standard,United States,34,49,UPI,Paid Search,Monthly,0,16.92,1,0,Active,588
C02459,2024-05-07,2024-08-01,Basic,India,23,19,Debit Card,Referral,Monthly,4,14.58,7,1,Churned,228
C02460,2025-07-31,,Basic,Australia,26,19,Credit Card,Email,Annual,1,8.41,21,0,Active,228
C02461,2026-05-29,,Premium,India,24,99,UPI,Referral,Monthly,3,13.6,7,0,Active,1188
C02462,2025-04-11,,Standard,United Kingdom,54,49,PayPal,Paid Search,Annual,1,8.71,31,0,Active,588
C02463,2026-05-31,,Basic,Germany,46,19,PayPal,Email,Monthly,1,16.64,1,0,Active,228
C02464,2025-08-21,2025-10-28,Basic,United Kingdom,34,19,PayPal,Email,Monthly,1,15.87,34,1,Churned,228
C02465,2024-10-03,,Basic,United States,35,19,UPI,Partner,Annual,2,13.04,1,0,Active,228
C02466,2026-04-10,,Basic,India,50,19,PayPal,Email,Monthly,2,21.22,33,0,Active,228
C02467,2025-02-14,2025-08-04,Basic,United Kingdom,47,19,Debit Card,Email,Monthly,3,12.77,11,1,Churned,228
C02468,2026-05-25,,Basic,Canada,36,19,PayPal,Partner,Monthly,1,13.1,1,0,Active,228
C02469,2025-05-13,,Standard,United Kingdom,54,49,Debit Card,Social Media,Monthly,2,1.78,23,0,Active,588
C02470,2025-08-02,,Basic,Germany,26,19,Debit Card,Social Media,Monthly,0,14.77,1,0,Active,228
C02471,2025-01-18,,Premium,Australia,19,99,Credit Card,Social Media,Monthly,3,10.67,1,0,Active,1188
C02472,2025-04-01,,Standard,Canada,34,49,PayPal,Organic Search,Monthly,0,13.17,18,0,Active,588
C02473,2025-03-11,2025-11-25,Basic,Canada,27,19,Credit Card,Social Media,Monthly,4,18.78,22,1,Churned,228
C02474,2026-04-18,,Standard,Canada,26,49,UPI,Referral,Annual,1,15.9,4,0,Active,588
C02475,2025-02-26,,Premium,Germany,28,99,Debit Card,Social Media,Monthly,4,7.06,8,0,Active,1188
C02476,2024-05-02,,Basic,United Kingdom,46,19,UPI,Paid Search,Monthly,2,8.36,19,0,Active,228
C02477,2025-01-01,,Premium,Australia,32,99,PayPal,Social Media,Monthly,2,8.82,1,0,Active,1188
C02478,2024-12-05,2025-09-01,Basic,United Kingdom,29,19,Debit Card,Paid Search,Monthly,2,12.24,27,1,Churned,228
C02479,2024-07-17,,Basic,Canada,46,19,Credit Card,Referral,Monthly,4,6.66,2,0,Active,228
C02480,2025-10-04,,Basic,United Kingdom,32,19,Credit Card,Email,Monthly,1,20.62,21,0,Active,228
C02481,2024-02-20,,Basic,Germany,41,19,Debit Card,Paid Search,Monthly,2,5.74,5,0,Active,228
C02482,2024-05-26,,Basic,Germany,38,19,Credit Card,Paid Search,Annual,0,13.51,10,0,Active,228
C02483,2025-06-28,,Basic,Canada,61,19,Debit Card,Organic Search,Monthly,1,7.41,19,0,Active,228
C02484,2025-06-25,2025-08-03,Standard,United States,46,49,Credit Card,Email,Annual,7,7.08,20,1,Churned,588
C02485,2024-05-18,,Premium,United Kingdom,63,99,Debit Card,Email,Annual,2,15.28,1,0,Active,1188
C02486,2025-01-27,2025-03-26,Basic,United States,23,19,Debit Card,Paid Search,Monthly,2,16.99,16,1,Churned,228
C02487,2024-08-16,2025-08-20,Premium,United States,64,99,UPI,Paid Search,Monthly,2,4.88,10,1,Churned,1188
C02488,2025-12-18,2025-12-31,Basic,Germany,40,19,Debit Card,Referral,Monthly,0,1.11,1,1,Churned,228
C02489,2025-06-22,,Basic,India,30,19,Debit Card,Email,Annual,3,13.25,15,0,Active,228
C02490,2026-04-14,,Basic,India,42,19,Credit Card,Partner,Annual,5,5.47,12,0,Active,228
C02491,2024-07-16,,Basic,United Kingdom,31,19,PayPal,Partner,Annual,1,9.65,14,0,Active,228
C02492,2025-12-20,,Standard,Australia,46,49,Debit Card,Referral,Annual,0,8.64,20,0,Active,588
C02493,2026-04-15,,Basic,Canada,19,19,UPI,Partner,Monthly,0,19.81,13,0,Active,228
C02494,2024-05-17,,Premium,India,22,99,Credit Card,Referral,Annual,0,17.68,28,0,Active,1188
C02495,2024-04-21,,Premium,India,52,99,UPI,Referral,Annual,1,10.74,1,0,Active,1188
C02496,2025-09-05,2025-11-14,Premium,United Kingdom,64,99,Debit Card,Referral,Monthly,0,18.75,5,1,Churned,1188
C02497,2024-07-05,,Basic,United Kingdom,19,19,UPI,Partner,Monthly,4,15.25,24,0,Active,228
C02498,2025-02-13,,Standard,United Kingdom,51,49,Debit Card,Email,Annual,1,7.9,1,0,Active,588
C02499,2024-05-03,,Standard,Germany,19,49,PayPal,Partner,Monthly,0,11.19,5,0,Active,588
C02500,2025-04-19,,Basic,United Kingdom,54,19,Debit Card,Social Media,Monthly,3,11.12,11,0,Active,228
C02501,2025-03-17,,Basic,Australia,57,19,UPI,Paid Search,Monthly,1,5.0,5,0,Active,228
C02502,2025-06-01,,Standard,United Kingdom,19,49,Debit Card,Paid Search,Monthly,1,12.87,5,0,Active,588
C02503,2025-06-01,,Standard,United States,41,49,Debit Card,Email,Annual,2,13.51,14,0,Active,588
C02504,2024-07-10,,Basic,India,38,19,UPI,Referral,Monthly,2,18.43,19,0,Active,228
C02505,2026-05-27,2025-12-31,Premium,India,30,99,Debit Card,Partner,Monthly,2,14.23,16,1,Churned,1188
C02506,2024-09-18,,Standard,Germany,57,49,Credit Card,Paid Search,Monthly,1,8.38,24,0,Active,588
C02507,2024-05-08,,Standard,United Kingdom,49,49,PayPal,Paid Search,Annual,4,5.91,44,0,Active,588
C02508,2025-10-07,,Basic,Canada,47,19,Debit Card,Referral,Annual,3,12.68,19,0,Active,228
C02509,2025-06-17,,Basic,United States,34,19,UPI,Paid Search,Monthly,2,20.27,22,0,Active,228
C02510,2025-12-27,,Premium,Germany,22,99,Debit Card,Email,Annual,0,13.52,10,0,Active,1188
C02511,2024-06-07,,Basic,Australia,43,19,UPI,Email,Monthly,2,9.01,18,0,Active,228
C02512,2024-05-02,,Premium,Australia,57,99,Credit Card,Email,Annual,2,10.47,1,0,Active,1188
C02513,2024-07-24,,Premium,Germany,61,99,PayPal,Email,Monthly,4,7.65,30,0,Active,1188
C02514,2025-05-22,,Standard,United States,44,49,Debit Card,Organic Search,Annual,4,7.64,8,0,Active,588
C02515,2025-08-07,2025-09-23,Basic,Australia,45,19,UPI,Paid Search,Monthly,3,13.38,9,1,Churned,228
C02516,2025-02-09,,Basic,United Kingdom,39,19,Credit Card,Paid Search,Monthly,2,14.43,10,0,Active,228
C02517,2026-01-17,,Premium,Germany,21,99,Credit Card,Referral,Annual,0,8.94,12,0,Active,1188
C02518,2026-02-22,,Premium,Canada,35,99,PayPal,Organic Search,Monthly,2,9.63,16,0,Active,1188
C02519,2026-02-18,,Basic,United States,18,19,PayPal,Paid Search,Monthly,1,7.09,11,0,Active,228
C02520,2024-04-17,,Standard,Germany,52,49,PayPal,Organic Search,Monthly,3,8.38,19,0,Active,588
C02521,2025-03-28,2025-05-06,Premium,Canada,26,99,Credit Card,Paid Search,Monthly,1,9.35,6,1,Churned,1188
C02522,2026-05-23,,Standard,Australia,58,49,PayPal,Partner,Monthly,0,6.51,10,0,Active,588
C02523,2025-05-30,,Standard,Australia,37,49,Credit Card,Partner,Annual,3,19.17,1,0,Active,588
C02524,2026-04-28,2025-12-31,Standard,Germany,19,49,PayPal,Referral,Monthly,1,3.21,10,1,Churned,588
C02525,2024-10-25,,Standard,United Kingdom,19,49,UPI,Social Media,Monthly,2,15.88,9,0,Active,588
C02526,2024-12-25,,Basic,Canada,26,19,Credit Card,Email,Monthly,1,16.66,19,0,Active,228
C02527,2025-07-27,2025-09-12,Basic,Canada,25,19,UPI,Paid Search,Monthly,4,4.73,26,1,Churned,228
C02528,2026-04-10,,Premium,Canada,20,99,Debit Card,Paid Search,Monthly,3,10.53,15,0,Active,1188
C02529,2024-08-24,,Standard,Australia,38,49,UPI,Organic Search,Monthly,2,11.79,14,0,Active,588
C02530,2026-06-19,,Standard,Australia,32,49,UPI,Organic Search,Monthly,1,3.98,6,0,Active,588
C02531,2025-01-25,,Basic,Germany,19,19,PayPal,Social Media,Monthly,2,11.3,28,0,Active,228
C02532,2025-12-01,,Standard,Germany,43,49,Debit Card,Organic Search,Monthly,0,16.64,16,0,Active,588
C02533,2024-03-17,,Basic,Germany,29,19,Debit Card,Organic Search,Annual,2,13.36,4,0,Active,228
C02534,2025-09-11,,Premium,Australia,39,99,Debit Card,Partner,Monthly,2,16.17,14,0,Active,1188
C02535,2026-03-25,2025-12-31,Standard,Australia,26,49,Credit Card,Social Media,Monthly,1,6.97,20,1,Churned,588
C02536,2026-04-28,,Standard,United States,23,49,Credit Card,Paid Search,Monthly,0,26.16,10,0,Active,588
C02537,2026-04-29,,Basic,United States,31,19,UPI,Email,Annual,2,14.01,32,0,Active,228
C02538,2026-04-16,,Basic,United States,46,19,UPI,Organic Search,Monthly,4,10.12,21,0,Active,228
C02539,2024-07-05,,Basic,Germany,33,19,Credit Card,Paid Search,Monthly,3,15.03,1,0,Active,228
C02540,2025-04-28,,Standard,Australia,56,49,PayPal,Paid Search,Monthly,1,16.69,17,0,Active,588
C02541,2024-05-17,,Basic,Canada,33,19,Credit Card,Partner,Monthly,1,15.17,22,0,Active,228
C02542,2025-04-01,,Basic,India,30,19,Debit Card,Partner,Monthly,4,16.09,1,0,Active,228
C02543,2024-07-09,,Premium,Canada,37,99,UPI,Social Media,Annual,1,20.31,27,0,Active,1188
C02544,2026-02-26,,Premium,Australia,47,99,PayPal,Social Media,Monthly,1,3.07,11,0,Active,1188
C02545,2025-10-02,2025-12-19,Basic,United Kingdom,51,19,Credit Card,Organic Search,Monthly,0,10.31,1,1,Churned,228
C02546,2026-01-14,,Premium,Canada,20,99,Credit Card,Partner,Monthly,2,8.3,7,0,Active,1188
C02547,2025-03-28,,Basic,United States,48,19,Debit Card,Partner,Monthly,2,11.3,5,0,Active,228
C02548,2025-10-22,,Standard,Australia,39,49,UPI,Social Media,Monthly,1,10.83,19,0,Active,588
C02549,2024-09-17,,Standard,United States,19,49,Credit Card,Social Media,Monthly,2,1.34,14,0,Active,588
C02550,2026-03-13,,Premium,India,30,99,PayPal,Partner,Annual,1,12.89,24,0,Active,1188
C02551,2025-04-26,,Premium,United Kingdom,47,99,PayPal,Paid Search,Monthly,3,11.15,18,0,Active,1188
C02552,2026-04-03,,Basic,India,23,19,Debit Card,Organic Search,Monthly,1,17.32,13,0,Active,228
C02553,2025-01-30,,Basic,Australia,36,19,Debit Card,Organic Search,Monthly,2,11.3,14,0,Active,228
C02554,2024-03-28,,Basic,United States,52,19,PayPal,Social Media,Monthly,2,17.12,13,0,Active,228
C02555,2026-05-04,,Basic,Australia,21,19,Credit Card,Paid Search,Monthly,2,5.88,3,0,Active,228
C02556,2025-11-14,,Premium,Australia,58,99,PayPal,Partner,Monthly,0,17.01,11,0,Active,1188
C02557,2026-02-25,,Standard,Germany,47,49,PayPal,Email,Monthly,1,11.87,15,0,Active,588
C02558,2024-05-07,,Basic,Germany,62,19,Debit Card,Partner,Monthly,2,6.63,8,0,Active,228
C02559,2024-06-20,,Basic,Germany,36,19,PayPal,Paid Search,Annual,0,5.02,16,0,Active,228
C02560,2026-01-16,,Basic,Australia,37,19,UPI,Paid Search,Annual,2,26.24,19,0,Active,228
C02561,2025-08-14,,Standard,Canada,29,49,UPI,Paid Search,Monthly,2,13.13,12,0,Active,588
C02562,2026-05-22,,Standard,Canada,54,49,Debit Card,Organic Search,Annual,1,2.47,25,0,Active,588
C02563,2026-06-09,,Standard,Canada,29,49,PayPal,Email,Monthly,1,13.79,15,0,Active,588
C02564,2025-09-03,,Premium,India,40,99,UPI,Partner,Annual,2,10.73,14,0,Active,1188
C02565,2025-01-22,,Basic,United Kingdom,33,19,Debit Card,Partner,Annual,3,5.16,25,0,Active,228
C02566,2024-12-26,,Premium,India,37,99,PayPal,Email,Monthly,0,14.7,3,0,Active,1188
C02567,2025-01-10,,Standard,India,23,49,Debit Card,Email,Annual,2,18.87,16,0,Active,588
C02568,2025-06-01,,Basic,Canada,23,19,Debit Card,Referral,Annual,3,11.73,20,0,Active,228
C02569,2025-12-05,2025-12-31,Standard,Canada,57,49,UPI,Organic Search,Monthly,3,14.2,25,1,Churned,588
C02570,2025-01-22,,Premium,India,53,99,UPI,Organic Search,Monthly,4,18.13,36,0,Active,1188
C02571,2024-12-18,,Standard,Canada,43,49,UPI,Partner,Annual,4,8.79,1,0,Active,588
C02572,2025-07-23,,Basic,United States,21,19,Debit Card,Organic Search,Monthly,0,15.47,7,0,Active,228
C02573,2025-04-21,2025-11-08,Basic,Australia,51,19,PayPal,Email,Monthly,1,4.79,1,1,Churned,228
C02574,2025-12-09,,Standard,Australia,58,49,Credit Card,Social Media,Annual,1,10.09,12,0,Active,588
C02575,2025-09-05,2025-10-24,Basic,United States,39,19,PayPal,Paid Search,Monthly,1,14.65,33,1,Churned,228
C02576,2025-02-27,,Premium,Canada,60,99,UPI,Email,Monthly,4,5.47,17,0,Active,1188
C02577,2024-03-28,,Standard,Australia,38,49,Debit Card,Paid Search,Monthly,3,11.04,26,0,Active,588
C02578,2025-01-25,,Basic,Canada,60,19,UPI,Partner,Monthly,1,16.91,20,0,Active,228
C02579,2024-12-04,,Basic,Australia,38,19,UPI,Social Media,Annual,0,5.27,31,0,Active,228
C02580,2025-02-25,,Basic,Germany,59,19,PayPal,Referral,Annual,1,11.81,1,0,Active,228
C02581,2025-09-24,2025-11-03,Standard,Australia,58,49,PayPal,Organic Search,Monthly,2,10.28,21,1,Churned,588
C02582,2026-05-12,,Standard,United Kingdom,20,49,UPI,Social Media,Monthly,2,14.3,11,0,Active,588
C02583,2024-11-27,,Premium,United Kingdom,38,99,Debit Card,Email,Monthly,2,7.62,21,0,Active,1188
C02584,2025-02-10,,Standard,India,54,49,Debit Card,Partner,Annual,2,10.4,9,0,Active,588
C02585,2025-05-01,,Standard,India,46,49,Credit Card,Partner,Monthly,1,20.54,1,0,Active,588
C02586,2025-08-05,,Premium,United States,39,99,UPI,Social Media,Monthly,3,9.45,1,0,Active,1188
C02587,2025-03-03,,Basic,United States,62,19,Credit Card,Social Media,Monthly,3,15.51,7,0,Active,228
C02588,2024-08-27,,Basic,India,57,19,UPI,Referral,Monthly,2,16.37,1,0,Active,228
C02589,2025-07-11,,Basic,Canada,58,19,PayPal,Partner,Monthly,1,12.25,21,0,Active,228
C02590,2025-11-19,2025-12-19,Standard,India,49,49,PayPal,Email,Monthly,1,11.46,8,1,Churned,588
C02591,2025-01-19,,Standard,India,32,49,PayPal,Paid Search,Monthly,3,16.73,13,0,Active,588
C02592,2024-08-01,,Standard,Germany,32,49,PayPal,Social Media,Monthly,1,9.12,25,0,Active,588
C02593,2024-03-24,,Basic,United Kingdom,21,19,PayPal,Paid Search,Monthly,3,16.32,1,0,Active,228
C02594,2025-06-21,,Basic,Germany,46,19,Debit Card,Social Media,Annual,2,12.81,19,0,Active,228
C02595,2025-09-23,,Standard,Canada,24,49,Credit Card,Email,Annual,1,9.46,5,0,Active,588
C02596,2025-06-21,,Basic,Germany,45,19,Credit Card,Partner,Annual,2,10.69,3,0,Active,228
C02597,2025-07-26,,Standard,Australia,35,49,Debit Card,Paid Search,Monthly,2,10.37,8,0,Active,588
C02598,2026-05-20,,Standard,India,24,49,UPI,Referral,Monthly,1,13.09,23,0,Active,588
C02599,2024-03-20,,Standard,United States,44,49,UPI,Social Media,Monthly,2,13.23,10,0,Active,588
C02600,2025-05-13,2025-08-20,Standard,Australia,24,49,Debit Card,Email,Monthly,3,15.26,27,1,Churned,588
C02601,2026-01-04,,Premium,Germany,39,99,Credit Card,Paid Search,Monthly,2,15.15,20,0,Active,1188
C02602,2026-06-16,,Premium,India,27,99,PayPal,Referral,Monthly,4,10.38,25,0,Active,1188
C02603,2025-06-14,,Premium,United Kingdom,24,99,PayPal,Partner,Monthly,1,14.71,18,0,Active,1188
C02604,2025-01-27,,Basic,United Kingdom,31,19,Credit Card,Referral,Annual,2,17.27,39,0,Active,228
C02605,2025-10-18,,Basic,India,46,19,Credit Card,Social Media,Monthly,3,6.62,28,0,Active,228
C02606,2024-11-22,,Basic,India,42,19,UPI,Social Media,Monthly,3,16.32,1,0,Active,228
C02607,2024-03-11,,Standard,United States,31,49,Debit Card,Organic Search,Annual,1,15.01,1,0,Active,588
C02608,2024-10-07,,Basic,United States,51,19,Debit Card,Email,Monthly,1,6.89,6,0,Active,228
C02609,2025-03-28,,Basic,Australia,39,19,PayPal,Social Media,Monthly,2,12.5,21,0,Active,228
C02610,2025-01-14,,Premium,Canada,64,99,Debit Card,Partner,Monthly,1,20.29,11,0,Active,1188
C02611,2025-09-14,,Premium,Australia,43,99,Debit Card,Referral,Annual,1,9.92,1,0,Active,1188
C02612,2025-04-26,,Premium,Canada,60,99,Debit Card,Organic Search,Annual,2,11.74,1,0,Active,1188
C02613,2024-03-30,2024-11-13,Standard,Australia,46,49,PayPal,Organic Search,Monthly,2,18.19,1,1,Churned,588
C02614,2026-06-16,,Basic,India,40,19,PayPal,Email,Monthly,1,15.42,24,0,Active,228
C02615,2024-06-08,,Basic,United States,55,19,Debit Card,Email,Monthly,1,14.18,24,0,Active,228
C02616,2024-06-17,2025-07-11,Premium,United Kingdom,38,99,PayPal,Referral,Monthly,2,3.1,3,1,Churned,1188
C02617,2025-01-22,,Basic,United States,37,19,UPI,Partner,Monthly,0,2.66,14,0,Active,228
C02618,2025-09-03,,Premium,United States,64,99,Credit Card,Organic Search,Annual,2,8.33,12,0,Active,1188
C02619,2025-02-15,,Standard,India,21,49,UPI,Partner,Annual,1,9.57,22,0,Active,588
C02620,2025-11-24,,Basic,Australia,44,19,UPI,Social Media,Monthly,1,19.22,15,0,Active,228
C02621,2024-09-14,2025-05-12,Standard,India,57,49,Credit Card,Partner,Monthly,0,9.19,4,1,Churned,588
C02622,2024-11-18,,Standard,India,26,49,PayPal,Partner,Monthly,2,11.49,8,0,Active,588
C02623,2024-04-10,,Premium,United Kingdom,43,99,Debit Card,Organic Search,Monthly,2,10.51,13,0,Active,1188
C02624,2025-03-08,,Standard,United States,62,49,Credit Card,Referral,Monthly,2,22.49,1,0,Active,588
C02625,2025-09-11,,Premium,Australia,31,99,Credit Card,Organic Search,Monthly,1,6.03,15,0,Active,1188
C02626,2024-08-27,,Standard,Canada,25,49,Debit Card,Email,Monthly,1,8.35,32,0,Active,588
C02627,2026-02-19,,Premium,United States,48,99,UPI,Organic Search,Monthly,4,11.46,17,0,Active,1188
C02628,2025-06-25,,Standard,India,50,49,Credit Card,Email,Annual,1,6.88,16,0,Active,588
C02629,2024-03-22,,Standard,Australia,42,49,UPI,Partner,Monthly,1,7.71,15,0,Active,588
C02630,2024-08-30,,Basic,Germany,62,19,Credit Card,Organic Search,Monthly,0,17.86,19,0,Active,228
C02631,2025-11-24,,Premium,Germany,49,99,Credit Card,Partner,Monthly,1,4.96,7,0,Active,1188
C02632,2026-01-01,,Basic,United States,44,19,PayPal,Organic Search,Monthly,2,16.23,34,0,Active,228
C02633,2026-05-29,,Basic,India,47,19,PayPal,Social Media,Monthly,0,22.83,16,0,Active,228
C02634,2024-12-07,,Standard,United Kingdom,41,49,Credit Card,Referral,Monthly,2,10.0,31,0,Active,588
C02635,2024-04-20,,Basic,United Kingdom,35,19,Debit Card,Referral,Monthly,4,10.47,26,0,Active,228
C02636,2024-05-25,,Standard,Germany,31,49,UPI,Partner,Monthly,4,12.31,27,0,Active,588
C02637,2024-07-04,,Premium,United Kingdom,62,99,Credit Card,Organic Search,Annual,0,11.55,9,0,Active,1188
C02638,2025-10-20,,Basic,India,62,19,Debit Card,Email,Annual,1,13.5,20,0,Active,228
C02639,2025-08-26,,Premium,India,31,99,UPI,Referral,Annual,0,13.67,31,0,Active,1188
C02640,2025-07-12,,Standard,India,40,49,PayPal,Organic Search,Monthly,2,15.5,20,0,Active,588
C02641,2025-03-14,,Standard,Germany,35,49,UPI,Paid Search,Monthly,3,14.19,1,0,Active,588
C02642,2025-04-15,,Standard,Australia,44,49,PayPal,Partner,Annual,3,17.34,8,0,Active,588
C02643,2024-05-22,,Basic,United States,64,19,Credit Card,Organic Search,Monthly,1,17.53,3,0,Active,228
C02644,2026-04-12,,Standard,Australia,40,49,UPI,Referral,Monthly,2,8.17,14,0,Active,588
C02645,2024-08-27,2024-10-13,Premium,United States,25,99,PayPal,Email,Monthly,1,11.48,15,1,Churned,1188
C02646,2024-07-15,2025-06-16,Standard,Australia,18,49,UPI,Email,Monthly,3,5.64,13,1,Churned,588
C02647,2025-03-24,,Basic,United States,37,19,PayPal,Social Media,Annual,2,9.16,35,0,Active,228
C02648,2025-03-27,,Standard,United Kingdom,44,49,Debit Card,Partner,Monthly,1,21.64,20,0,Active,588
C02649,2024-04-17,,Basic,India,63,19,Credit Card,Partner,Annual,4,10.22,1,0,Active,228
C02650,2025-10-01,,Basic,Germany,44,19,Debit Card,Paid Search,Annual,2,6.79,12,0,Active,228
C02651,2024-05-14,,Basic,India,53,19,Credit Card,Social Media,Annual,5,13.49,25,0,Active,228
C02652,2025-01-07,,Standard,Australia,34,49,UPI,Referral,Monthly,2,10.37,36,0,Active,588
C02653,2026-01-01,,Basic,India,23,19,UPI,Email,Annual,2,16.49,13,0,Active,228
C02654,2024-10-08,,Basic,India,61,19,Credit Card,Email,Annual,2,11.78,12,0,Active,228
C02655,2024-12-14,,Standard,United Kingdom,38,49,Debit Card,Organic Search,Monthly,1,4.04,18,0,Active,588
C02656,2025-12-27,,Premium,United States,36,99,Debit Card,Organic Search,Monthly,0,11.56,22,0,Active,1188
C02657,2025-04-29,,Standard,Germany,54,49,PayPal,Social Media,Annual,0,13.2,14,0,Active,588
C02658,2024-03-23,2025-09-11,Basic,Canada,44,19,Credit Card,Paid Search,Monthly,4,11.22,2,1,Churned,228
C02659,2024-06-17,,Basic,Canada,64,19,Credit Card,Email,Annual,1,8.91,12,0,Active,228
C02660,2025-09-24,,Premium,United States,60,99,Credit Card,Partner,Monthly,3,5.44,3,0,Active,1188
C02661,2024-08-22,2024-10-11,Basic,United Kingdom,26,19,PayPal,Email,Monthly,0,21.05,32,1,Churned,228
C02662,2025-10-13,2025-11-27,Basic,Australia,21,19,PayPal,Partner,Annual,5,9.29,22,1,Churned,228
C02663,2025-08-12,,Standard,Germany,27,49,PayPal,Paid Search,Annual,1,11.66,1,0,Active,588
C02664,2024-03-13,,Premium,Canada,32,99,UPI,Email,Monthly,1,13.6,19,0,Active,1188
C02665,2024-12-15,,Basic,Australia,23,19,PayPal,Social Media,Monthly,2,15.39,17,0,Active,228
C02666,2025-11-06,,Standard,United Kingdom,56,49,Debit Card,Paid Search,Monthly,3,14.05,5,0,Active,588
C02667,2024-11-17,,Standard,Germany,32,49,Debit Card,Paid Search,Monthly,5,7.2,23,0,Active,588
C02668,2024-03-18,,Standard,India,47,49,Debit Card,Organic Search,Monthly,0,12.4,1,0,Active,588
C02669,2026-04-29,,Standard,United Kingdom,47,49,UPI,Partner,Annual,1,13.62,26,0,Active,588
C02670,2026-01-20,,Premium,Australia,39,99,Credit Card,Email,Monthly,1,12.91,4,0,Active,1188
C02671,2025-10-28,,Basic,Germany,18,19,Debit Card,Partner,Annual,0,12.78,15,0,Active,228
C02672,2025-05-12,2025-10-24,Basic,United Kingdom,58,19,Debit Card,Paid Search,Monthly,4,6.24,11,1,Churned,228
C02673,2026-03-08,,Premium,United Kingdom,45,99,UPI,Email,Monthly,4,13.3,26,0,Active,1188
C02674,2025-10-18,,Premium,Germany,33,99,UPI,Referral,Monthly,3,15.02,30,0,Active,1188
C02675,2024-06-25,,Standard,Canada,29,49,UPI,Partner,Monthly,2,9.2,14,0,Active,588
C02676,2026-03-14,,Premium,United Kingdom,61,99,PayPal,Partner,Monthly,2,11.64,16,0,Active,1188
C02677,2024-11-16,,Standard,United States,57,49,UPI,Organic Search,Annual,5,13.79,20,0,Active,588
C02678,2024-06-10,,Basic,United Kingdom,31,19,Credit Card,Referral,Monthly,0,7.61,10,0,Active,228
C02679,2024-10-15,,Standard,India,35,49,PayPal,Organic Search,Monthly,0,16.99,20,0,Active,588
C02680,2025-01-27,,Standard,Germany,30,49,Credit Card,Organic Search,Monthly,2,11.45,13,0,Active,588
C02681,2024-05-08,,Basic,Germany,61,19,UPI,Social Media,Monthly,2,10.87,11,0,Active,228
C02682,2025-10-22,,Basic,India,50,19,PayPal,Referral,Monthly,3,10.12,7,0,Active,228
C02683,2026-06-18,2025-12-31,Basic,Germany,38,19,Credit Card,Partner,Monthly,0,15.99,24,1,Churned,228
C02684,2024-06-03,,Basic,Canada,23,19,PayPal,Email,Monthly,1,10.67,24,0,Active,228
C02685,2025-10-17,,Premium,India,51,99,Credit Card,Referral,Monthly,2,12.49,23,0,Active,1188
C02686,2024-05-22,,Standard,Canada,38,49,Debit Card,Organic Search,Annual,3,18.0,21,0,Active,588
C02687,2026-02-04,,Basic,United Kingdom,32,19,Credit Card,Referral,Monthly,3,10.93,39,0,Active,228
C02688,2026-06-15,,Standard,India,50,49,Debit Card,Partner,Monthly,2,13.96,12,0,Active,588
C02689,2026-04-08,,Basic,United States,38,19,PayPal,Email,Monthly,2,15.27,26,0,Active,228
C02690,2024-09-06,,Basic,India,28,19,PayPal,Partner,Monthly,0,18.69,6,0,Active,228
C02691,2025-11-16,,Premium,United Kingdom,59,99,UPI,Partner,Monthly,2,11.83,15,0,Active,1188
C02692,2025-06-03,,Standard,Australia,33,49,UPI,Email,Monthly,3,9.8,28,0,Active,588
C02693,2024-08-12,,Basic,United States,63,19,UPI,Email,Monthly,2,17.14,11,0,Active,228
C02694,2025-05-24,,Standard,Australia,57,49,PayPal,Referral,Annual,4,10.9,7,0,Active,588
C02695,2025-11-19,,Standard,Australia,30,49,PayPal,Referral,Monthly,2,16.42,20,0,Active,588
C02696,2024-05-09,,Basic,United Kingdom,35,19,Credit Card,Referral,Annual,0,9.71,8,0,Active,228
C02697,2026-04-22,2025-12-31,Basic,Germany,24,19,Debit Card,Paid Search,Monthly,2,11.28,30,1,Churned,228
C02698,2025-05-28,,Basic,India,38,19,Credit Card,Referral,Monthly,0,12.39,17,0,Active,228
C02699,2025-10-08,,Premium,India,63,99,PayPal,Partner,Monthly,0,7.8,14,0,Active,1188
C02700,2026-06-19,,Standard,United Kingdom,59,49,PayPal,Email,Monthly,5,16.04,20,0,Active,588
C02701,2024-10-28,,Basic,United Kingdom,47,19,Debit Card,Partner,Monthly,1,9.9,8,0,Active,228
C02702,2024-11-04,2025-05-09,Standard,United Kingdom,32,49,Credit Card,Social Media,Monthly,1,17.14,1,1,Churned,588
C02703,2024-06-26,2025-07-10,Basic,India,64,19,PayPal,Partner,Monthly,1,14.9,29,1,Churned,228
C02704,2026-04-02,,Premium,United States,36,99,PayPal,Partner,Monthly,4,13.8,23,0,Active,1188
C02705,2025-09-19,,Basic,Australia,38,19,UPI,Email,Monthly,3,13.08,6,0,Active,228
C02706,2026-02-14,,Standard,India,28,49,Debit Card,Referral,Monthly,1,9.6,4,0,Active,588
C02707,2025-08-30,,Basic,Canada,41,19,UPI,Partner,Annual,2,11.18,18,0,Active,228
C02708,2025-05-16,2025-10-25,Premium,United States,51,99,PayPal,Email,Monthly,1,13.3,17,1,Churned,1188
C02709,2025-07-17,,Standard,United States,49,49,UPI,Social Media,Monthly,2,11.97,29,0,Active,588
C02710,2026-05-15,,Basic,India,35,19,PayPal,Email,Monthly,2,13.51,18,0,Active,228
C02711,2024-08-20,,Basic,Germany,57,19,UPI,Email,Monthly,1,15.37,33,0,Active,228
C02712,2024-06-30,,Premium,Canada,21,99,UPI,Email,Monthly,1,21.52,9,0,Active,1188
C02713,2026-05-18,,Standard,Canada,21,49,Debit Card,Partner,Annual,5,17.65,9,0,Active,588
C02714,2024-10-23,,Basic,United States,49,19,Credit Card,Email,Monthly,0,5.6,14,0,Active,228
C02715,2026-05-07,,Standard,Canada,31,49,Debit Card,Paid Search,Monthly,3,20.42,1,0,Active,588
C02716,2024-11-21,,Basic,India,28,19,Credit Card,Referral,Monthly,2,3.79,14,0,Active,228
C02717,2024-07-28,,Basic,Canada,41,19,Credit Card,Partner,Monthly,0,24.86,1,0,Active,228
C02718,2024-03-04,2024-09-08,Standard,Australia,27,49,Debit Card,Social Media,Monthly,1,7.32,14,1,Churned,588
C02719,2024-09-24,,Standard,United States,60,49,UPI,Organic Search,Monthly,2,21.96,8,0,Active,588
C02720,2024-11-21,,Basic,Germany,27,19,Debit Card,Organic Search,Monthly,2,7.74,12,0,Active,228
C02721,2024-10-26,2025-03-20,Premium,Australia,29,99,UPI,Organic Search,Monthly,0,12.45,11,1,Churned,1188
C02722,2024-04-06,2025-09-29,Basic,India,22,19,Credit Card,Social Media,Monthly,2,18.09,11,1,Churned,228
C02723,2024-09-29,,Basic,India,28,19,Debit Card,Partner,Monthly,2,5.04,8,0,Active,228
C02724,2025-01-29,,Standard,Canada,19,49,Debit Card,Referral,Monthly,1,10.38,1,0,Active,588
C02725,2024-06-19,,Premium,India,55,99,UPI,Email,Monthly,4,7.27,1,0,Active,1188
C02726,2025-08-26,,Basic,Germany,24,19,PayPal,Partner,Monthly,3,12.72,24,0,Active,228
C02727,2025-05-01,,Premium,United Kingdom,23,99,Debit Card,Partner,Monthly,2,12.53,3,0,Active,1188
C02728,2024-08-07,2025-11-27,Standard,United States,27,49,PayPal,Social Media,Monthly,1,1.84,19,1,Churned,588
C02729,2024-05-17,,Premium,Australia,31,99,PayPal,Email,Annual,3,7.45,21,0,Active,1188
C02730,2026-06-12,,Standard,India,19,49,Credit Card,Email,Annual,0,10.66,9,0,Active,588
C02731,2024-08-23,,Basic,India,54,19,Debit Card,Paid Search,Annual,6,21.66,4,0,Active,228
C02732,2024-10-29,,Standard,India,59,49,Debit Card,Paid Search,Monthly,1,8.84,16,0,Active,588
C02733,2024-06-15,,Basic,United States,18,19,PayPal,Organic Search,Monthly,5,13.26,6,0,Active,228
C02734,2024-05-14,,Premium,United States,38,99,Debit Card,Email,Annual,0,13.03,12,0,Active,1188
C02735,2024-08-01,,Basic,Germany,48,19,Credit Card,Organic Search,Annual,1,16.18,1,0,Active,228
C02736,2024-05-04,,Standard,Canada,26,49,PayPal,Social Media,Annual,3,14.13,32,0,Active,588
C02737,2026-01-03,,Basic,United Kingdom,39,19,PayPal,Organic Search,Annual,4,15.56,24,0,Active,228
C02738,2026-03-09,,Standard,India,56,49,PayPal,Organic Search,Monthly,3,17.39,24,0,Active,588
C02739,2024-08-09,,Basic,India,23,19,PayPal,Social Media,Annual,4,19.5,12,0,Active,228
C02740,2025-01-15,,Basic,Germany,31,19,Debit Card,Paid Search,Annual,1,14.62,22,0,Active,228
C02741,2025-05-27,,Premium,Australia,46,99,Debit Card,Email,Monthly,1,16.13,6,0,Active,1188
C02742,2025-10-26,,Basic,United States,53,19,PayPal,Partner,Monthly,1,20.85,23,0,Active,228
C02743,2024-07-13,,Standard,India,54,49,PayPal,Paid Search,Monthly,3,7.15,1,0,Active,588
C02744,2024-12-12,,Standard,United States,40,49,Credit Card,Referral,Annual,0,11.92,10,0,Active,588
C02745,2025-10-20,,Standard,Germany,21,49,Debit Card,Social Media,Annual,3,5.62,5,0,Active,588
C02746,2025-05-04,,Premium,Germany,61,99,Credit Card,Email,Monthly,1,9.33,14,0,Active,1188
C02747,2024-10-03,,Standard,United States,38,49,Debit Card,Paid Search,Monthly,1,19.57,20,0,Active,588
C02748,2026-06-05,,Standard,Germany,42,49,PayPal,Paid Search,Monthly,1,8.63,31,0,Active,588
C02749,2024-10-08,,Premium,India,26,99,UPI,Partner,Annual,4,8.13,6,0,Active,1188
C02750,2024-03-01,,Premium,United States,53,99,PayPal,Email,Monthly,1,16.34,14,0,Active,1188
C02751,2024-05-31,,Standard,Germany,41,49,Credit Card,Partner,Annual,5,13.27,12,0,Active,588
C02752,2025-01-06,,Basic,India,40,19,Debit Card,Referral,Monthly,1,12.48,1,0,Active,228
C02753,2024-06-22,,Standard,Germany,35,49,Debit Card,Social Media,Annual,2,16.4,36,0,Active,588
C02754,2024-08-09,,Premium,India,43,99,Debit Card,Organic Search,Monthly,0,14.62,1,0,Active,1188
C02755,2026-01-11,2025-12-31,Premium,Germany,47,99,Debit Card,Paid Search,Monthly,0,7.95,12,1,Churned,1188
C02756,2024-10-14,,Standard,United Kingdom,59,49,UPI,Referral,Monthly,2,14.97,17,0,Active,588
C02757,2024-12-20,,Basic,India,23,19,UPI,Email,Monthly,1,5.08,8,0,Active,228
C02758,2024-10-16,,Standard,Canada,23,49,UPI,Social Media,Monthly,1,11.54,20,0,Active,588
C02759,2026-01-19,,Basic,Australia,19,19,Debit Card,Paid Search,Monthly,2,12.42,2,0,Active,228
C02760,2025-06-19,2025-12-03,Standard,India,47,49,Debit Card,Partner,Monthly,3,21.27,34,1,Churned,588
C02761,2025-08-29,2025-12-08,Basic,Australia,42,19,PayPal,Email,Monthly,5,12.08,11,1,Churned,228
C02762,2025-08-04,,Standard,Germany,22,49,Debit Card,Organic Search,Monthly,1,13.47,1,0,Active,588
C02763,2024-02-28,,Premium,United Kingdom,36,99,UPI,Referral,Monthly,2,14.98,2,0,Active,1188
C02764,2024-10-03,,Premium,Canada,58,99,Debit Card,Social Media,Annual,0,9.69,1,0,Active,1188
C02765,2024-07-12,,Standard,India,54,49,PayPal,Referral,Monthly,3,8.88,17,0,Active,588
C02766,2024-05-03,,Basic,United Kingdom,20,19,Debit Card,Organic Search,Monthly,1,4.74,4,0,Active,228
C02767,2024-07-01,,Standard,Australia,39,49,Credit Card,Organic Search,Monthly,2,5.21,21,0,Active,588
C02768,2026-03-02,,Basic,Germany,27,19,UPI,Email,Annual,4,11.61,21,0,Active,228
C02769,2024-11-13,,Basic,United Kingdom,23,19,Debit Card,Email,Annual,1,15.81,30,0,Active,228
C02770,2025-04-23,2025-11-21,Standard,India,22,49,PayPal,Organic Search,Monthly,3,10.38,11,1,Churned,588
C02771,2025-03-04,2025-11-28,Basic,India,30,19,UPI,Organic Search,Monthly,5,9.79,24,1,Churned,228
C02772,2026-06-03,,Premium,Canada,19,99,UPI,Social Media,Monthly,2,9.68,17,0,Active,1188
C02773,2025-01-17,,Standard,Canada,44,49,PayPal,Organic Search,Monthly,1,11.17,30,0,Active,588
C02774,2024-07-22,,Standard,United States,32,49,PayPal,Email,Monthly,1,21.3,10,0,Active,588
C02775,2026-03-17,,Basic,United Kingdom,18,19,Debit Card,Email,Monthly,1,8.19,25,0,Active,228
C02776,2024-08-29,2024-11-02,Basic,India,30,19,Credit Card,Organic Search,Monthly,0,17.62,16,1,Churned,228
C02777,2024-11-02,,Premium,Germany,63,99,Debit Card,Email,Annual,2,8.64,31,0,Active,1188
C02778,2025-07-31,,Premium,Canada,28,99,PayPal,Referral,Monthly,1,12.81,13,0,Active,1188
C02779,2025-09-06,,Premium,Australia,23,99,PayPal,Organic Search,Annual,0,7.73,30,0,Active,1188
C02780,2025-01-23,,Basic,Canada,30,19,UPI,Email,Annual,5,9.46,27,0,Active,228
C02781,2026-06-05,,Standard,Australia,47,49,UPI,Organic Search,Monthly,0,10.51,20,0,Active,588
C02782,2025-06-01,,Basic,Canada,63,19,UPI,Partner,Monthly,2,4.97,18,0,Active,228
C02783,2025-12-21,,Premium,Canada,25,99,PayPal,Social Media,Annual,6,17.14,11,0,Active,1188
C02784,2025-02-17,,Basic,United States,21,19,PayPal,Social Media,Annual,2,11.02,16,0,Active,228
C02785,2026-02-26,,Basic,Canada,61,19,UPI,Referral,Monthly,0,16.69,22,0,Active,228
C02786,2026-01-16,,Premium,Australia,24,99,Debit Card,Partner,Monthly,2,15.03,1,0,Active,1188
C02787,2025-06-17,,Basic,India,48,19,Credit Card,Partner,Monthly,2,7.86,1,0,Active,228
C02788,2025-11-23,,Basic,Australia,48,19,Credit Card,Organic Search,Annual,0,8.35,3,0,Active,228
C02789,2026-03-07,,Standard,India,22,49,Credit Card,Social Media,Monthly,4,6.7,5,0,Active,588
C02790,2024-12-23,,Standard,Australia,36,49,Credit Card,Paid Search,Monthly,0,20.73,12,0,Active,588
C02791,2026-03-29,,Standard,Canada,47,49,PayPal,Organic Search,Monthly,4,16.14,7,0,Active,588
C02792,2026-05-01,,Basic,Canada,37,19,UPI,Email,Monthly,3,0.0,1,0,Active,228
C02793,2026-02-27,2025-12-31,Basic,Canada,54,19,UPI,Referral,Monthly,2,20.03,5,1,Churned,228
C02794,2026-05-07,,Standard,United Kingdom,61,49,UPI,Organic Search,Monthly,1,16.27,14,0,Active,588
C02795,2025-06-09,,Standard,United States,27,49,Debit Card,Referral,Monthly,3,16.55,8,0,Active,588
C02796,2025-09-29,,Standard,United States,35,49,Debit Card,Paid Search,Monthly,1,17.41,1,0,Active,588
C02797,2025-05-16,,Basic,United States,45,19,Debit Card,Referral,Annual,1,13.56,11,0,Active,228
C02798,2025-04-03,,Standard,Germany,37,49,UPI,Organic Search,Annual,0,15.67,5,0,Active,588
C02799,2026-03-22,,Premium,United States,53,99,UPI,Email,Annual,3,14.6,12,0,Active,1188
C02800,2024-09-07,,Basic,Australia,23,19,Debit Card,Paid Search,Monthly,2,7.27,4,0,Active,228
C02801,2024-06-06,,Standard,Canada,33,49,UPI,Organic Search,Annual,3,11.17,15,0,Active,588
C02802,2025-06-25,,Standard,United Kingdom,60,49,Debit Card,Social Media,Monthly,0,17.18,35,0,Active,588
C02803,2026-03-14,,Basic,Canada,34,19,Debit Card,Partner,Monthly,0,15.61,18,0,Active,228
C02804,2026-01-08,,Premium,United States,47,99,Debit Card,Email,Monthly,3,14.07,1,0,Active,1188
C02805,2026-05-01,,Basic,India,18,19,Debit Card,Paid Search,Annual,3,7.92,12,0,Active,228
C02806,2024-05-01,,Standard,United Kingdom,30,49,UPI,Social Media,Annual,5,9.58,21,0,Active,588
C02807,2026-03-26,,Basic,Canada,40,19,Debit Card,Email,Monthly,1,11.2,8,0,Active,228
C02808,2024-06-27,,Basic,Canada,58,19,Credit Card,Partner,Monthly,2,7.87,19,0,Active,228
C02809,2024-07-07,,Basic,Germany,35,19,PayPal,Paid Search,Monthly,1,13.74,33,0,Active,228
C02810,2024-09-04,,Premium,United States,29,99,Debit Card,Social Media,Monthly,1,18.35,24,0,Active,1188
C02811,2024-07-31,,Basic,Canada,22,19,UPI,Organic Search,Monthly,3,10.98,9,0,Active,228
C02812,2025-08-26,2025-11-26,Standard,United Kingdom,63,49,Debit Card,Email,Monthly,3,10.04,12,1,Churned,588
C02813,2024-12-09,,Standard,India,32,49,UPI,Social Media,Annual,4,13.59,4,0,Active,588
C02814,2024-07-21,,Standard,Germany,52,49,Credit Card,Partner,Annual,1,11.33,9,0,Active,588
C02815,2024-08-19,,Basic,United Kingdom,23,19,UPI,Organic Search,Monthly,1,13.37,24,0,Active,228
C02816,2026-05-25,,Standard,Germany,29,49,UPI,Social Media,Monthly,4,18.56,22,0,Active,588
C02817,2026-02-13,,Basic,Canada,28,19,Debit Card,Email,Annual,2,11.53,20,0,Active,228
C02818,2026-02-04,,Basic,Canada,64,19,Debit Card,Partner,Annual,2,15.84,1,0,Active,228
C02819,2024-10-19,,Premium,India,50,99,Debit Card,Partner,Annual,2,14.86,8,0,Active,1188
C02820,2025-08-03,2025-09-22,Standard,United Kingdom,58,49,Debit Card,Organic Search,Monthly,0,7.23,10,1,Churned,588
C02821,2024-05-18,2024-12-01,Basic,United Kingdom,43,19,Debit Card,Organic Search,Monthly,1,2.81,28,1,Churned,228
C02822,2025-06-08,,Basic,Canada,60,19,PayPal,Partner,Annual,3,15.35,20,0,Active,228
C02823,2024-08-04,2025-01-22,Basic,United States,47,19,Credit Card,Social Media,Monthly,0,10.44,14,1,Churned,228
C02824,2025-11-06,,Premium,Canada,29,99,PayPal,Partner,Annual,3,16.34,1,0,Active,1188
C02825,2026-05-20,,Premium,United Kingdom,34,99,Credit Card,Email,Annual,1,10.68,10,0,Active,1188
C02826,2024-04-21,,Standard,Canada,50,49,Debit Card,Partner,Monthly,2,2.13,11,0,Active,588
C02827,2026-04-12,,Premium,Canada,33,99,UPI,Paid Search,Monthly,2,0.0,25,0,Active,1188
C02828,2025-04-06,2025-07-07,Standard,United States,63,49,PayPal,Organic Search,Annual,3,21.03,17,1,Churned,588
C02829,2026-05-15,,Basic,Canada,49,19,Credit Card,Email,Annual,5,20.22,24,0,Active,228
C02830,2025-01-13,,Standard,Canada,57,49,PayPal,Email,Monthly,2,8.85,28,0,Active,588
C02831,2024-08-23,,Basic,Germany,51,19,PayPal,Email,Annual,2,11.64,28,0,Active,228
C02832,2026-05-10,,Basic,Australia,26,19,Debit Card,Partner,Annual,2,12.54,8,0,Active,228
C02833,2025-07-04,,Standard,United States,61,49,Credit Card,Referral,Monthly,2,19.48,25,0,Active,588
C02834,2026-01-01,,Standard,United Kingdom,60,49,Debit Card,Paid Search,Annual,2,14.68,1,0,Active,588
C02835,2024-09-20,,Basic,Australia,34,19,Debit Card,Paid Search,Annual,2,11.74,3,0,Active,228
C02836,2026-01-18,,Standard,United Kingdom,41,49,Credit Card,Paid Search,Annual,3,19.6,23,0,Active,588
C02837,2024-09-28,2025-08-18,Basic,United Kingdom,61,19,UPI,Partner,Monthly,1,12.3,18,1,Churned,228
C02838,2024-03-22,,Basic,United Kingdom,47,19,Debit Card,Partner,Annual,1,12.29,5,0,Active,228
C02839,2026-03-05,2025-12-31,Standard,Australia,54,49,UPI,Partner,Monthly,1,2.56,16,1,Churned,588
C02840,2025-12-18,,Basic,Germany,40,19,UPI,Partner,Annual,4,13.68,1,0,Active,228
C02841,2024-07-19,,Standard,Germany,23,49,UPI,Paid Search,Annual,2,8.27,19,0,Active,588
C02842,2025-08-30,,Basic,Germany,25,19,PayPal,Organic Search,Monthly,1,8.02,16,0,Active,228
C02843,2024-05-23,2025-02-04,Basic,India,29,19,PayPal,Social Media,Monthly,2,14.43,9,1,Churned,228
C02844,2025-03-19,,Basic,Germany,59,19,Debit Card,Referral,Monthly,2,5.83,40,0,Active,228
C02845,2024-03-30,,Basic,Canada,29,19,PayPal,Paid Search,Monthly,1,20.85,16,0,Active,228
C02846,2025-01-29,,Standard,Australia,24,49,Debit Card,Partner,Monthly,0,5.71,12,0,Active,588
C02847,2025-07-19,2025-11-02,Standard,Canada,21,49,Credit Card,Partner,Monthly,1,5.57,1,1,Churned,588
C02848,2024-09-15,,Basic,United States,53,19,Debit Card,Social Media,Monthly,1,9.17,27,0,Active,228
C02849,2025-10-17,,Basic,Australia,42,19,Credit Card,Email,Monthly,3,15.91,27,0,Active,228
C02850,2024-07-23,,Standard,Germany,31,49,Credit Card,Email,Monthly,1,13.51,15,0,Active,588
C02851,2025-05-16,,Basic,Canada,40,19,Debit Card,Paid Search,Monthly,1,8.33,23,0,Active,228
C02852,2026-03-08,,Basic,Germany,52,19,Credit Card,Social Media,Annual,2,8.77,27,0,Active,228
C02853,2026-01-09,,Premium,Australia,34,99,Credit Card,Email,Annual,1,7.14,14,0,Active,1188
C02854,2025-08-30,,Standard,Australia,56,49,Debit Card,Paid Search,Monthly,2,10.68,26,0,Active,588
C02855,2025-01-10,,Basic,United Kingdom,56,19,Debit Card,Referral,Annual,3,10.82,26,0,Active,228
C02856,2025-04-09,2025-07-16,Basic,Canada,35,19,PayPal,Referral,Monthly,1,17.41,30,1,Churned,228
C02857,2025-08-17,2025-09-22,Standard,India,45,49,UPI,Partner,Monthly,1,14.73,4,1,Churned,588
C02858,2025-06-28,,Standard,Australia,34,49,Credit Card,Paid Search,Monthly,2,13.34,32,0,Active,588
C02859,2024-03-01,,Basic,India,22,19,Credit Card,Organic Search,Annual,0,11.83,25,0,Active,228
C02860,2025-12-24,2025-12-31,Basic,United States,55,19,Debit Card,Email,Monthly,2,22.29,14,1,Churned,228
C02861,2024-03-23,,Standard,United Kingdom,43,49,Debit Card,Organic Search,Annual,2,13.52,1,0,Active,588
C02862,2026-03-13,2025-12-31,Basic,India,49,19,Credit Card,Paid Search,Monthly,2,9.36,7,1,Churned,228
C02863,2025-05-01,,Standard,Australia,49,49,PayPal,Paid Search,Monthly,0,25.54,22,0,Active,588
C02864,2026-01-03,,Basic,United Kingdom,34,19,Debit Card,Organic Search,Annual,0,6.52,14,0,Active,228
C02865,2025-06-08,,Premium,Australia,21,99,Credit Card,Email,Annual,2,11.75,14,0,Active,1188
C02866,2024-12-06,,Standard,Australia,48,49,Credit Card,Organic Search,Monthly,1,10.77,23,0,Active,588
C02867,2026-02-18,2025-12-31,Basic,United States,22,19,Debit Card,Social Media,Monthly,1,12.13,10,1,Churned,228
C02868,2024-06-15,,Basic,Canada,25,19,PayPal,Social Media,Monthly,1,5.6,14,0,Active,228
C02869,2026-03-30,,Standard,Canada,18,49,UPI,Organic Search,Monthly,3,18.23,25,0,Active,588
C02870,2024-08-08,,Standard,India,52,49,UPI,Social Media,Monthly,1,18.03,31,0,Active,588
C02871,2024-03-08,,Basic,Canada,33,19,Debit Card,Social Media,Monthly,1,6.3,11,0,Active,228
C02872,2026-05-05,,Standard,Canada,19,49,UPI,Social Media,Monthly,1,12.15,25,0,Active,588
C02873,2025-01-02,,Premium,Germany,23,99,UPI,Paid Search,Monthly,2,3.99,21,0,Active,1188
C02874,2025-04-24,2025-06-16,Basic,India,60,19,PayPal,Referral,Monthly,0,18.61,12,1,Churned,228
C02875,2026-04-12,,Basic,Germany,36,19,PayPal,Paid Search,Annual,0,12.77,16,0,Active,228
C02876,2026-02-02,,Standard,Canada,63,49,PayPal,Paid Search,Monthly,4,12.56,5,0,Active,588
C02877,2024-07-30,,Standard,India,23,49,PayPal,Organic Search,Monthly,5,12.4,28,0,Active,588
C02878,2025-01-15,,Basic,Germany,20,19,PayPal,Partner,Monthly,3,17.93,1,0,Active,228
C02879,2026-01-22,,Standard,India,56,49,Debit Card,Organic Search,Monthly,0,19.48,23,0,Active,588
C02880,2024-08-10,,Basic,Canada,52,19,UPI,Referral,Annual,0,15.35,10,0,Active,228
C02881,2025-04-03,,Premium,Germany,36,99,PayPal,Partner,Monthly,2,26.07,29,0,Active,1188
C02882,2025-10-24,,Standard,Canada,30,49,PayPal,Partner,Annual,6,13.37,11,0,Active,588
C02883,2025-01-05,,Premium,United Kingdom,58,99,Debit Card,Referral,Annual,0,9.72,24,0,Active,1188
C02884,2025-07-31,,Basic,Canada,58,19,PayPal,Referral,Monthly,0,13.06,1,0,Active,228
C02885,2024-12-05,2025-02-20,Premium,Germany,22,99,Credit Card,Referral,Monthly,4,3.13,4,1,Churned,1188
C02886,2024-12-22,,Standard,India,26,49,UPI,Organic Search,Monthly,5,11.8,4,0,Active,588
C02887,2025-02-28,,Basic,India,35,19,PayPal,Paid Search,Monthly,0,10.98,14,0,Active,228
C02888,2026-03-06,,Standard,United States,56,49,PayPal,Social Media,Annual,1,1.62,9,0,Active,588
C02889,2024-03-23,,Premium,Canada,33,99,UPI,Organic Search,Monthly,2,6.31,19,0,Active,1188
C02890,2026-05-24,,Basic,Canada,63,19,Debit Card,Social Media,Monthly,3,17.48,31,0,Active,228
C02891,2024-12-05,,Standard,India,32,49,Debit Card,Organic Search,Annual,2,15.96,19,0,Active,588
C02892,2026-04-25,2025-12-31,Premium,Australia,24,99,UPI,Social Media,Monthly,3,11.66,14,1,Churned,1188
C02893,2024-03-01,2025-11-03,Standard,Canada,61,49,UPI,Organic Search,Monthly,2,19.75,16,1,Churned,588
C02894,2026-05-10,,Standard,India,19,49,PayPal,Email,Monthly,1,4.18,5,0,Active,588
C02895,2024-06-19,,Standard,United States,62,49,PayPal,Email,Monthly,0,23.18,4,0,Active,588
C02896,2024-04-08,,Basic,Germany,27,19,UPI,Referral,Monthly,4,14.68,10,0,Active,228
C02897,2025-02-20,,Premium,Canada,42,99,Credit Card,Organic Search,Monthly,3,14.3,17,0,Active,1188
C02898,2025-12-26,,Basic,United States,45,19,Debit Card,Social Media,Monthly,1,18.25,1,0,Active,228
C02899,2024-05-23,,Basic,United States,23,19,Credit Card,Referral,Monthly,2,15.77,13,0,Active,228
C02900,2024-11-06,,Basic,Australia,18,19,Debit Card,Email,Monthly,3,17.25,5,0,Active,228
C02901,2025-08-01,,Premium,Germany,26,99,Debit Card,Partner,Monthly,3,18.29,19,0,Active,1188
C02902,2024-04-21,,Premium,Australia,46,99,Credit Card,Partner,Annual,1,4.38,26,0,Active,1188
C02903,2025-04-14,,Standard,Germany,64,49,UPI,Paid Search,Monthly,2,8.7,15,0,Active,588
C02904,2025-08-01,,Standard,United Kingdom,34,49,UPI,Paid Search,Annual,3,2.93,35,0,Active,588
C02905,2025-09-24,2025-12-20,Basic,United States,38,19,PayPal,Email,Monthly,1,15.79,34,1,Churned,228
C02906,2024-11-24,,Standard,United States,61,49,UPI,Partner,Annual,1,8.29,10,0,Active,588
C02907,2024-04-06,,Standard,United States,28,49,Credit Card,Partner,Annual,2,18.94,31,0,Active,588
C02908,2025-03-05,,Basic,India,37,19,PayPal,Organic Search,Monthly,2,9.24,18,0,Active,228
C02909,2025-03-27,,Basic,Germany,62,19,Debit Card,Social Media,Monthly,1,1.98,17,0,Active,228
C02910,2025-02-01,,Premium,Canada,32,99,UPI,Partner,Annual,1,19.6,20,0,Active,1188
C02911,2026-04-01,,Basic,Germany,18,19,UPI,Social Media,Annual,0,7.77,7,0,Active,228
C02912,2026-04-18,,Basic,Germany,26,19,PayPal,Paid Search,Annual,4,12.51,1,0,Active,228
C02913,2024-04-13,2025-06-01,Standard,Germany,45,49,UPI,Email,Annual,4,9.62,34,1,Churned,588
C02914,2026-01-11,,Premium,United States,46,99,UPI,Paid Search,Annual,0,11.45,1,0,Active,1188
C02915,2025-04-22,,Standard,Australia,32,49,UPI,Organic Search,Annual,5,13.09,4,0,Active,588
C02916,2024-09-26,,Standard,Germany,31,49,PayPal,Partner,Annual,2,15.31,32,0,Active,588
C02917,2025-01-30,,Basic,United States,44,19,PayPal,Social Media,Monthly,0,11.48,16,0,Active,228
C02918,2026-03-20,,Basic,Germany,59,19,UPI,Partner,Monthly,3,8.8,3,0,Active,228
C02919,2025-03-11,,Premium,United Kingdom,45,99,Debit Card,Referral,Monthly,1,14.61,19,0,Active,1188
C02920,2024-10-25,,Standard,Germany,48,49,UPI,Email,Monthly,3,9.82,9,0,Active,588
C02921,2025-10-25,,Basic,Germany,40,19,PayPal,Organic Search,Annual,2,20.2,8,0,Active,228
C02922,2024-07-07,2024-08-15,Standard,Germany,47,49,UPI,Partner,Monthly,0,14.88,34,1,Churned,588
C02923,2024-11-01,,Premium,India,34,99,UPI,Partner,Monthly,2,11.3,26,0,Active,1188
C02924,2024-10-06,,Premium,United Kingdom,48,99,Debit Card,Email,Monthly,0,9.98,22,0,Active,1188
C02925,2026-02-08,,Basic,Australia,53,19,Debit Card,Email,Monthly,0,6.09,29,0,Active,228
C02926,2024-08-17,,Standard,United Kingdom,58,49,UPI,Social Media,Monthly,3,9.12,21,0,Active,588
C02927,2026-04-21,,Basic,Canada,30,19,PayPal,Email,Annual,2,14.8,12,0,Active,228
C02928,2024-07-30,,Basic,Germany,19,19,UPI,Email,Annual,2,12.62,15,0,Active,228
C02929,2024-07-09,,Standard,Canada,32,49,Credit Card,Partner,Annual,2,11.67,22,0,Active,588
C02930,2025-05-29,,Basic,United States,51,19,Credit Card,Social Media,Annual,1,7.2,6,0,Active,228
C02931,2024-05-30,,Basic,India,25,19,Credit Card,Paid Search,Annual,1,0.0,10,0,Active,228
C02932,2026-05-18,,Standard,Australia,57,49,Credit Card,Paid Search,Annual,4,7.47,15,0,Active,588
C02933,2026-02-02,,Premium,United States,49,99,Debit Card,Social Media,Monthly,2,15.45,13,0,Active,1188
C02934,2024-07-27,,Basic,United States,44,19,PayPal,Partner,Annual,1,24.95,32,0,Active,228
C02935,2025-05-10,,Basic,Germany,44,19,Debit Card,Social Media,Monthly,2,9.14,23,0,Active,228
C02936,2025-01-15,,Premium,Canada,22,99,PayPal,Organic Search,Annual,1,2.99,22,0,Active,1188
C02937,2025-03-28,,Standard,India,40,49,UPI,Paid Search,Monthly,3,19.29,25,0,Active,588
C02938,2025-12-23,2025-12-31,Standard,United States,38,49,PayPal,Partner,Monthly,3,16.32,12,1,Churned,588
C02939,2025-01-21,,Premium,United States,52,99,Debit Card,Email,Annual,0,2.7,16,0,Active,1188
C02940,2025-10-22,,Standard,India,32,49,Credit Card,Email,Annual,1,10.37,18,0,Active,588
C02941,2024-03-12,,Basic,Australia,40,19,UPI,Organic Search,Monthly,3,17.53,35,0,Active,228
C02942,2025-07-25,,Standard,Australia,30,49,Credit Card,Referral,Annual,5,2.47,25,0,Active,588
C02943,2024-09-23,,Basic,Germany,45,19,PayPal,Paid Search,Annual,1,9.63,2,0,Active,228
C02944,2024-07-15,,Premium,Australia,18,99,Debit Card,Email,Annual,2,10.62,24,0,Active,1188
C02945,2025-07-20,,Premium,India,20,99,PayPal,Paid Search,Monthly,2,8.29,4,0,Active,1188
C02946,2024-12-05,,Standard,United States,42,49,Debit Card,Partner,Monthly,0,10.39,13,0,Active,588
C02947,2024-07-08,,Basic,United States,45,19,Debit Card,Social Media,Annual,0,2.04,15,0,Active,228
C02948,2024-11-17,,Basic,India,20,19,UPI,Organic Search,Monthly,1,3.44,7,0,Active,228
C02949,2025-08-26,,Basic,India,25,19,Credit Card,Organic Search,Monthly,2,8.73,1,0,Active,228
C02950,2025-02-11,,Standard,Germany,19,49,Debit Card,Paid Search,Monthly,2,12.32,3,0,Active,588
C02951,2025-04-24,,Basic,Australia,51,19,Debit Card,Partner,Monthly,2,13.12,20,0,Active,228
C02952,2025-03-11,,Premium,Australia,61,99,UPI,Partner,Annual,2,8.61,12,0,Active,1188
C02953,2024-05-07,,Basic,United Kingdom,57,19,Credit Card,Email,Monthly,2,7.3,4,0,Active,228
C02954,2025-09-26,,Standard,United Kingdom,28,49,Credit Card,Paid Search,Monthly,1,15.46,15,0,Active,588
C02955,2026-05-29,,Premium,United States,34,99,PayPal,Email,Annual,2,16.22,28,0,Active,1188
C02956,2025-11-17,,Premium,United Kingdom,53,99,PayPal,Social Media,Monthly,1,4.62,11,0,Active,1188
C02957,2025-02-03,,Standard,United Kingdom,21,49,PayPal,Paid Search,Monthly,2,21.11,19,0,Active,588
C02958,2024-09-08,,Basic,India,43,19,PayPal,Social Media,Monthly,1,13.64,7,0,Active,228
C02959,2024-08-07,2025-07-24,Basic,United Kingdom,30,19,UPI,Referral,Monthly,1,14.44,12,1,Churned,228
C02960,2024-10-09,2025-10-02,Standard,Canada,51,49,Credit Card,Paid Search,Monthly,1,10.58,14,1,Churned,588
C02961,2025-04-27,,Standard,Germany,28,49,PayPal,Social Media,Monthly,4,11.64,14,0,Active,588
C02962,2026-02-27,,Basic,United States,38,19,UPI,Referral,Annual,1,11.29,3,0,Active,228
C02963,2025-12-02,,Premium,United States,27,99,UPI,Referral,Monthly,4,14.35,18,0,Active,1188
C02964,2026-06-13,,Standard,Canada,23,49,PayPal,Email,Annual,0,16.29,22,0,Active,588
C02965,2025-10-12,2025-12-10,Standard,Germany,30,49,Debit Card,Email,Monthly,3,5.78,1,1,Churned,588
C02966,2025-07-06,,Premium,Germany,58,99,Credit Card,Organic Search,Annual,7,6.16,6,0,Active,1188
C02967,2024-08-16,,Standard,United Kingdom,20,49,PayPal,Email,Annual,3,10.85,25,0,Active,588
C02968,2024-10-06,,Basic,India,56,19,UPI,Paid Search,Monthly,2,13.28,8,0,Active,228
C02969,2025-11-17,,Basic,United Kingdom,25,19,PayPal,Email,Monthly,2,14.6,14,0,Active,228
C02970,2025-08-09,,Basic,United Kingdom,52,19,UPI,Social Media,Monthly,4,4.85,21,0,Active,228
C02971,2024-06-05,,Basic,Australia,33,19,Debit Card,Social Media,Monthly,1,18.19,22,0,Active,228
C02972,2025-12-06,2025-12-31,Standard,Germany,39,49,UPI,Organic Search,Monthly,4,8.49,7,1,Churned,588
C02973,2025-03-04,,Basic,Canada,39,19,Credit Card,Organic Search,Annual,3,11.93,1,0,Active,228
C02974,2024-05-01,,Standard,United States,33,49,PayPal,Paid Search,Monthly,1,16.21,14,0,Active,588
C02975,2026-05-15,,Premium,India,61,99,PayPal,Referral,Monthly,2,0.13,10,0,Active,1188
C02976,2026-04-20,,Basic,United Kingdom,25,19,Credit Card,Organic Search,Annual,1,16.79,17,0,Active,228
C02977,2024-03-01,2024-07-21,Standard,United States,22,49,UPI,Email,Monthly,2,11.58,13,1,Churned,588
C02978,2024-05-09,2024-07-27,Basic,Australia,55,19,Debit Card,Organic Search,Monthly,5,11.44,1,1,Churned,228
C02979,2025-10-19,,Premium,India,43,99,Debit Card,Partner,Annual,2,8.74,12,0,Active,1188
C02980,2025-04-11,,Premium,United States,52,99,Credit Card,Social Media,Monthly,0,12.14,24,0,Active,1188
C02981,2024-12-22,,Standard,Canada,26,49,Credit Card,Email,Monthly,1,11.29,21,0,Active,588
C02982,2024-08-05,,Standard,United States,47,49,UPI,Social Media,Annual,3,12.97,13,0,Active,588
C02983,2026-02-02,,Basic,Australia,20,19,Credit Card,Referral,Annual,2,10.88,22,0,Active,228
C02984,2024-04-25,,Standard,Australia,60,49,PayPal,Paid Search,Monthly,0,14.65,40,0,Active,588
C02985,2025-02-22,2025-05-17,Basic,Australia,25,19,Credit Card,Paid Search,Monthly,0,6.91,19,1,Churned,228
C02986,2024-09-16,,Standard,United States,51,49,Debit Card,Social Media,Monthly,6,4.35,24,0,Active,588
C02987,2025-07-03,,Basic,United Kingdom,35,19,Debit Card,Paid Search,Monthly,2,11.85,16,0,Active,228
C02988,2025-03-23,,Premium,India,22,99,Debit Card,Email,Monthly,2,8.91,16,0,Active,1188
C02989,2024-06-27,,Basic,United Kingdom,59,19,UPI,Referral,Annual,2,13.31,9,0,Active,228
C02990,2025-03-11,,Basic,Australia,31,19,PayPal,Organic Search,Monthly,0,19.77,32,0,Active,228
C02991,2024-07-17,,Standard,Australia,32,49,UPI,Paid Search,Monthly,1,11.11,13,0,Active,588
C02992,2024-09-12,,Basic,Germany,54,19,Credit Card,Partner,Annual,2,8.49,5,0,Active,228
C02993,2026-03-13,2025-12-31,Premium,Germany,53,99,Credit Card,Email,Monthly,0,14.62,16,1,Churned,1188
C02994,2024-12-08,,Standard,Canada,58,49,Credit Card,Organic Search,Monthly,1,12.65,5,0,Active,588
C02995,2024-09-08,,Standard,Canada,46,49,Debit Card,Paid Search,Monthly,2,20.02,1,0,Active,588
C02996,2024-12-03,,Standard,Canada,64,49,UPI,Referral,Monthly,2,14.27,27,0,Active,588
C02997,2024-07-27,,Premium,United States,44,99,PayPal,Email,Monthly,3,16.91,10,0,Active,1188
C02998,2024-12-21,,Basic,Germany,57,19,UPI,Email,Monthly,1,20.34,36,0,Active,228
C02999,2024-05-11,,Basic,Germany,47,19,Credit Card,Social Media,Monthly,1,2.47,18,0,Active,228
C03000,2025-02-23,,Premium,United Kingdom,22,99,PayPal,Partner,Monthly,1,7.28,3,0,Active,1188
C03001,2025-04-04,,Standard,United Kingdom,18,49,Credit Card,Paid Search,Monthly,3,11.76,20,0,Active,588
C03002,2024-03-23,2024-12-19,Basic,Canada,23,19,Debit Card,Referral,Monthly,1,12.98,14,1,Churned,228
C03003,2024-07-01,,Standard,Canada,38,49,Credit Card,Referral,Monthly,2,18.04,19,0,Active,588
C03004,2024-06-02,,Standard,United States,40,49,UPI,Email,Monthly,0,20.22,5,0,Active,588
C03005,2024-10-09,,Basic,United States,30,19,UPI,Paid Search,Annual,0,18.69,23,0,Active,228
C03006,2024-08-06,,Standard,India,40,49,PayPal,Organic Search,Annual,0,10.31,24,0,Active,588
C03007,2024-12-15,,Basic,India,27,19,PayPal,Partner,Monthly,5,12.23,1,0,Active,228
C03008,2025-11-26,2025-12-26,Premium,United Kingdom,27,99,Debit Card,Organic Search,Monthly,2,10.17,17,1,Churned,1188
C03009,2024-10-10,,Standard,Australia,50,49,Debit Card,Organic Search,Monthly,4,13.23,35,0,Active,588
C03010,2025-11-01,,Basic,Canada,30,19,Debit Card,Paid Search,Monthly,1,8.46,17,0,Active,228
C03011,2025-06-18,,Basic,United Kingdom,63,19,PayPal,Partner,Monthly,2,12.26,13,0,Active,228
C03012,2025-06-19,2025-08-12,Standard,Australia,49,49,UPI,Social Media,Annual,0,20.28,1,1,Churned,588
C03013,2026-02-04,,Basic,United States,41,19,UPI,Email,Monthly,1,8.27,1,0,Active,228
C03014,2026-01-12,,Standard,Australia,60,49,Debit Card,Organic Search,Annual,0,9.6,4,0,Active,588
C03015,2025-06-04,,Premium,Germany,48,99,Credit Card,Paid Search,Monthly,2,0.84,19,0,Active,1188
C03016,2026-01-06,2025-12-31,Premium,United States,47,99,PayPal,Email,Monthly,3,9.1,5,1,Churned,1188
C03017,2026-02-11,,Basic,Canada,25,19,Credit Card,Partner,Annual,1,20.55,12,0,Active,228
C03018,2025-09-01,,Premium,Australia,28,99,Debit Card,Paid Search,Monthly,1,12.2,24,0,Active,1188
C03019,2025-05-11,,Standard,United Kingdom,51,49,UPI,Referral,Monthly,2,11.04,8,0,Active,588
C03020,2024-11-04,,Standard,India,24,49,Debit Card,Partner,Monthly,2,5.28,15,0,Active,588
C03021,2026-05-10,,Basic,Canada,45,19,PayPal,Email,Annual,1,15.93,1,0,Active,228
C03022,2025-02-14,,Basic,United States,43,19,UPI,Organic Search,Monthly,1,10.48,18,0,Active,228
C03023,2024-09-27,,Basic,Australia,61,19,Debit Card,Email,Monthly,2,23.89,18,0,Active,228
C03024,2024-04-12,,Basic,Australia,43,19,Debit Card,Organic Search,Monthly,1,12.32,10,0,Active,228
C03025,2024-04-20,,Standard,Canada,59,49,Credit Card,Referral,Monthly,1,18.21,8,0,Active,588
C03026,2025-08-28,,Basic,Canada,26,19,UPI,Email,Monthly,2,11.92,18,0,Active,228
C03027,2025-02-02,,Standard,Canada,52,49,Debit Card,Referral,Monthly,1,2.22,27,0,Active,588
C03028,2025-07-07,,Premium,United States,37,99,PayPal,Paid Search,Annual,0,14.15,10,0,Active,1188
C03029,2025-07-14,2025-10-23,Premium,India,19,99,PayPal,Paid Search,Monthly,1,16.45,24,1,Churned,1188
C03030,2026-05-18,,Standard,United States,27,49,Credit Card,Referral,Annual,3,18.55,21,0,Active,588
C03031,2025-02-02,,Basic,United States,59,19,PayPal,Social Media,Annual,4,2.85,7,0,Active,228
C03032,2025-09-30,2025-11-06,Standard,United States,31,49,Debit Card,Social Media,Monthly,3,4.01,12,1,Churned,588
C03033,2026-04-30,,Standard,Canada,26,49,UPI,Email,Annual,1,14.42,10,0,Active,588
C03034,2024-03-11,,Standard,Australia,61,49,PayPal,Paid Search,Annual,2,17.77,7,0,Active,588
C03035,2024-07-22,2025-11-05,Basic,United States,23,19,Credit Card,Partner,Monthly,1,8.1,20,1,Churned,228
C03036,2025-05-26,,Basic,Canada,31,19,Credit Card,Social Media,Monthly,3,14.41,17,0,Active,228
C03037,2025-07-17,,Standard,Canada,63,49,UPI,Organic Search,Monthly,1,8.37,8,0,Active,588
C03038,2026-02-23,,Standard,United Kingdom,51,49,PayPal,Social Media,Monthly,2,20.61,11,0,Active,588
C03039,2026-04-14,,Premium,Australia,59,99,UPI,Paid Search,Monthly,2,9.94,7,0,Active,1188
C03040,2026-06-03,,Standard,United Kingdom,53,49,UPI,Partner,Monthly,1,5.49,24,0,Active,588
C03041,2024-09-30,,Standard,India,50,49,Debit Card,Email,Monthly,5,10.37,4,0,Active,588
C03042,2025-06-17,2025-10-18,Standard,United Kingdom,27,49,UPI,Email,Monthly,2,15.45,8,1,Churned,588
C03043,2025-01-09,,Basic,India,38,19,UPI,Social Media,Monthly,1,18.4,1,0,Active,228
C03044,2024-03-09,,Basic,Australia,47,19,Debit Card,Social Media,Monthly,3,8.21,15,0,Active,228
C03045,2025-07-24,,Standard,India,62,49,Debit Card,Partner,Monthly,2,14.47,3,0,Active,588
C03046,2025-04-27,,Basic,Germany,55,19,Credit Card,Referral,Monthly,2,18.29,25,0,Active,228
C03047,2025-11-13,2025-12-13,Standard,India,39,49,Credit Card,Referral,Monthly,1,6.55,2,1,Churned,588
C03048,2024-03-07,,Basic,United States,33,19,Debit Card,Email,Monthly,1,13.43,8,0,Active,228
C03049,2025-04-20,,Basic,Germany,45,19,Debit Card,Referral,Monthly,1,15.31,1,0,Active,228
C03050,2025-10-31,,Basic,Canada,33,19,Credit Card,Paid Search,Monthly,1,4.32,12,0,Active,228
C03051,2025-05-31,,Premium,Canada,34,99,PayPal,Social Media,Annual,5,15.19,10,0,Active,1188
C03052,2024-11-29,,Basic,India,56,19,UPI,Paid Search,Monthly,2,13.06,14,0,Active,228
C03053,2025-06-20,,Standard,United States,51,49,Credit Card,Referral,Monthly,2,2.38,11,0,Active,588
C03054,2024-05-01,,Standard,United States,62,49,UPI,Email,Annual,4,18.52,26,0,Active,588
C03055,2025-08-20,,Standard,Germany,42,49,Credit Card,Referral,Annual,3,8.84,17,0,Active,588
C03056,2025-09-11,2025-10-28,Premium,Australia,25,99,Credit Card,Referral,Monthly,2,13.85,12,1,Churned,1188
C03057,2025-07-04,,Basic,United Kingdom,63,19,Debit Card,Referral,Monthly,2,10.0,2,0,Active,228
C03058,2026-02-09,,Standard,Australia,36,49,UPI,Partner,Monthly,0,8.59,14,0,Active,588
C03059,2026-04-12,,Basic,United Kingdom,30,19,UPI,Partner,Monthly,0,7.58,4,0,Active,228
C03060,2026-04-20,2025-12-31,Basic,Canada,49,19,PayPal,Email,Monthly,0,9.01,25,1,Churned,228
C03061,2025-05-19,,Basic,Canada,40,19,PayPal,Organic Search,Monthly,0,7.07,17,0,Active,228
C03062,2024-02-26,2024-11-19,Basic,Germany,64,19,Debit Card,Organic Search,Monthly,1,9.83,22,1,Churned,228
C03063,2025-09-23,,Basic,Australia,63,19,PayPal,Referral,Annual,1,9.68,19,0,Active,228
C03064,2024-03-31,,Standard,United Kingdom,59,49,Credit Card,Email,Annual,2,15.79,21,0,Active,588
C03065,2026-05-09,,Basic,India,20,19,Debit Card,Partner,Annual,1,14.66,32,0,Active,228
C03066,2025-01-19,2025-11-02,Premium,United States,20,99,UPI,Social Media,Annual,4,10.99,5,1,Churned,1188
C03067,2024-07-22,,Premium,Canada,37,99,UPI,Social Media,Annual,2,18.64,37,0,Active,1188
C03068,2025-02-10,2025-09-21,Premium,Australia,19,99,UPI,Referral,Monthly,3,8.17,26,1,Churned,1188
C03069,2025-01-14,,Basic,Canada,39,19,PayPal,Paid Search,Annual,3,9.81,27,0,Active,228
C03070,2025-03-28,,Standard,United Kingdom,44,49,UPI,Paid Search,Annual,3,13.0,28,0,Active,588
C03071,2024-05-11,,Premium,India,47,99,PayPal,Email,Monthly,2,6.32,25,0,Active,1188
C03072,2026-01-08,,Standard,Canada,45,49,Debit Card,Social Media,Annual,2,7.75,13,0,Active,588
C03073,2024-02-29,,Premium,Canada,37,99,Debit Card,Referral,Monthly,0,10.77,12,0,Active,1188
C03074,2025-11-09,,Basic,Germany,39,19,Debit Card,Organic Search,Annual,1,3.61,22,0,Active,228
C03075,2025-11-03,,Standard,Canada,21,49,UPI,Social Media,Monthly,2,15.82,13,0,Active,588
C03076,2024-05-06,,Premium,Germany,59,99,UPI,Paid Search,Monthly,1,11.41,3,0,Active,1188
C03077,2024-04-30,,Standard,Germany,34,49,Debit Card,Organic Search,Monthly,2,10.1,24,0,Active,588
C03078,2025-11-02,,Premium,India,33,99,Credit Card,Paid Search,Annual,4,4.69,4,0,Active,1188
C03079,2024-03-06,,Premium,United States,30,99,Credit Card,Referral,Monthly,0,15.58,8,0,Active,1188
C03080,2026-05-09,2025-12-31,Basic,Australia,29,19,Credit Card,Social Media,Monthly,1,9.22,1,1,Churned,228
C03081,2024-06-07,,Standard,United Kingdom,23,49,PayPal,Social Media,Annual,0,18.78,16,0,Active,588
C03082,2025-07-15,,Basic,Australia,27,19,Credit Card,Partner,Monthly,0,16.28,9,0,Active,228
C03083,2025-04-18,,Premium,India,34,99,Credit Card,Email,Annual,3,5.11,27,0,Active,1188
C03084,2026-01-12,,Standard,United States,48,49,Credit Card,Referral,Monthly,1,14.29,35,0,Active,588
C03085,2024-09-22,,Standard,Canada,56,49,UPI,Organic Search,Annual,2,3.51,13,0,Active,588
C03086,2024-09-15,2025-08-08,Basic,United Kingdom,38,19,Debit Card,Paid Search,Monthly,2,13.48,14,1,Churned,228
C03087,2025-10-08,,Standard,India,61,49,UPI,Organic Search,Monthly,2,17.73,17,0,Active,588
C03088,2025-06-30,,Basic,United States,46,19,UPI,Organic Search,Monthly,4,12.13,25,0,Active,228
C03089,2024-06-12,,Standard,Germany,60,49,Credit Card,Partner,Monthly,3,9.21,17,0,Active,588
C03090,2025-11-28,,Basic,United States,56,19,Credit Card,Paid Search,Monthly,2,10.49,8,0,Active,228
C03091,2024-03-22,,Standard,India,53,49,Credit Card,Paid Search,Annual,3,20.42,24,0,Active,588
C03092,2025-12-25,,Premium,Germany,47,99,UPI,Referral,Annual,4,7.1,5,0,Active,1188
C03093,2025-03-12,,Basic,United States,44,19,PayPal,Paid Search,Annual,1,21.48,10,0,Active,228
C03094,2026-05-10,,Basic,United States,64,19,PayPal,Referral,Annual,2,12.67,19,0,Active,228
C03095,2024-11-13,,Basic,Germany,27,19,Debit Card,Email,Annual,2,12.28,11,0,Active,228
C03096,2024-12-31,,Basic,India,20,19,Debit Card,Organic Search,Monthly,2,6.44,8,0,Active,228
C03097,2024-06-29,,Basic,United States,31,19,UPI,Referral,Annual,1,4.35,12,0,Active,228
C03098,2024-12-21,,Standard,Canada,61,49,PayPal,Social Media,Monthly,0,7.25,4,0,Active,588
C03099,2024-10-25,,Basic,Germany,33,19,UPI,Social Media,Monthly,1,6.38,1,0,Active,228
C03100,2024-03-22,,Basic,India,36,19,Credit Card,Social Media,Monthly,3,4.42,11,0,Active,228
C03101,2024-08-03,,Standard,Australia,42,49,PayPal,Referral,Monthly,0,9.58,10,0,Active,588
C03102,2024-11-18,2025-01-16,Premium,United States,39,99,PayPal,Partner,Monthly,6,13.73,5,1,Churned,1188
C03103,2024-05-01,,Premium,Australia,58,99,Debit Card,Social Media,Monthly,2,3.11,15,0,Active,1188
C03104,2025-02-22,,Standard,United Kingdom,24,49,UPI,Email,Monthly,2,21.82,17,0,Active,588
C03105,2025-08-18,,Basic,Canada,43,19,Debit Card,Paid Search,Monthly,1,13.78,22,0,Active,228
C03106,2026-04-03,,Standard,Germany,27,49,Debit Card,Paid Search,Monthly,2,18.96,11,0,Active,588
C03107,2024-04-24,,Standard,Canada,61,49,PayPal,Paid Search,Monthly,6,13.78,1,0,Active,588
C03108,2026-03-26,,Standard,United States,33,49,Debit Card,Social Media,Annual,2,9.14,30,0,Active,588
C03109,2025-01-28,,Premium,Australia,40,99,Credit Card,Paid Search,Monthly,2,11.59,1,0,Active,1188
C03110,2026-02-08,,Basic,Canada,45,19,Credit Card,Email,Monthly,4,12.92,15,0,Active,228
C03111,2024-04-07,2024-07-05,Standard,United States,46,49,Credit Card,Paid Search,Monthly,1,9.87,6,1,Churned,588
C03112,2025-05-19,,Basic,United Kingdom,18,19,Credit Card,Organic Search,Monthly,3,5.65,5,0,Active,228
C03113,2026-01-10,2025-12-31,Basic,Canada,56,19,Credit Card,Partner,Annual,3,13.42,1,1,Churned,228
C03114,2025-02-16,,Premium,United States,37,99,Credit Card,Organic Search,Monthly,6,7.65,9,0,Active,1188
C03115,2025-09-14,,Standard,Germany,41,49,Debit Card,Partner,Annual,1,7.94,19,0,Active,588
C03116,2025-04-22,,Basic,India,54,19,Debit Card,Social Media,Monthly,2,10.44,25,0,Active,228
C03117,2025-04-25,,Standard,Canada,29,49,Credit Card,Social Media,Monthly,3,16.03,1,0,Active,588
C03118,2025-02-06,2025-05-09,Basic,Australia,34,19,Debit Card,Email,Monthly,5,15.57,6,1,Churned,228
C03119,2024-05-01,,Standard,United States,54,49,UPI,Paid Search,Monthly,1,12.97,3,0,Active,588
C03120,2024-04-04,,Premium,Germany,57,99,UPI,Email,Monthly,0,5.18,7,0,Active,1188
C03121,2024-12-21,2025-05-10,Basic,Australia,36,19,Credit Card,Social Media,Monthly,1,5.5,19,1,Churned,228
C03122,2024-08-29,,Premium,Canada,21,99,UPI,Email,Monthly,0,12.05,6,0,Active,1188
C03123,2024-09-29,2025-12-21,Basic,Australia,35,19,PayPal,Organic Search,Annual,0,9.91,6,1,Churned,228
C03124,2024-11-22,,Basic,Australia,26,19,Credit Card,Social Media,Monthly,3,19.82,9,0,Active,228
C03125,2024-03-31,,Premium,India,28,99,Credit Card,Email,Monthly,1,16.46,23,0,Active,1188
C03126,2024-12-27,,Premium,India,26,99,Debit Card,Referral,Monthly,3,14.0,4,0,Active,1188
C03127,2024-06-04,,Basic,United Kingdom,53,19,PayPal,Email,Monthly,0,8.81,21,0,Active,228
C03128,2024-04-29,,Standard,United Kingdom,49,49,UPI,Email,Monthly,0,10.94,42,0,Active,588
C03129,2026-03-08,,Basic,Germany,35,19,Credit Card,Email,Monthly,3,2.56,23,0,Active,228
C03130,2025-07-23,,Standard,Canada,20,49,PayPal,Paid Search,Monthly,3,8.36,17,0,Active,588
C03131,2024-11-13,2025-01-23,Basic,United States,35,19,Debit Card,Paid Search,Monthly,3,10.23,1,1,Churned,228
C03132,2026-01-02,,Basic,United Kingdom,30,19,Credit Card,Referral,Annual,0,25.82,33,0,Active,228
C03133,2026-01-29,,Basic,United States,23,19,PayPal,Social Media,Monthly,2,11.99,1,0,Active,228
C03134,2024-10-23,2025-07-16,Premium,Australia,48,99,PayPal,Referral,Monthly,5,1.23,6,1,Churned,1188
C03135,2026-01-15,2025-12-31,Basic,United Kingdom,51,19,Credit Card,Referral,Monthly,3,11.7,50,1,Churned,228
C03136,2025-03-26,2025-09-09,Standard,Australia,21,49,Credit Card,Email,Monthly,4,7.8,1,1,Churned,588
C03137,2026-04-17,,Premium,Australia,54,99,PayPal,Partner,Monthly,1,14.25,27,0,Active,1188
C03138,2024-03-31,,Premium,Canada,57,99,UPI,Referral,Monthly,2,19.02,3,0,Active,1188
C03139,2024-05-03,,Standard,Australia,46,49,Debit Card,Referral,Monthly,2,14.29,8,0,Active,588
C03140,2024-06-10,,Basic,United Kingdom,46,19,Debit Card,Email,Annual,2,18.66,1,0,Active,228
C03141,2025-03-25,,Standard,United Kingdom,60,49,UPI,Paid Search,Monthly,0,13.07,18,0,Active,588
C03142,2024-08-26,,Standard,India,64,49,PayPal,Paid Search,Monthly,4,14.71,9,0,Active,588
C03143,2025-01-16,,Basic,United States,43,19,UPI,Partner,Monthly,2,12.33,29,0,Active,228
C03144,2025-01-18,,Basic,Canada,64,19,PayPal,Referral,Monthly,0,17.7,9,0,Active,228
C03145,2026-06-18,,Basic,United Kingdom,56,19,Debit Card,Organic Search,Monthly,4,16.97,3,0,Active,228
C03146,2024-08-29,,Standard,India,35,49,PayPal,Social Media,Monthly,1,20.18,10,0,Active,588
C03147,2025-03-02,,Standard,Germany,21,49,Debit Card,Referral,Annual,1,6.91,6,0,Active,588
C03148,2024-09-11,,Standard,Canada,61,49,PayPal,Referral,Annual,1,16.52,25,0,Active,588
C03149,2024-07-24,,Basic,United Kingdom,23,19,Credit Card,Organic Search,Monthly,4,15.63,5,0,Active,228
C03150,2024-11-12,,Basic,United States,33,19,Debit Card,Email,Monthly,2,8.28,25,0,Active,228
C03151,2026-04-21,,Basic,United States,43,19,UPI,Organic Search,Monthly,3,8.12,17,0,Active,228
C03152,2024-10-16,,Standard,Germany,19,49,UPI,Email,Monthly,1,11.41,22,0,Active,588
C03153,2025-04-25,,Basic,Germany,59,19,Debit Card,Partner,Monthly,1,10.33,33,0,Active,228
C03154,2024-10-17,2025-03-15,Standard,Canada,37,49,UPI,Social Media,Monthly,4,7.47,10,1,Churned,588
C03155,2025-08-25,,Standard,Australia,47,49,PayPal,Email,Annual,1,14.97,13,0,Active,588
C03156,2026-03-26,,Premium,Canada,40,99,Credit Card,Social Media,Monthly,0,16.15,32,0,Active,1188
C03157,2024-10-07,2024-11-19,Basic,Canada,31,19,UPI,Referral,Monthly,2,3.89,11,1,Churned,228
C03158,2024-05-05,,Standard,India,38,49,Debit Card,Referral,Monthly,0,7.8,10,0,Active,588
C03159,2025-12-13,,Premium,United Kingdom,60,99,PayPal,Social Media,Monthly,0,11.27,28,0,Active,1188
C03160,2026-04-03,,Standard,India,45,49,Credit Card,Email,Monthly,1,10.95,12,0,Active,588
C03161,2025-05-05,,Standard,Germany,20,49,Debit Card,Referral,Annual,3,9.05,11,0,Active,588
C03162,2025-04-12,,Standard,United States,62,49,PayPal,Referral,Monthly,1,12.68,11,0,Active,588
C03163,2024-05-06,2024-12-01,Standard,Australia,58,49,Debit Card,Email,Monthly,2,14.02,20,1,Churned,588
C03164,2025-02-14,,Standard,United Kingdom,21,49,UPI,Referral,Monthly,3,22.84,28,0,Active,588
C03165,2026-01-21,,Standard,Australia,28,49,Debit Card,Paid Search,Annual,3,25.82,19,0,Active,588
C03166,2025-05-12,,Premium,Germany,64,99,Debit Card,Social Media,Monthly,2,1.06,1,0,Active,1188
C03167,2025-11-22,2025-12-22,Basic,India,63,19,UPI,Partner,Monthly,2,5.75,20,1,Churned,228
C03168,2025-08-22,2025-12-16,Basic,United Kingdom,30,19,Debit Card,Organic Search,Monthly,1,5.53,13,1,Churned,228
C03169,2025-09-17,,Premium,India,39,99,Debit Card,Organic Search,Annual,2,13.68,6,0,Active,1188
C03170,2025-12-25,,Standard,Germany,34,49,PayPal,Social Media,Annual,1,19.86,15,0,Active,588
C03171,2025-02-13,2025-05-30,Standard,United Kingdom,50,49,PayPal,Paid Search,Monthly,5,15.0,1,1,Churned,588
C03172,2026-05-16,2025-12-31,Basic,Germany,21,19,UPI,Email,Monthly,1,14.8,25,1,Churned,228
C03173,2025-04-19,,Basic,Germany,22,19,Debit Card,Organic Search,Annual,2,12.29,13,0,Active,228
C03174,2024-06-19,,Standard,Germany,21,49,Credit Card,Organic Search,Monthly,2,18.43,32,0,Active,588
C03175,2024-04-16,,Standard,United States,46,49,PayPal,Social Media,Annual,2,15.59,17,0,Active,588
C03176,2025-08-26,,Standard,Australia,61,49,Debit Card,Referral,Annual,2,4.12,1,0,Active,588
C03177,2024-09-01,,Basic,India,40,19,Credit Card,Paid Search,Annual,2,22.86,24,0,Active,228
C03178,2025-04-29,,Standard,Germany,22,49,Credit Card,Social Media,Monthly,1,11.39,1,0,Active,588
C03179,2026-05-16,,Standard,Canada,35,49,PayPal,Paid Search,Monthly,0,9.15,2,0,Active,588
C03180,2026-04-25,,Standard,India,51,49,Debit Card,Email,Monthly,3,10.18,19,0,Active,588
C03181,2025-05-24,,Standard,India,31,49,UPI,Organic Search,Monthly,0,11.32,11,0,Active,588
C03182,2025-02-18,,Premium,United States,30,99,Credit Card,Social Media,Monthly,1,17.03,21,0,Active,1188
C03183,2024-12-16,,Premium,United Kingdom,45,99,Debit Card,Paid Search,Annual,0,16.11,15,0,Active,1188
C03184,2025-11-23,,Basic,Canada,41,19,UPI,Social Media,Monthly,0,12.53,14,0,Active,228
C03185,2025-03-21,,Standard,United States,48,49,PayPal,Referral,Monthly,4,12.67,1,0,Active,588
C03186,2025-06-26,,Basic,Australia,50,19,PayPal,Email,Monthly,5,7.21,22,0,Active,228
C03187,2026-02-23,,Basic,United States,58,19,Credit Card,Email,Monthly,4,10.04,13,0,Active,228
C03188,2024-04-18,,Basic,Canada,31,19,PayPal,Email,Monthly,2,13.37,18,0,Active,228
C03189,2026-02-27,,Standard,United States,21,49,Credit Card,Email,Monthly,2,11.3,25,0,Active,588
C03190,2025-11-30,,Standard,Germany,42,49,Credit Card,Paid Search,Monthly,5,3.5,16,0,Active,588
C03191,2025-04-18,,Standard,Australia,46,49,Debit Card,Organic Search,Monthly,5,10.05,16,0,Active,588
C03192,2025-11-03,,Standard,United Kingdom,37,49,Debit Card,Email,Annual,4,5.97,15,0,Active,588
C03193,2025-08-06,2025-11-29,Basic,Canada,48,19,UPI,Email,Monthly,2,13.69,21,1,Churned,228
C03194,2026-02-28,,Basic,Germany,50,19,UPI,Referral,Monthly,0,6.0,20,0,Active,228
C03195,2025-03-20,2025-09-03,Basic,Canada,23,19,UPI,Social Media,Monthly,0,12.67,11,1,Churned,228
C03196,2025-03-10,,Standard,Australia,56,49,Debit Card,Referral,Monthly,1,7.23,1,0,Active,588
C03197,2026-03-22,,Standard,Australia,48,49,Debit Card,Email,Monthly,2,8.54,2,0,Active,588
C03198,2025-01-11,,Standard,Australia,34,49,Credit Card,Email,Monthly,2,14.17,14,0,Active,588
C03199,2026-01-04,,Basic,United States,59,19,Credit Card,Email,Monthly,2,12.26,7,0,Active,228
C03200,2024-05-07,,Standard,India,29,49,UPI,Referral,Annual,2,6.6,3,0,Active,588
C03201,2026-03-03,,Premium,Australia,62,99,Credit Card,Email,Annual,1,10.34,30,0,Active,1188
C03202,2025-03-24,2025-05-24,Standard,Germany,44,49,Credit Card,Social Media,Monthly,1,17.75,1,1,Churned,588
C03203,2024-10-04,,Basic,United Kingdom,27,19,UPI,Email,Monthly,2,12.56,33,0,Active,228
C03204,2024-02-24,2025-07-22,Premium,Australia,62,99,Credit Card,Partner,Monthly,2,8.86,21,1,Churned,1188
C03205,2025-06-30,,Standard,Germany,29,49,Credit Card,Referral,Monthly,1,11.84,1,0,Active,588
C03206,2025-06-18,,Basic,United States,63,19,PayPal,Partner,Monthly,2,18.54,10,0,Active,228
C03207,2025-07-15,,Premium,Germany,41,99,Credit Card,Partner,Monthly,2,21.43,14,0,Active,1188
C03208,2024-10-04,,Standard,Germany,48,49,PayPal,Partner,Monthly,2,8.28,1,0,Active,588
C03209,2025-07-07,,Standard,United States,54,49,Debit Card,Paid Search,Annual,2,10.2,28,0,Active,588
C03210,2025-07-04,,Basic,Australia,34,19,Credit Card,Social Media,Monthly,3,12.92,16,0,Active,228
C03211,2026-05-16,,Premium,United Kingdom,36,99,PayPal,Organic Search,Monthly,1,7.01,1,0,Active,1188
C03212,2026-06-04,,Standard,United States,41,49,Credit Card,Email,Monthly,0,12.7,16,0,Active,588
C03213,2024-06-10,,Standard,United Kingdom,18,49,PayPal,Referral,Monthly,5,10.86,3,0,Active,588
C03214,2024-03-30,2024-09-24,Standard,Australia,24,49,UPI,Paid Search,Monthly,3,12.87,2,1,Churned,588
C03215,2024-05-21,,Standard,United States,58,49,PayPal,Referral,Annual,1,9.52,25,0,Active,588
C03216,2026-02-13,,Basic,Canada,49,19,Credit Card,Organic Search,Monthly,2,4.24,16,0,Active,228
C03217,2026-02-24,,Basic,United States,39,19,Debit Card,Referral,Annual,1,17.22,3,0,Active,228
C03218,2024-10-05,,Basic,Australia,20,19,Credit Card,Social Media,Annual,2,2.38,6,0,Active,228
C03219,2024-05-05,,Standard,Germany,44,49,Credit Card,Organic Search,Monthly,0,14.11,32,0,Active,588
C03220,2025-12-03,,Basic,United States,64,19,PayPal,Referral,Annual,3,8.84,1,0,Active,228
C03221,2024-11-08,,Basic,Canada,20,19,PayPal,Organic Search,Monthly,4,14.08,11,0,Active,228
C03222,2025-09-27,,Basic,India,58,19,UPI,Referral,Monthly,1,16.93,18,0,Active,228
C03223,2024-08-22,2025-03-16,Basic,United States,48,19,UPI,Paid Search,Monthly,4,10.61,23,1,Churned,228
C03224,2024-06-24,,Premium,India,20,99,UPI,Social Media,Annual,3,23.38,11,0,Active,1188
C03225,2025-08-02,,Basic,Germany,38,19,UPI,Email,Annual,2,12.73,1,0,Active,228
C03226,2024-10-11,,Basic,United Kingdom,26,19,PayPal,Social Media,Monthly,2,18.26,6,0,Active,228
C03227,2025-01-12,,Premium,United Kingdom,34,99,PayPal,Paid Search,Monthly,2,5.29,20,0,Active,1188
C03228,2025-11-21,2025-12-21,Standard,Germany,42,49,Credit Card,Organic Search,Monthly,3,7.34,24,1,Churned,588
C03229,2026-01-03,,Standard,Germany,40,49,UPI,Organic Search,Monthly,3,6.54,35,0,Active,588
C03230,2025-07-20,,Basic,Australia,49,19,Credit Card,Partner,Monthly,0,7.6,34,0,Active,228
C03231,2025-03-22,,Basic,Australia,25,19,PayPal,Partner,Monthly,1,16.2,2,0,Active,228
C03232,2025-08-16,,Basic,India,22,19,UPI,Social Media,Annual,5,17.1,1,0,Active,228
C03233,2025-08-06,,Premium,United Kingdom,59,99,PayPal,Email,Annual,3,16.1,11,0,Active,1188
C03234,2025-08-05,,Basic,Germany,40,19,Credit Card,Email,Monthly,2,14.63,22,0,Active,228
C03235,2024-05-21,,Basic,United Kingdom,44,19,UPI,Email,Monthly,2,14.71,7,0,Active,228
C03236,2025-06-27,,Basic,United States,21,19,Debit Card,Social Media,Monthly,3,12.77,4,0,Active,228
C03237,2025-05-11,,Premium,United Kingdom,26,99,Debit Card,Paid Search,Monthly,2,16.62,11,0,Active,1188
C03238,2025-07-25,,Basic,India,42,19,Debit Card,Partner,Annual,3,11.54,31,0,Active,228
C03239,2026-04-11,2025-12-31,Standard,India,58,49,Credit Card,Organic Search,Annual,3,14.77,1,1,Churned,588
C03240,2025-07-23,,Premium,Canada,21,99,Credit Card,Email,Monthly,2,3.46,24,0,Active,1188
C03241,2025-06-04,,Basic,Australia,32,19,UPI,Email,Annual,3,7.91,3,0,Active,228
C03242,2026-02-09,2025-12-31,Basic,Germany,21,19,Debit Card,Referral,Monthly,1,12.93,15,1,Churned,228
C03243,2024-07-08,,Standard,Canada,59,49,UPI,Referral,Monthly,2,3.49,15,0,Active,588
C03244,2024-04-25,,Basic,United States,27,19,Debit Card,Email,Monthly,4,11.68,1,0,Active,228
C03245,2025-08-23,,Standard,Germany,35,49,UPI,Partner,Monthly,3,17.72,19,0,Active,588
C03246,2025-07-10,,Basic,Canada,30,19,UPI,Email,Monthly,3,8.12,3,0,Active,228
C03247,2024-03-08,,Standard,United States,61,49,UPI,Paid Search,Monthly,1,17.56,19,0,Active,588
C03248,2025-02-09,2025-09-18,Standard,Australia,35,49,Debit Card,Paid Search,Monthly,0,11.72,16,1,Churned,588
C03249,2024-03-23,,Standard,Germany,37,49,Credit Card,Paid Search,Monthly,3,8.84,23,0,Active,588
C03250,2024-12-12,,Basic,Canada,31,19,Debit Card,Referral,Annual,2,11.23,2,0,Active,228
C03251,2025-12-31,,Standard,United Kingdom,24,49,Debit Card,Paid Search,Monthly,0,7.85,24,0,Active,588
C03252,2025-11-27,,Premium,United States,63,99,PayPal,Paid Search,Monthly,1,9.88,15,0,Active,1188
C03253,2026-02-21,2025-12-31,Basic,United States,28,19,PayPal,Email,Monthly,2,10.31,1,1,Churned,228
C03254,2025-05-06,,Standard,Canada,25,49,Debit Card,Paid Search,Monthly,4,13.19,3,0,Active,588
C03255,2024-08-14,,Premium,United States,58,99,UPI,Organic Search,Monthly,3,4.85,20,0,Active,1188
C03256,2026-05-30,,Standard,United Kingdom,33,49,Debit Card,Referral,Monthly,7,20.91,1,0,Active,588
C03257,2025-04-27,,Standard,United Kingdom,20,49,Credit Card,Organic Search,Monthly,1,7.66,1,0,Active,588
C03258,2025-05-24,,Basic,Australia,61,19,Debit Card,Paid Search,Annual,2,9.7,13,0,Active,228
C03259,2025-10-28,,Basic,India,37,19,PayPal,Social Media,Monthly,4,17.1,14,0,Active,228
C03260,2025-01-10,,Standard,Canada,55,49,PayPal,Email,Annual,2,12.77,15,0,Active,588
C03261,2026-04-27,2025-12-31,Basic,United States,32,19,Credit Card,Organic Search,Monthly,4,12.9,3,1,Churned,228
C03262,2024-04-14,,Premium,Australia,40,99,Credit Card,Email,Annual,2,7.46,23,0,Active,1188
C03263,2026-04-19,,Standard,Canada,58,49,PayPal,Email,Annual,1,22.28,33,0,Active,588
C03264,2025-01-21,,Standard,India,32,49,PayPal,Email,Annual,0,4.64,20,0,Active,588
C03265,2024-11-16,,Basic,Australia,48,19,UPI,Referral,Monthly,3,10.95,8,0,Active,228
C03266,2025-11-29,,Standard,United Kingdom,36,49,Credit Card,Referral,Monthly,2,16.73,19,0,Active,588
C03267,2025-05-09,,Basic,Canada,54,19,Debit Card,Social Media,Monthly,1,18.35,22,0,Active,228
C03268,2025-12-05,,Standard,India,50,49,Debit Card,Paid Search,Monthly,3,14.1,19,0,Active,588
C03269,2024-03-01,2024-12-12,Basic,Australia,23,19,UPI,Organic Search,Monthly,3,7.85,10,1,Churned,228
C03270,2026-04-02,2025-12-31,Basic,Canada,64,19,Debit Card,Email,Monthly,2,8.36,1,1,Churned,228
C03271,2024-12-30,,Standard,Australia,38,49,UPI,Email,Monthly,4,8.97,20,0,Active,588
C03272,2025-07-11,2025-08-26,Basic,Germany,48,19,Debit Card,Email,Monthly,1,12.65,12,1,Churned,228
C03273,2026-03-19,,Basic,United States,45,19,PayPal,Social Media,Annual,3,6.51,20,0,Active,228
C03274,2024-03-11,,Basic,Canada,49,19,UPI,Partner,Annual,0,16.15,11,0,Active,228
C03275,2025-10-02,,Premium,United Kingdom,46,99,UPI,Email,Monthly,1,7.73,22,0,Active,1188
C03276,2026-01-15,,Premium,Australia,51,99,Debit Card,Email,Annual,1,11.9,21,0,Active,1188
C03277,2026-01-15,,Basic,Canada,22,19,Debit Card,Referral,Monthly,1,11.71,10,0,Active,228
C03278,2025-02-21,2025-04-30,Premium,Canada,37,99,Credit Card,Organic Search,Monthly,7,10.82,21,1,Churned,1188
C03279,2026-06-14,2025-12-31,Standard,Canada,59,49,UPI,Referral,Monthly,0,17.42,1,1,Churned,588
C03280,2024-04-04,,Basic,Canada,58,19,Credit Card,Referral,Monthly,3,17.07,23,0,Active,228
C03281,2025-05-26,,Standard,Australia,32,49,UPI,Paid Search,Monthly,4,9.61,6,0,Active,588
C03282,2026-03-10,,Basic,United Kingdom,57,19,Debit Card,Partner,Monthly,2,15.43,9,0,Active,228
C03283,2024-10-26,,Standard,Canada,62,49,PayPal,Referral,Monthly,2,9.83,1,0,Active,588
C03284,2025-10-22,,Standard,United Kingdom,47,49,PayPal,Paid Search,Monthly,2,13.65,1,0,Active,588
C03285,2026-05-17,,Basic,Canada,61,19,PayPal,Referral,Annual,1,19.48,11,0,Active,228
C03286,2024-05-03,,Basic,Australia,34,19,UPI,Email,Monthly,4,10.62,14,0,Active,228
C03287,2025-12-27,,Standard,Germany,31,49,Debit Card,Social Media,Monthly,3,10.26,17,0,Active,588
C03288,2025-06-12,,Basic,Germany,61,19,Debit Card,Email,Monthly,4,14.09,14,0,Active,228
C03289,2026-02-18,,Premium,India,47,99,UPI,Social Media,Monthly,3,12.6,22,0,Active,1188
C03290,2025-10-26,,Standard,United Kingdom,51,49,Debit Card,Social Media,Annual,2,10.0,2,0,Active,588
C03291,2026-02-10,,Standard,Canada,40,49,Credit Card,Email,Monthly,1,15.67,26,0,Active,588
C03292,2026-03-04,2025-12-31,Basic,Canada,42,19,UPI,Referral,Monthly,1,8.87,1,1,Churned,228
C03293,2025-10-16,2025-11-15,Basic,Australia,47,19,Debit Card,Organic Search,Monthly,3,18.33,6,1,Churned,228
C03294,2025-10-07,2025-12-03,Standard,Canada,50,49,UPI,Organic Search,Monthly,0,7.13,26,1,Churned,588
C03295,2024-09-26,,Standard,Australia,46,49,Credit Card,Email,Monthly,4,7.05,27,0,Active,588
C03296,2025-08-06,,Standard,United Kingdom,25,49,UPI,Social Media,Monthly,3,15.88,3,0,Active,588
C03297,2024-07-06,,Premium,Australia,45,99,Credit Card,Referral,Monthly,0,12.48,25,0,Active,1188
C03298,2025-05-04,,Standard,United States,54,49,Credit Card,Email,Monthly,1,6.19,31,0,Active,588
C03299,2025-12-20,,Basic,Germany,25,19,Debit Card,Email,Monthly,4,22.99,33,0,Active,228
C03300,2025-07-12,,Premium,Germany,61,99,PayPal,Organic Search,Monthly,0,12.36,21,0,Active,1188
C03301,2026-05-13,,Standard,United States,35,49,Credit Card,Partner,Monthly,1,13.18,4,0,Active,588
C03302,2024-07-24,,Standard,India,21,49,PayPal,Email,Monthly,2,10.51,10,0,Active,588
C03303,2025-03-20,,Basic,Germany,28,19,Credit Card,Referral,Monthly,1,9.18,2,0,Active,228
C03304,2025-04-04,,Standard,United States,25,49,Credit Card,Partner,Monthly,1,25.04,25,0,Active,588
C03305,2025-02-08,,Premium,United Kingdom,33,99,Credit Card,Social Media,Annual,4,5.73,17,0,Active,1188
C03306,2024-02-29,2025-03-03,Basic,Australia,31,19,Debit Card,Social Media,Monthly,3,17.65,5,1,Churned,228
C03307,2024-04-11,,Basic,Canada,46,19,Credit Card,Paid Search,Monthly,3,7.95,9,0,Active,228
C03308,2025-03-07,2025-10-11,Standard,United States,54,49,PayPal,Social Media,Monthly,1,10.78,11,1,Churned,588
C03309,2026-03-14,,Premium,Germany,20,99,PayPal,Social Media,Annual,3,9.34,22,0,Active,1188
C03310,2026-05-03,,Standard,Canada,22,49,UPI,Social Media,Monthly,0,10.29,1,0,Active,588
C03311,2024-12-18,,Premium,Germany,37,99,Debit Card,Organic Search,Monthly,1,17.09,16,0,Active,1188
C03312,2024-06-02,,Basic,Canada,64,19,Debit Card,Partner,Monthly,2,17.46,37,0,Active,228
C03313,2024-04-22,,Basic,Canada,34,19,Debit Card,Referral,Monthly,3,9.16,1,0,Active,228
C03314,2026-03-03,,Basic,Canada,60,19,UPI,Referral,Monthly,2,14.73,17,0,Active,228
C03315,2025-04-03,,Basic,Australia,35,19,UPI,Partner,Monthly,8,9.47,20,0,Active,228
C03316,2024-03-08,,Basic,Australia,41,19,Credit Card,Partner,Annual,3,12.32,1,0,Active,228
C03317,2025-03-19,2025-10-13,Standard,Australia,52,49,UPI,Paid Search,Monthly,1,7.93,12,1,Churned,588
C03318,2024-06-11,,Standard,Canada,42,49,UPI,Referral,Monthly,1,16.13,35,0,Active,588
C03319,2024-04-22,,Standard,Australia,45,49,UPI,Organic Search,Monthly,4,9.69,17,0,Active,588
C03320,2025-03-14,,Standard,Germany,38,49,PayPal,Paid Search,Monthly,3,7.87,1,0,Active,588
C03321,2026-02-23,2025-12-31,Basic,Australia,27,19,Debit Card,Social Media,Annual,2,18.45,3,1,Churned,228
C03322,2026-01-22,,Standard,Canada,61,49,Debit Card,Referral,Monthly,1,11.84,14,0,Active,588
C03323,2024-06-20,,Premium,Canada,45,99,Credit Card,Social Media,Monthly,3,15.28,11,0,Active,1188
C03324,2026-03-13,,Standard,Australia,56,49,Debit Card,Email,Monthly,4,10.35,8,0,Active,588
C03325,2025-03-28,,Standard,Canada,20,49,PayPal,Referral,Monthly,2,23.63,6,0,Active,588
C03326,2025-07-12,2025-09-24,Premium,United Kingdom,62,99,Debit Card,Referral,Monthly,2,18.45,21,1,Churned,1188
C03327,2024-03-15,,Premium,Canada,27,99,Debit Card,Referral,Monthly,2,12.42,15,0,Active,1188
C03328,2025-08-26,2025-10-02,Premium,United States,54,99,PayPal,Referral,Monthly,3,9.16,15,1,Churned,1188
C03329,2026-05-26,,Basic,United Kingdom,18,19,UPI,Social Media,Monthly,0,9.55,20,0,Active,228
C03330,2024-09-19,,Standard,Canada,27,49,Credit Card,Partner,Annual,0,18.24,29,0,Active,588
C03331,2026-05-16,,Standard,Canada,48,49,UPI,Email,Monthly,2,16.57,17,0,Active,588
C03332,2025-05-27,,Standard,India,59,49,PayPal,Referral,Monthly,1,17.58,14,0,Active,588
C03333,2026-04-21,,Basic,Australia,26,19,Debit Card,Referral,Annual,5,6.19,3,0,Active,228
C03334,2024-02-24,,Basic,United States,53,19,Credit Card,Organic Search,Annual,2,13.07,1,0,Active,228
C03335,2025-07-10,,Premium,United States,42,99,Credit Card,Social Media,Annual,0,7.12,12,0,Active,1188
C03336,2025-03-17,,Premium,Canada,32,99,PayPal,Referral,Monthly,1,8.05,16,0,Active,1188
C03337,2024-08-10,,Premium,Canada,40,99,PayPal,Paid Search,Monthly,0,9.16,6,0,Active,1188
C03338,2025-09-06,2025-11-21,Standard,Australia,32,49,Debit Card,Organic Search,Annual,1,1.87,23,1,Churned,588
C03339,2024-04-09,2025-04-07,Basic,India,19,19,Debit Card,Social Media,Monthly,1,8.8,14,1,Churned,228
C03340,2025-04-20,2025-10-29,Standard,United Kingdom,19,49,PayPal,Paid Search,Monthly,1,11.8,23,1,Churned,588
C03341,2026-06-19,,Basic,India,26,19,UPI,Partner,Monthly,3,8.86,13,0,Active,228
C03342,2026-03-21,,Standard,United Kingdom,46,49,Debit Card,Social Media,Monthly,3,19.32,5,0,Active,588
C03343,2025-12-25,,Premium,Australia,22,99,PayPal,Social Media,Monthly,2,16.87,4,0,Active,1188
C03344,2024-09-01,,Premium,United States,27,99,Credit Card,Social Media,Monthly,4,15.07,22,0,Active,1188
C03345,2024-03-28,2024-07-13,Standard,Australia,56,49,PayPal,Social Media,Monthly,1,17.17,23,1,Churned,588
C03346,2024-03-13,,Basic,Germany,53,19,Debit Card,Email,Annual,1,12.76,8,0,Active,228
C03347,2024-05-26,,Premium,India,39,99,Credit Card,Referral,Monthly,2,18.31,2,0,Active,1188
C03348,2025-07-12,,Standard,United States,34,49,Debit Card,Referral,Monthly,2,4.3,14,0,Active,588
C03349,2025-07-27,,Standard,Germany,63,49,UPI,Email,Monthly,2,13.86,21,0,Active,588
C03350,2025-02-05,2025-04-04,Standard,Germany,45,49,Credit Card,Partner,Annual,6,8.34,26,1,Churned,588
C03351,2024-08-26,,Standard,Canada,53,49,Credit Card,Email,Monthly,2,1.95,28,0,Active,588
C03352,2025-03-07,,Standard,United States,48,49,Debit Card,Partner,Monthly,4,5.42,4,0,Active,588
C03353,2025-12-11,,Standard,Canada,31,49,Credit Card,Paid Search,Monthly,2,12.9,3,0,Active,588
C03354,2024-07-21,2025-09-14,Basic,United Kingdom,43,19,UPI,Organic Search,Monthly,0,8.9,11,1,Churned,228
C03355,2026-02-20,2025-12-31,Premium,India,28,99,UPI,Organic Search,Monthly,5,10.91,13,1,Churned,1188
C03356,2025-10-28,,Premium,Australia,24,99,UPI,Email,Annual,1,14.26,3,0,Active,1188
C03357,2025-09-21,,Premium,India,53,99,Debit Card,Email,Annual,0,14.96,24,0,Active,1188
C03358,2024-09-21,,Premium,United States,22,99,Debit Card,Social Media,Monthly,1,14.25,31,0,Active,1188
C03359,2025-11-13,,Basic,India,18,19,UPI,Social Media,Monthly,3,15.97,7,0,Active,228
C03360,2024-06-14,,Standard,United States,40,49,Credit Card,Referral,Monthly,3,22.39,32,0,Active,588
C03361,2026-01-16,,Basic,Canada,43,19,Debit Card,Partner,Annual,1,8.22,21,0,Active,228
C03362,2025-12-23,,Standard,Germany,28,49,PayPal,Paid Search,Monthly,5,8.09,24,0,Active,588
C03363,2024-08-18,,Basic,Canada,41,19,UPI,Email,Annual,2,15.49,18,0,Active,228
C03364,2024-06-27,,Basic,India,27,19,Debit Card,Partner,Monthly,1,22.34,6,0,Active,228
C03365,2025-09-29,,Standard,United Kingdom,19,49,Debit Card,Social Media,Annual,1,16.01,9,0,Active,588
C03366,2025-10-20,,Standard,Germany,27,49,Debit Card,Social Media,Monthly,1,14.79,2,0,Active,588
C03367,2025-04-12,,Basic,India,38,19,Debit Card,Partner,Annual,1,13.77,14,0,Active,228
C03368,2024-12-11,,Premium,Australia,24,99,Credit Card,Referral,Annual,1,9.72,7,0,Active,1188
C03369,2026-01-12,,Basic,Germany,53,19,UPI,Partner,Monthly,0,4.18,18,0,Active,228
C03370,2024-04-26,2025-03-27,Standard,Australia,61,49,Debit Card,Referral,Monthly,2,10.07,11,1,Churned,588
C03371,2026-01-13,,Standard,Germany,48,49,Credit Card,Email,Monthly,2,13.0,27,0,Active,588
C03372,2024-07-23,,Standard,Germany,29,49,UPI,Referral,Monthly,2,10.36,26,0,Active,588
C03373,2024-08-14,,Standard,Canada,46,49,UPI,Paid Search,Monthly,1,5.31,2,0,Active,588
C03374,2025-06-24,,Basic,India,29,19,UPI,Paid Search,Annual,1,10.9,3,0,Active,228
C03375,2026-04-16,,Basic,Canada,28,19,Credit Card,Referral,Monthly,2,19.43,14,0,Active,228
C03376,2024-12-21,,Standard,United Kingdom,49,49,PayPal,Email,Monthly,3,3.89,17,0,Active,588
C03377,2026-06-16,,Basic,Germany,47,19,Credit Card,Paid Search,Monthly,1,12.91,26,0,Active,228
C03378,2026-03-10,,Standard,India,58,49,Debit Card,Organic Search,Annual,2,12.42,5,0,Active,588
C03379,2025-09-27,,Standard,United States,30,49,PayPal,Partner,Monthly,3,17.04,10,0,Active,588
C03380,2024-11-22,,Standard,India,54,49,PayPal,Organic Search,Monthly,6,3.72,7,0,Active,588
C03381,2025-02-19,,Basic,Germany,64,19,UPI,Paid Search,Monthly,7,12.01,33,0,Active,228
C03382,2025-06-24,,Basic,Canada,39,19,PayPal,Referral,Monthly,3,9.41,17,0,Active,228
C03383,2025-01-10,,Basic,Canada,36,19,PayPal,Referral,Annual,0,11.35,27,0,Active,228
C03384,2025-09-11,,Basic,United Kingdom,43,19,Debit Card,Email,Monthly,3,14.33,20,0,Active,228
C03385,2024-05-01,,Basic,India,41,19,Debit Card,Referral,Monthly,4,7.72,8,0,Active,228
C03386,2025-10-27,2025-12-18,Basic,Canada,19,19,Debit Card,Referral,Monthly,1,6.21,10,1,Churned,228
C03387,2025-05-21,,Standard,United Kingdom,34,49,Credit Card,Partner,Annual,2,4.74,11,0,Active,588
C03388,2025-06-27,,Basic,Germany,21,19,UPI,Email,Monthly,1,15.45,21,0,Active,228
C03389,2024-08-08,,Standard,India,58,49,UPI,Referral,Monthly,2,8.79,25,0,Active,588
C03390,2026-05-07,,Basic,United Kingdom,56,19,Debit Card,Referral,Monthly,2,12.95,10,0,Active,228
C03391,2024-03-11,,Standard,Germany,30,49,PayPal,Paid Search,Annual,1,12.36,20,0,Active,588
C03392,2025-07-09,,Standard,United States,49,49,Credit Card,Referral,Annual,0,9.54,1,0,Active,588
C03393,2024-06-17,,Standard,Germany,25,49,Credit Card,Referral,Annual,3,19.71,16,0,Active,588
C03394,2026-04-06,,Standard,United States,37,49,PayPal,Referral,Monthly,0,10.53,1,0,Active,588
C03395,2025-03-21,,Premium,Australia,61,99,Credit Card,Referral,Monthly,3,15.28,18,0,Active,1188
C03396,2025-12-21,,Basic,Australia,55,19,Credit Card,Social Media,Annual,3,5.63,4,0,Active,228
C03397,2024-08-28,2025-07-11,Basic,Canada,52,19,PayPal,Social Media,Monthly,2,7.97,31,1,Churned,228
C03398,2025-02-26,,Basic,United States,53,19,Credit Card,Email,Monthly,2,10.69,12,0,Active,228
C03399,2025-10-31,,Premium,United States,18,99,PayPal,Partner,Monthly,2,12.38,8,0,Active,1188
C03400,2024-05-30,,Basic,Germany,31,19,UPI,Social Media,Monthly,2,11.2,33,0,Active,228
C03401,2024-06-07,,Basic,Canada,43,19,Credit Card,Social Media,Monthly,3,16.08,18,0,Active,228
C03402,2026-06-05,2025-12-31,Premium,Australia,49,99,Credit Card,Paid Search,Monthly,2,11.71,24,1,Churned,1188
C03403,2024-03-31,,Basic,United States,21,19,Credit Card,Social Media,Annual,1,9.7,7,0,Active,228
C03404,2026-03-24,,Standard,India,37,49,Debit Card,Partner,Monthly,3,14.09,3,0,Active,588
C03405,2024-11-16,2025-11-10,Standard,Canada,53,49,PayPal,Email,Monthly,2,15.31,11,1,Churned,588
C03406,2024-03-12,,Basic,United States,49,19,Debit Card,Email,Annual,1,12.42,7,0,Active,228
C03407,2024-02-21,,Basic,United Kingdom,40,19,Credit Card,Organic Search,Monthly,3,6.28,1,0,Active,228
C03408,2026-03-30,,Basic,United States,64,19,PayPal,Paid Search,Annual,4,17.81,30,0,Active,228
C03409,2024-07-03,,Basic,Germany,28,19,Credit Card,Paid Search,Monthly,2,4.11,12,0,Active,228
C03410,2025-09-26,2025-10-28,Basic,Australia,19,19,Debit Card,Partner,Monthly,2,13.58,30,1,Churned,228
C03411,2025-02-12,2025-11-04,Standard,United States,26,49,UPI,Email,Monthly,2,17.65,14,1,Churned,588
C03412,2024-06-29,,Premium,Australia,62,99,UPI,Social Media,Monthly,1,3.39,10,0,Active,1188
C03413,2024-05-14,,Standard,India,44,49,PayPal,Social Media,Monthly,1,10.98,24,0,Active,588
C03414,2024-10-18,,Basic,United Kingdom,55,19,Credit Card,Email,Annual,2,7.19,25,0,Active,228
C03415,2025-08-14,,Basic,Germany,32,19,PayPal,Organic Search,Annual,2,10.05,25,0,Active,228
C03416,2025-03-16,,Standard,United States,18,49,UPI,Social Media,Monthly,3,13.3,12,0,Active,588
C03417,2026-02-02,2025-12-31,Standard,Canada,45,49,Credit Card,Paid Search,Monthly,1,13.59,1,1,Churned,588
C03418,2025-05-31,,Premium,Australia,52,99,Debit Card,Partner,Annual,5,14.07,13,0,Active,1188
C03419,2026-03-06,,Basic,Canada,38,19,Debit Card,Partner,Monthly,4,17.23,14,0,Active,228
C03420,2024-12-12,2025-05-23,Basic,Canada,22,19,Debit Card,Social Media,Monthly,2,2.1,4,1,Churned,228
C03421,2024-03-18,,Standard,United Kingdom,19,49,UPI,Social Media,Annual,1,5.23,23,0,Active,588
C03422,2025-06-09,,Standard,Australia,45,49,Credit Card,Referral,Monthly,2,14.92,24,0,Active,588
C03423,2026-01-24,2025-12-31,Standard,United States,21,49,Credit Card,Social Media,Monthly,2,11.4,8,1,Churned,588
C03424,2025-11-22,,Standard,Germany,35,49,Debit Card,Email,Annual,2,17.52,11,0,Active,588
C03425,2024-06-29,,Basic,Australia,29,19,UPI,Email,Monthly,1,16.84,21,0,Active,228
C03426,2024-09-26,2024-11-20,Basic,Canada,25,19,Credit Card,Paid Search,Monthly,1,8.16,15,1,Churned,228
C03427,2025-02-08,,Basic,India,61,19,UPI,Social Media,Monthly,3,14.08,16,0,Active,228
C03428,2025-02-05,,Basic,India,60,19,Debit Card,Paid Search,Annual,1,21.97,14,0,Active,228
C03429,2024-05-24,,Basic,United Kingdom,30,19,Debit Card,Paid Search,Annual,2,17.07,20,0,Active,228
C03430,2025-08-11,,Basic,Canada,38,19,PayPal,Organic Search,Monthly,1,10.65,21,0,Active,228
C03431,2025-01-31,,Standard,Canada,28,49,Debit Card,Organic Search,Annual,0,12.1,14,0,Active,588
C03432,2025-03-09,,Basic,Australia,53,19,Debit Card,Referral,Annual,3,17.33,13,0,Active,228
C03433,2024-09-08,2025-01-05,Basic,Germany,47,19,UPI,Social Media,Monthly,0,15.49,4,1,Churned,228
C03434,2025-04-09,2025-06-01,Basic,Germany,41,19,PayPal,Organic Search,Monthly,0,11.89,23,1,Churned,228
C03435,2025-02-17,2025-11-29,Basic,United States,25,19,UPI,Partner,Annual,2,2.13,18,1,Churned,228
C03436,2024-06-23,2025-03-08,Basic,Germany,37,19,UPI,Organic Search,Monthly,4,8.36,29,1,Churned,228
C03437,2026-04-12,,Standard,Australia,49,49,Debit Card,Organic Search,Monthly,2,3.46,11,0,Active,588
C03438,2024-10-08,,Premium,Australia,36,99,Credit Card,Partner,Annual,2,16.09,14,0,Active,1188
C03439,2025-03-04,,Basic,India,45,19,Debit Card,Social Media,Monthly,2,13.79,19,0,Active,228
C03440,2025-02-19,,Standard,Australia,49,49,PayPal,Organic Search,Monthly,3,11.38,21,0,Active,588
C03441,2026-05-28,,Premium,Germany,44,99,Credit Card,Social Media,Monthly,1,13.96,1,0,Active,1188
C03442,2024-10-27,,Standard,Germany,46,49,Credit Card,Email,Monthly,5,13.0,22,0,Active,588
C03443,2024-10-16,,Basic,Australia,52,19,Debit Card,Email,Monthly,2,7.41,11,0,Active,228
C03444,2024-03-31,,Basic,Canada,37,19,PayPal,Referral,Annual,3,17.9,7,0,Active,228
C03445,2024-11-01,2025-11-13,Standard,United Kingdom,61,49,PayPal,Organic Search,Monthly,2,17.71,13,1,Churned,588
C03446,2025-09-07,,Basic,Australia,26,19,UPI,Paid Search,Monthly,3,17.68,16,0,Active,228
C03447,2024-04-25,,Standard,United Kingdom,40,49,UPI,Paid Search,Monthly,3,12.18,25,0,Active,588
C03448,2025-01-01,,Basic,India,44,19,PayPal,Referral,Monthly,2,0.0,18,0,Active,228
C03449,2025-03-04,,Standard,India,49,49,Credit Card,Organic Search,Annual,7,11.66,1,0,Active,588
C03450,2024-10-26,,Basic,United States,59,19,Credit Card,Email,Monthly,2,15.39,9,0,Active,228
C03451,2025-05-17,,Basic,United States,47,19,PayPal,Partner,Monthly,2,10.4,2,0,Active,228
C03452,2026-03-27,,Standard,Australia,38,49,PayPal,Organic Search,Annual,1,11.11,1,0,Active,588
C03453,2024-03-20,,Basic,United States,48,19,PayPal,Social Media,Monthly,4,3.44,13,0,Active,228
C03454,2024-10-15,,Basic,United Kingdom,42,19,Credit Card,Partner,Monthly,0,9.04,13,0,Active,228
C03455,2026-04-07,,Basic,United States,19,19,PayPal,Organic Search,Annual,1,14.9,20,0,Active,228
C03456,2025-12-30,,Standard,United Kingdom,50,49,Debit Card,Paid Search,Monthly,3,16.61,24,0,Active,588
C03457,2025-09-01,,Basic,Australia,37,19,Debit Card,Email,Monthly,4,20.58,26,0,Active,228
C03458,2025-07-17,2025-09-02,Basic,United Kingdom,27,19,PayPal,Partner,Monthly,0,8.79,2,1,Churned,228
C03459,2024-06-28,,Premium,India,26,99,Credit Card,Referral,Monthly,2,12.0,16,0,Active,1188
C03460,2025-03-16,2025-12-10,Basic,Australia,52,19,PayPal,Social Media,Monthly,3,14.88,16,1,Churned,228
C03461,2024-04-01,2024-07-25,Basic,United Kingdom,62,19,PayPal,Partner,Monthly,3,18.71,2,1,Churned,228
C03462,2024-12-07,,Basic,Australia,34,19,Credit Card,Email,Monthly,2,15.99,10,0,Active,228
C03463,2024-07-04,,Standard,India,48,49,Debit Card,Email,Monthly,5,15.97,26,0,Active,588
C03464,2025-12-22,,Basic,United States,22,19,PayPal,Email,Annual,2,16.45,2,0,Active,228
C03465,2025-02-16,,Basic,Canada,21,19,PayPal,Social Media,Monthly,1,5.68,17,0,Active,228
C03466,2024-10-11,,Premium,Australia,40,99,PayPal,Organic Search,Annual,0,6.75,15,0,Active,1188
C03467,2025-11-14,2025-12-14,Standard,Australia,39,49,Debit Card,Social Media,Monthly,2,7.99,1,1,Churned,588
C03468,2025-07-06,,Premium,United Kingdom,19,99,UPI,Social Media,Annual,3,11.13,10,0,Active,1188
C03469,2025-11-09,,Basic,India,45,19,UPI,Social Media,Monthly,1,14.97,13,0,Active,228
C03470,2026-01-14,,Standard,Germany,40,49,UPI,Paid Search,Annual,0,12.93,19,0,Active,588
C03471,2024-07-24,,Basic,United Kingdom,33,19,Credit Card,Social Media,Monthly,3,14.45,13,0,Active,228
C03472,2025-04-23,,Basic,India,29,19,Debit Card,Organic Search,Monthly,0,9.99,4,0,Active,228
C03473,2025-05-14,2025-10-21,Basic,United States,52,19,PayPal,Referral,Monthly,3,20.26,4,1,Churned,228
C03474,2025-11-02,,Premium,India,33,99,Debit Card,Partner,Monthly,0,22.2,24,0,Active,1188
C03475,2025-08-15,,Premium,Australia,30,99,Credit Card,Email,Monthly,1,8.25,10,0,Active,1188
C03476,2024-12-27,,Basic,United Kingdom,25,19,Credit Card,Email,Monthly,2,17.0,51,0,Active,228
C03477,2025-02-14,,Premium,United Kingdom,26,99,Credit Card,Social Media,Annual,4,5.06,32,0,Active,1188
C03478,2025-05-30,,Premium,India,30,99,Debit Card,Organic Search,Annual,3,18.14,18,0,Active,1188
C03479,2024-06-22,,Basic,United States,56,19,UPI,Social Media,Annual,0,16.23,33,0,Active,228
C03480,2026-01-08,,Premium,United Kingdom,21,99,Credit Card,Organic Search,Monthly,1,12.73,30,0,Active,1188
C03481,2026-03-12,,Premium,Canada,35,99,Debit Card,Email,Annual,4,9.9,31,0,Active,1188
C03482,2026-04-27,,Standard,Australia,34,49,Credit Card,Referral,Monthly,1,14.64,1,0,Active,588
C03483,2025-03-31,,Basic,India,33,19,PayPal,Social Media,Annual,1,11.76,21,0,Active,228
C03484,2024-02-24,2025-09-27,Basic,India,58,19,Debit Card,Social Media,Annual,0,22.06,5,1,Churned,228
C03485,2025-04-25,,Standard,Canada,40,49,Credit Card,Email,Annual,2,7.59,34,0,Active,588
C03486,2026-02-28,,Basic,Germany,20,19,Debit Card,Organic Search,Monthly,1,10.47,14,0,Active,228
C03487,2026-02-02,,Basic,India,40,19,Credit Card,Partner,Monthly,2,6.41,29,0,Active,228
C03488,2025-04-16,2025-07-14,Basic,Germany,29,19,Debit Card,Partner,Monthly,0,8.1,8,1,Churned,228
C03489,2024-10-27,,Premium,India,30,99,PayPal,Referral,Annual,1,21.38,15,0,Active,1188
C03490,2024-02-25,,Basic,United States,35,19,Credit Card,Social Media,Annual,2,10.87,20,0,Active,228
C03491,2026-05-03,2025-12-31,Standard,United Kingdom,29,49,Debit Card,Organic Search,Annual,1,6.38,2,1,Churned,588
C03492,2026-04-29,,Standard,United States,58,49,Debit Card,Organic Search,Annual,7,1.0,18,0,Active,588
C03493,2024-05-22,,Premium,United Kingdom,39,99,Credit Card,Social Media,Monthly,2,14.01,24,0,Active,1188
C03494,2024-04-29,,Premium,India,29,99,Credit Card,Paid Search,Annual,1,20.47,29,0,Active,1188
C03495,2025-02-14,,Standard,India,36,49,Debit Card,Partner,Monthly,2,11.69,27,0,Active,588
C03496,2024-10-15,,Basic,Germany,26,19,PayPal,Paid Search,Monthly,1,10.1,5,0,Active,228
C03497,2025-12-01,,Basic,India,40,19,Debit Card,Paid Search,Monthly,4,10.68,10,0,Active,228
C03498,2024-02-25,,Standard,United Kingdom,49,49,Debit Card,Organic Search,Monthly,4,7.97,15,0,Active,588
C03499,2026-03-02,,Premium,United Kingdom,37,99,Debit Card,Social Media,Monthly,4,4.45,6,0,Active,1188
C03500,2024-06-18,2024-10-14,Standard,United States,57,49,PayPal,Organic Search,Annual,0,14.0,28,1,Churned,588
C03501,2025-07-31,,Standard,Australia,21,49,PayPal,Paid Search,Monthly,1,16.57,2,0,Active,588
C03502,2024-12-16,,Premium,Germany,33,99,UPI,Social Media,Annual,3,11.11,11,0,Active,1188
C03503,2026-04-28,,Standard,India,38,49,PayPal,Organic Search,Monthly,2,13.8,32,0,Active,588
C03504,2025-06-27,,Basic,Australia,49,19,Credit Card,Paid Search,Annual,1,3.03,17,0,Active,228
C03505,2025-08-09,2025-11-11,Basic,United Kingdom,31,19,UPI,Social Media,Monthly,1,11.01,20,1,Churned,228
C03506,2025-07-01,2025-08-14,Basic,United Kingdom,27,19,Credit Card,Referral,Monthly,1,4.88,4,1,Churned,228
C03507,2024-02-22,,Premium,United States,36,99,Debit Card,Social Media,Monthly,5,7.71,1,0,Active,1188
C03508,2024-11-12,,Premium,United Kingdom,61,99,UPI,Referral,Monthly,3,12.89,17,0,Active,1188
C03509,2026-01-20,,Basic,Canada,22,19,UPI,Paid Search,Monthly,1,0.0,8,0,Active,228
C03510,2025-05-26,,Standard,United Kingdom,26,49,Debit Card,Email,Monthly,5,20.23,26,0,Active,588
C03511,2024-03-22,2024-05-25,Basic,Australia,26,19,Credit Card,Email,Monthly,1,2.98,19,1,Churned,228
C03512,2025-05-06,,Basic,United Kingdom,41,19,Debit Card,Paid Search,Annual,6,14.83,9,0,Active,228
C03513,2025-09-12,,Premium,Germany,45,99,PayPal,Referral,Monthly,4,7.88,13,0,Active,1188
C03514,2024-03-27,,Basic,India,28,19,Debit Card,Email,Monthly,2,9.53,8,0,Active,228
C03515,2025-07-20,,Basic,United Kingdom,46,19,Debit Card,Social Media,Annual,6,12.99,19,0,Active,228
C03516,2026-05-19,,Premium,Canada,51,99,Debit Card,Social Media,Monthly,2,11.76,25,0,Active,1188
C03517,2025-08-29,,Premium,Australia,51,99,UPI,Social Media,Annual,2,15.08,8,0,Active,1188
C03518,2024-05-20,,Basic,India,33,19,Credit Card,Referral,Monthly,0,2.69,3,0,Active,228
C03519,2025-07-12,,Basic,India,59,19,UPI,Partner,Monthly,1,11.02,19,0,Active,228
C03520,2024-11-22,,Standard,Germany,22,49,UPI,Email,Monthly,1,12.05,11,0,Active,588
C03521,2025-07-12,,Basic,Germany,19,19,PayPal,Email,Monthly,1,9.87,3,0,Active,228
C03522,2025-02-07,2025-06-23,Basic,United Kingdom,48,19,Credit Card,Partner,Monthly,1,7.39,12,1,Churned,228
C03523,2024-11-10,2025-08-22,Premium,Germany,55,99,Debit Card,Email,Monthly,0,13.68,26,1,Churned,1188
C03524,2025-04-25,2025-11-12,Basic,Canada,26,19,Credit Card,Email,Annual,2,5.93,17,1,Churned,228
C03525,2024-05-13,,Standard,United Kingdom,43,49,UPI,Email,Monthly,5,15.09,31,0,Active,588
C03526,2026-03-09,2025-12-31,Standard,Germany,46,49,UPI,Organic Search,Monthly,1,13.76,21,1,Churned,588
C03527,2026-05-02,,Standard,United Kingdom,37,49,UPI,Partner,Monthly,4,16.93,18,0,Active,588
C03528,2026-04-28,2025-12-31,Basic,United States,40,19,PayPal,Email,Monthly,2,10.13,15,1,Churned,228
C03529,2024-12-03,,Standard,Australia,28,49,Debit Card,Referral,Monthly,4,12.91,7,0,Active,588
C03530,2024-03-06,,Standard,Australia,18,49,Debit Card,Partner,Monthly,3,15.91,22,0,Active,588
C03531,2024-06-03,,Standard,United Kingdom,50,49,UPI,Partner,Monthly,2,7.55,24,0,Active,588
C03532,2025-12-28,2025-12-31,Premium,United States,46,99,Credit Card,Email,Annual,1,4.54,23,1,Churned,1188
C03533,2024-06-24,,Premium,Canada,22,99,Debit Card,Referral,Monthly,1,0.0,37,0,Active,1188
C03534,2025-08-19,,Standard,India,49,49,Credit Card,Partner,Monthly,4,7.87,30,0,Active,588
C03535,2025-01-02,,Standard,Canada,19,49,UPI,Email,Monthly,1,11.25,19,0,Active,588
C03536,2024-11-07,,Premium,Australia,42,99,UPI,Social Media,Annual,1,11.41,1,0,Active,1188
C03537,2024-06-19,,Standard,India,28,49,PayPal,Email,Monthly,4,8.18,26,0,Active,588
C03538,2026-02-10,,Basic,United States,18,19,Debit Card,Paid Search,Annual,4,17.98,14,0,Active,228
C03539,2024-03-15,,Standard,Canada,26,49,Credit Card,Partner,Monthly,2,17.45,1,0,Active,588
C03540,2025-03-07,,Premium,Canada,36,99,Debit Card,Referral,Annual,2,15.12,19,0,Active,1188
C03541,2024-10-08,,Basic,Germany,29,19,Credit Card,Email,Annual,3,17.94,24,0,Active,228
C03542,2025-03-30,2025-08-26,Standard,United Kingdom,47,49,UPI,Email,Monthly,2,20.36,29,1,Churned,588
C03543,2024-07-07,2024-11-13,Standard,Australia,40,49,PayPal,Referral,Monthly,2,13.45,24,1,Churned,588
C03544,2025-02-04,,Basic,India,35,19,Credit Card,Organic Search,Monthly,0,7.63,11,0,Active,228
C03545,2026-03-27,,Basic,United Kingdom,60,19,PayPal,Social Media,Monthly,2,11.29,1,0,Active,228
C03546,2025-02-22,2025-08-04,Premium,India,58,99,UPI,Partner,Monthly,5,17.6,10,1,Churned,1188
C03547,2024-06-10,,Premium,Canada,21,99,UPI,Social Media,Monthly,3,9.14,11,0,Active,1188
C03548,2026-04-16,,Basic,Canada,19,19,Debit Card,Organic Search,Monthly,1,13.05,27,0,Active,228
C03549,2024-10-12,,Basic,Canada,36,19,PayPal,Partner,Monthly,0,7.66,1,0,Active,228
C03550,2026-05-24,,Premium,Canada,41,99,Credit Card,Email,Annual,0,11.66,18,0,Active,1188
C03551,2026-06-09,,Premium,India,59,99,UPI,Partner,Annual,1,18.53,31,0,Active,1188
C03552,2024-07-23,,Standard,United States,29,49,Debit Card,Paid Search,Annual,4,18.96,24,0,Active,588
C03553,2025-01-19,,Basic,Canada,59,19,UPI,Social Media,Annual,4,12.53,22,0,Active,228
C03554,2025-12-13,2025-12-31,Basic,United States,20,19,Credit Card,Organic Search,Annual,4,9.26,12,1,Churned,228
C03555,2025-04-06,,Basic,Australia,59,19,PayPal,Social Media,Monthly,2,12.81,10,0,Active,228
C03556,2026-05-02,2025-12-31,Standard,Australia,22,49,Debit Card,Email,Monthly,2,2.01,23,1,Churned,588
C03557,2024-12-27,2025-05-15,Basic,India,50,19,PayPal,Paid Search,Monthly,5,15.43,14,1,Churned,228
C03558,2024-10-03,,Basic,Germany,19,19,UPI,Paid Search,Monthly,1,14.13,12,0,Active,228
C03559,2026-03-14,,Basic,Germany,37,19,Credit Card,Organic Search,Monthly,6,18.44,9,0,Active,228
C03560,2025-07-26,2025-11-27,Basic,United States,64,19,Credit Card,Partner,Monthly,2,10.79,22,1,Churned,228
C03561,2026-01-01,,Standard,Australia,50,49,PayPal,Email,Annual,2,15.47,10,0,Active,588
C03562,2025-01-14,,Premium,United Kingdom,23,99,UPI,Organic Search,Monthly,0,8.93,1,0,Active,1188
C03563,2024-10-11,,Premium,India,33,99,PayPal,Paid Search,Annual,2,7.3,1,0,Active,1188
C03564,2025-02-06,,Standard,Canada,29,49,UPI,Partner,Monthly,3,5.22,14,0,Active,588
C03565,2025-04-01,2025-08-29,Standard,Germany,34,49,PayPal,Email,Monthly,3,12.47,7,1,Churned,588
C03566,2024-10-03,,Premium,India,54,99,PayPal,Referral,Monthly,0,13.99,4,0,Active,1188
C03567,2026-05-14,,Basic,India,63,19,Debit Card,Email,Annual,0,15.26,18,0,Active,228
C03568,2024-09-03,,Standard,Australia,32,49,PayPal,Referral,Annual,2,14.56,25,0,Active,588
C03569,2025-12-24,,Basic,India,64,19,Debit Card,Organic Search,Annual,1,10.23,23,0,Active,228
C03570,2025-11-22,,Basic,Germany,64,19,PayPal,Organic Search,Annual,3,19.18,16,0,Active,228
C03571,2025-07-05,2025-08-27,Basic,Germany,59,19,PayPal,Paid Search,Monthly,0,24.55,14,1,Churned,228
C03572,2024-12-05,,Basic,Australia,54,19,Credit Card,Referral,Monthly,1,0.0,2,0,Active,228
C03573,2025-08-04,2025-10-19,Standard,United States,26,49,UPI,Organic Search,Monthly,0,11.6,25,1,Churned,588
C03574,2025-04-27,,Basic,Germany,32,19,Debit Card,Partner,Annual,4,7.11,1,0,Active,228
C03575,2025-01-31,2025-06-22,Standard,United States,40,49,PayPal,Partner,Annual,1,7.1,19,1,Churned,588
C03576,2024-11-18,,Standard,United States,35,49,UPI,Email,Monthly,2,9.36,4,0,Active,588
C03577,2025-12-15,,Standard,United States,49,49,UPI,Partner,Annual,0,17.33,34,0,Active,588
C03578,2025-01-06,,Basic,Canada,28,19,PayPal,Email,Monthly,5,8.99,11,0,Active,228
C03579,2024-12-03,2025-01-19,Standard,United States,38,49,Credit Card,Referral,Monthly,5,11.4,1,1,Churned,588
C03580,2024-11-20,,Basic,Germany,46,19,Debit Card,Organic Search,Annual,3,3.49,15,0,Active,228
C03581,2026-03-25,,Premium,United States,55,99,Debit Card,Partner,Monthly,1,8.23,1,0,Active,1188
C03582,2024-07-17,2025-11-25,Standard,United States,64,49,Debit Card,Referral,Monthly,1,3.09,4,1,Churned,588
C03583,2025-06-16,2025-09-26,Standard,United States,18,49,Credit Card,Email,Monthly,1,10.07,9,1,Churned,588
C03584,2026-05-15,2025-12-31,Premium,Canada,30,99,Debit Card,Social Media,Monthly,1,8.8,18,1,Churned,1188
C03585,2025-09-27,,Basic,United Kingdom,37,19,PayPal,Paid Search,Monthly,0,13.88,29,0,Active,228
C03586,2025-10-11,,Standard,India,25,49,Credit Card,Referral,Annual,0,8.76,26,0,Active,588
C03587,2025-06-11,,Basic,India,52,19,PayPal,Referral,Annual,1,13.01,22,0,Active,228
C03588,2024-08-07,,Basic,United States,62,19,UPI,Organic Search,Monthly,0,9.53,11,0,Active,228
C03589,2025-02-18,,Standard,United Kingdom,62,49,Credit Card,Email,Monthly,2,11.77,27,0,Active,588
C03590,2025-04-11,,Standard,India,46,49,Debit Card,Referral,Annual,2,15.18,13,0,Active,588
C03591,2024-08-03,,Standard,Germany,58,49,UPI,Referral,Monthly,3,20.19,13,0,Active,588
C03592,2024-07-29,2025-07-19,Basic,Germany,25,19,Debit Card,Organic Search,Monthly,2,17.27,14,1,Churned,228
C03593,2025-01-29,,Basic,Australia,49,19,Debit Card,Email,Monthly,3,7.37,16,0,Active,228
C03594,2024-04-09,,Standard,India,42,49,Debit Card,Paid Search,Monthly,3,3.39,36,0,Active,588
C03595,2024-03-19,,Premium,Canada,24,99,PayPal,Partner,Monthly,1,8.53,12,0,Active,1188
C03596,2025-03-27,,Basic,Germany,51,19,PayPal,Partner,Monthly,3,3.33,1,0,Active,228
C03597,2025-01-01,,Basic,Canada,54,19,Debit Card,Social Media,Annual,1,3.44,16,0,Active,228
C03598,2025-10-08,2025-11-09,Basic,United Kingdom,56,19,UPI,Social Media,Monthly,1,11.4,9,1,Churned,228
C03599,2024-06-04,,Basic,India,20,19,Debit Card,Organic Search,Monthly,2,12.25,4,0,Active,228
C03600,2025-07-03,,Basic,Canada,64,19,UPI,Social Media,Annual,1,5.26,1,0,Active,228
C03601,2024-07-15,,Standard,United States,53,49,UPI,Organic Search,Monthly,2,13.89,8,0,Active,588
C03602,2024-04-14,2025-01-15,Standard,Canada,28,49,UPI,Social Media,Monthly,2,11.63,17,1,Churned,588
C03603,2024-06-23,,Basic,India,44,19,UPI,Referral,Annual,1,20.76,12,0,Active,228
C03604,2026-05-15,,Basic,United Kingdom,31,19,Debit Card,Referral,Monthly,0,15.72,13,0,Active,228
C03605,2024-03-23,,Premium,Canada,41,99,PayPal,Organic Search,Monthly,3,7.9,11,0,Active,1188
C03606,2025-05-04,2025-10-31,Basic,United Kingdom,64,19,Debit Card,Email,Annual,2,8.76,8,1,Churned,228
C03607,2026-06-06,,Basic,United Kingdom,26,19,Debit Card,Paid Search,Monthly,3,13.22,19,0,Active,228
C03608,2025-11-06,,Premium,Canada,32,99,Credit Card,Organic Search,Annual,4,11.71,2,0,Active,1188
C03609,2026-03-20,,Premium,Australia,20,99,UPI,Social Media,Monthly,0,15.47,4,0,Active,1188
C03610,2025-06-04,,Premium,United Kingdom,41,99,UPI,Social Media,Monthly,1,14.15,2,0,Active,1188
C03611,2025-03-16,2025-07-22,Standard,India,40,49,PayPal,Partner,Monthly,0,11.82,5,1,Churned,588
C03612,2024-07-19,,Standard,Canada,50,49,Debit Card,Organic Search,Monthly,3,8.15,5,0,Active,588
C03613,2024-06-09,,Premium,Canada,51,99,Credit Card,Referral,Monthly,2,8.49,8,0,Active,1188
C03614,2024-03-12,,Premium,Germany,44,99,Credit Card,Referral,Monthly,1,5.18,8,0,Active,1188
C03615,2025-06-01,,Premium,United States,33,99,UPI,Email,Annual,3,14.8,33,0,Active,1188
C03616,2024-04-08,,Premium,Canada,52,99,UPI,Paid Search,Monthly,3,6.41,13,0,Active,1188
C03617,2025-11-14,,Standard,United Kingdom,57,49,Credit Card,Referral,Monthly,1,14.35,17,0,Active,588
C03618,2025-07-23,,Premium,Canada,27,99,PayPal,Referral,Annual,2,15.09,23,0,Active,1188
C03619,2026-03-27,,Standard,India,43,49,Debit Card,Email,Monthly,0,13.44,1,0,Active,588
C03620,2025-04-09,,Premium,Germany,43,99,Debit Card,Email,Annual,1,16.61,12,0,Active,1188
C03621,2024-10-19,,Basic,Australia,49,19,UPI,Paid Search,Monthly,4,10.94,5,0,Active,228
C03622,2024-07-19,,Standard,United Kingdom,57,49,Debit Card,Referral,Annual,1,22.09,1,0,Active,588
C03623,2025-09-25,2025-11-02,Basic,Germany,34,19,Debit Card,Paid Search,Monthly,3,11.45,24,1,Churned,228
C03624,2024-10-06,2025-02-28,Standard,Canada,54,49,Debit Card,Partner,Monthly,0,9.0,21,1,Churned,588
C03625,2026-05-13,,Basic,Australia,40,19,UPI,Paid Search,Monthly,2,10.6,21,0,Active,228
C03626,2024-06-03,2025-08-31,Standard,Australia,59,49,UPI,Social Media,Monthly,0,12.53,20,1,Churned,588
C03627,2024-08-09,2025-03-16,Basic,India,47,19,Credit Card,Email,Monthly,6,11.22,16,1,Churned,228
C03628,2025-06-14,,Basic,United States,19,19,Debit Card,Partner,Monthly,2,13.26,15,0,Active,228
C03629,2025-01-13,,Basic,United Kingdom,55,19,UPI,Social Media,Annual,2,24.73,15,0,Active,228
C03630,2024-11-05,,Basic,India,45,19,Credit Card,Social Media,Monthly,2,12.14,28,0,Active,228
C03631,2026-04-24,2025-12-31,Basic,India,57,19,PayPal,Organic Search,Monthly,0,11.24,24,1,Churned,228
C03632,2026-04-04,,Standard,United States,32,49,Credit Card,Partner,Monthly,2,14.57,5,0,Active,588
C03633,2024-05-05,2025-10-15,Standard,Canada,33,49,Debit Card,Referral,Monthly,4,12.64,15,1,Churned,588
C03634,2024-09-07,,Basic,United States,35,19,PayPal,Partner,Annual,2,12.18,9,0,Active,228
C03635,2026-04-02,,Standard,United States,18,49,UPI,Organic Search,Monthly,2,10.69,32,0,Active,588
C03636,2025-04-07,,Standard,India,34,49,PayPal,Partner,Monthly,1,11.52,21,0,Active,588
C03637,2024-08-31,,Basic,United Kingdom,59,19,Debit Card,Referral,Monthly,2,5.22,9,0,Active,228
C03638,2024-08-27,2025-09-23,Standard,United Kingdom,55,49,Debit Card,Email,Annual,2,7.39,25,1,Churned,588
C03639,2024-08-18,,Basic,Germany,53,19,UPI,Social Media,Annual,4,7.28,40,0,Active,228
C03640,2024-05-21,,Premium,United Kingdom,58,99,UPI,Paid Search,Monthly,1,14.09,12,0,Active,1188
C03641,2025-03-12,,Basic,Germany,63,19,Debit Card,Email,Monthly,4,8.95,22,0,Active,228
C03642,2025-05-31,,Basic,India,25,19,PayPal,Partner,Monthly,3,18.38,14,0,Active,228
C03643,2024-12-03,,Standard,Australia,52,49,Credit Card,Referral,Monthly,3,9.76,1,0,Active,588
C03644,2026-05-28,,Basic,United States,29,19,UPI,Organic Search,Monthly,1,6.47,11,0,Active,228
C03645,2024-10-29,,Standard,Germany,42,49,UPI,Paid Search,Monthly,2,1.47,23,0,Active,588
C03646,2024-03-15,2024-10-15,Basic,India,33,19,Debit Card,Referral,Monthly,1,10.99,11,1,Churned,228
C03647,2024-03-13,,Basic,Germany,51,19,Credit Card,Referral,Monthly,0,15.75,27,0,Active,228
C03648,2024-12-04,,Standard,Australia,34,49,UPI,Paid Search,Monthly,4,11.32,10,0,Active,588
C03649,2024-05-02,2024-11-10,Standard,United States,32,49,UPI,Social Media,Annual,1,8.62,1,1,Churned,588
C03650,2024-05-16,2025-11-29,Basic,Australia,57,19,Credit Card,Social Media,Monthly,2,7.9,14,1,Churned,228
C03651,2025-12-14,,Basic,India,49,19,Debit Card,Partner,Monthly,2,8.7,26,0,Active,228
C03652,2025-08-10,,Basic,Australia,43,19,Debit Card,Referral,Monthly,3,9.02,18,0,Active,228
C03653,2024-04-15,,Standard,India,31,49,Credit Card,Paid Search,Monthly,1,5.08,5,0,Active,588
C03654,2025-12-01,,Premium,United Kingdom,43,99,UPI,Referral,Annual,4,11.29,1,0,Active,1188
C03655,2024-11-22,,Basic,Germany,48,19,PayPal,Social Media,Monthly,1,7.96,1,0,Active,228
C03656,2026-02-01,2025-12-31,Premium,United States,28,99,Credit Card,Partner,Monthly,2,14.14,31,1,Churned,1188
C03657,2025-08-18,,Standard,Australia,57,49,Credit Card,Paid Search,Annual,2,7.1,11,0,Active,588
C03658,2025-05-17,,Basic,Canada,60,19,Debit Card,Partner,Monthly,4,12.54,14,0,Active,228
C03659,2025-10-17,,Premium,India,19,99,UPI,Organic Search,Annual,0,12.54,5,0,Active,1188
C03660,2026-04-26,,Basic,Germany,33,19,PayPal,Referral,Monthly,0,6.82,19,0,Active,228
C03661,2025-08-11,,Basic,United States,58,19,Debit Card,Organic Search,Monthly,0,5.2,16,0,Active,228
C03662,2024-05-17,,Standard,Australia,31,49,Credit Card,Partner,Monthly,2,9.78,16,0,Active,588
C03663,2025-10-03,,Standard,United Kingdom,18,49,Credit Card,Organic Search,Monthly,0,7.49,4,0,Active,588
C03664,2024-12-30,,Premium,Germany,47,99,UPI,Referral,Monthly,2,15.2,20,0,Active,1188
C03665,2024-10-17,,Standard,United States,26,49,UPI,Partner,Annual,2,14.43,25,0,Active,588
C03666,2024-06-20,,Basic,Canada,28,19,UPI,Organic Search,Monthly,4,20.46,7,0,Active,228
C03667,2025-02-06,,Basic,Germany,63,19,Credit Card,Partner,Monthly,5,13.75,20,0,Active,228
C03668,2026-05-25,,Premium,India,33,99,UPI,Partner,Monthly,1,14.4,13,0,Active,1188
C03669,2025-07-24,,Standard,Australia,21,49,Credit Card,Partner,Monthly,2,6.4,8,0,Active,588
C03670,2026-03-30,,Basic,Germany,38,19,PayPal,Paid Search,Monthly,0,10.64,17,0,Active,228
C03671,2025-02-25,,Basic,United States,47,19,UPI,Paid Search,Annual,0,9.57,27,0,Active,228
C03672,2024-07-05,,Basic,United Kingdom,48,19,Credit Card,Email,Monthly,2,9.56,20,0,Active,228
C03673,2026-06-07,,Basic,United States,21,19,Debit Card,Referral,Monthly,1,11.62,16,0,Active,228
C03674,2024-03-24,,Basic,India,46,19,PayPal,Email,Annual,1,5.71,17,0,Active,228
C03675,2026-05-15,2025-12-31,Basic,Australia,28,19,Credit Card,Organic Search,Monthly,1,7.92,21,1,Churned,228
C03676,2025-02-18,,Standard,United States,59,49,Credit Card,Referral,Monthly,3,9.04,19,0,Active,588
C03677,2024-08-28,2024-10-17,Basic,India,42,19,PayPal,Referral,Monthly,3,12.56,37,1,Churned,228
C03678,2025-03-01,,Standard,United States,49,49,PayPal,Email,Monthly,1,15.08,11,0,Active,588
C03679,2026-03-25,2025-12-31,Basic,Canada,47,19,UPI,Email,Monthly,1,13.79,7,1,Churned,228
C03680,2025-12-26,2025-12-31,Premium,India,29,99,Debit Card,Paid Search,Monthly,3,8.33,9,1,Churned,1188
C03681,2024-03-07,,Standard,Canada,20,49,PayPal,Referral,Annual,3,15.41,22,0,Active,588
C03682,2025-07-28,,Basic,Canada,64,19,Credit Card,Organic Search,Monthly,1,22.66,4,0,Active,228
C03683,2024-10-23,,Standard,United Kingdom,57,49,PayPal,Paid Search,Monthly,1,14.43,25,0,Active,588
C03684,2025-04-14,,Standard,Canada,40,49,UPI,Partner,Monthly,2,5.09,13,0,Active,588
C03685,2024-04-12,2024-09-25,Standard,Australia,39,49,Debit Card,Organic Search,Monthly,2,3.81,18,1,Churned,588
C03686,2025-09-11,,Premium,India,24,99,Credit Card,Paid Search,Monthly,1,6.79,19,0,Active,1188
C03687,2025-01-16,2025-07-13,Standard,India,57,49,UPI,Partner,Monthly,0,14.75,19,1,Churned,588
C03688,2025-11-30,,Premium,United Kingdom,54,99,Debit Card,Social Media,Monthly,2,9.19,23,0,Active,1188
C03689,2025-08-23,2025-12-09,Basic,Australia,54,19,Debit Card,Referral,Annual,2,11.57,1,1,Churned,228
C03690,2024-12-17,,Premium,Canada,23,99,Debit Card,Social Media,Monthly,3,15.27,20,0,Active,1188
C03691,2024-06-23,,Basic,Germany,22,19,Debit Card,Paid Search,Annual,2,13.21,15,0,Active,228
C03692,2025-12-21,,Premium,United States,35,99,Credit Card,Email,Monthly,4,17.65,1,0,Active,1188
C03693,2026-04-27,,Premium,United Kingdom,27,99,Credit Card,Social Media,Monthly,0,12.94,12,0,Active,1188
C03694,2025-11-03,,Basic,United Kingdom,31,19,Credit Card,Organic Search,Annual,1,15.5,1,0,Active,228
C03695,2026-06-08,,Standard,United States,24,49,PayPal,Partner,Monthly,2,10.42,25,0,Active,588
C03696,2026-06-18,,Premium,United Kingdom,30,99,Debit Card,Email,Monthly,3,4.64,6,0,Active,1188
C03697,2025-11-19,,Premium,Germany,61,99,Debit Card,Partner,Monthly,2,4.88,14,0,Active,1188
C03698,2024-05-14,,Standard,United States,18,49,UPI,Email,Annual,1,7.18,10,0,Active,588
C03699,2026-04-27,,Standard,Canada,18,49,PayPal,Partner,Annual,0,11.65,19,0,Active,588
C03700,2024-06-16,,Basic,Germany,63,19,UPI,Referral,Annual,4,8.38,13,0,Active,228
C03701,2024-02-27,,Standard,Australia,45,49,PayPal,Email,Monthly,2,11.47,23,0,Active,588
C03702,2024-06-06,,Basic,India,49,19,Debit Card,Email,Monthly,1,17.16,13,0,Active,228
C03703,2024-11-22,,Basic,Australia,28,19,PayPal,Paid Search,Monthly,0,8.54,11,0,Active,228
C03704,2025-02-24,2025-09-24,Basic,Canada,60,19,UPI,Social Media,Monthly,1,22.82,7,1,Churned,228
C03705,2024-10-23,,Standard,Australia,37,49,UPI,Organic Search,Annual,2,11.06,24,0,Active,588
C03706,2025-02-23,,Standard,Germany,46,49,Debit Card,Email,Monthly,1,6.82,13,0,Active,588
C03707,2024-07-10,,Standard,Canada,28,49,UPI,Referral,Monthly,1,10.04,24,0,Active,588
C03708,2024-11-29,,Standard,Canada,23,49,Credit Card,Referral,Monthly,2,9.48,13,0,Active,588
C03709,2025-05-09,,Standard,Canada,45,49,Credit Card,Organic Search,Monthly,1,14.21,20,0,Active,588
C03710,2025-07-19,2025-09-10,Premium,United States,22,99,Debit Card,Email,Monthly,2,11.27,20,1,Churned,1188
C03711,2026-05-27,2025-12-31,Standard,United States,55,49,Credit Card,Paid Search,Monthly,1,3.57,13,1,Churned,588
C03712,2024-04-03,,Premium,Australia,56,99,UPI,Referral,Annual,3,23.47,26,0,Active,1188
C03713,2025-01-01,2025-11-08,Standard,Canada,55,49,Credit Card,Paid Search,Monthly,2,13.47,15,1,Churned,588
C03714,2025-09-03,2025-11-05,Standard,United States,30,49,Credit Card,Email,Annual,2,0.0,12,1,Churned,588
C03715,2025-10-29,2025-12-21,Premium,Australia,46,99,Credit Card,Paid Search,Monthly,3,17.41,18,1,Churned,1188
C03716,2025-09-04,,Standard,Australia,26,49,PayPal,Social Media,Monthly,5,12.83,10,0,Active,588
C03717,2024-03-30,2025-07-24,Standard,United Kingdom,42,49,Credit Card,Social Media,Monthly,2,9.53,22,1,Churned,588
C03718,2025-06-30,,Premium,Australia,27,99,UPI,Partner,Annual,1,12.69,21,0,Active,1188
C03719,2024-12-26,,Premium,United Kingdom,57,99,Credit Card,Social Media,Annual,2,15.65,2,0,Active,1188
C03720,2025-01-02,,Basic,Germany,62,19,PayPal,Referral,Annual,1,12.37,21,0,Active,228
C03721,2024-07-22,,Basic,India,35,19,UPI,Social Media,Monthly,3,13.31,29,0,Active,228
C03722,2025-02-10,,Premium,United States,47,99,Credit Card,Partner,Monthly,3,10.58,4,0,Active,1188
C03723,2025-12-27,,Standard,India,60,49,UPI,Referral,Monthly,2,16.96,25,0,Active,588
C03724,2024-07-08,,Premium,United Kingdom,56,99,UPI,Paid Search,Annual,3,3.57,24,0,Active,1188
C03725,2026-01-03,2025-12-31,Basic,Australia,19,19,Debit Card,Email,Monthly,1,7.02,21,1,Churned,228
C03726,2026-04-06,,Standard,United States,44,49,UPI,Organic Search,Monthly,1,8.13,22,0,Active,588
C03727,2025-07-26,2025-11-14,Basic,United States,48,19,Debit Card,Partner,Annual,1,15.7,21,1,Churned,228
C03728,2025-07-08,,Premium,India,18,99,PayPal,Organic Search,Annual,3,12.85,9,0,Active,1188
C03729,2025-07-26,2025-08-26,Basic,Australia,20,19,Debit Card,Referral,Monthly,2,23.61,1,1,Churned,228
C03730,2026-05-01,,Standard,Australia,43,49,UPI,Paid Search,Monthly,2,12.19,24,0,Active,588
C03731,2024-04-24,,Standard,Germany,56,49,UPI,Email,Monthly,3,16.61,10,0,Active,588
C03732,2024-04-10,,Basic,India,40,19,Credit Card,Referral,Monthly,3,16.81,3,0,Active,228
C03733,2024-10-10,,Standard,United States,32,49,Debit Card,Referral,Monthly,2,22.37,27,0,Active,588
C03734,2026-01-20,2025-12-31,Premium,United States,30,99,UPI,Social Media,Monthly,2,17.05,24,1,Churned,1188
C03735,2026-01-14,2025-12-31,Basic,United Kingdom,49,19,Debit Card,Email,Annual,2,11.73,18,1,Churned,228
C03736,2026-01-10,,Premium,United Kingdom,58,99,Credit Card,Paid Search,Monthly,1,11.24,7,0,Active,1188
C03737,2025-12-19,,Standard,India,21,49,Credit Card,Social Media,Monthly,7,11.5,3,0,Active,588
C03738,2025-03-30,,Basic,Canada,49,19,Debit Card,Organic Search,Monthly,1,15.56,13,0,Active,228
C03739,2025-03-26,,Standard,Australia,50,49,UPI,Partner,Monthly,1,19.27,12,0,Active,588
C03740,2024-04-03,,Premium,United States,19,99,Debit Card,Social Media,Annual,2,11.97,18,0,Active,1188
C03741,2026-04-21,,Standard,Australia,61,49,Debit Card,Organic Search,Monthly,1,6.85,16,0,Active,588
C03742,2025-04-28,2025-10-17,Basic,Germany,26,19,Credit Card,Organic Search,Monthly,0,6.57,5,1,Churned,228
C03743,2026-06-13,,Basic,Canada,45,19,Credit Card,Paid Search,Monthly,2,14.43,10,0,Active,228
C03744,2025-03-21,,Standard,United Kingdom,61,49,PayPal,Paid Search,Annual,2,16.37,18,0,Active,588
C03745,2025-11-12,,Standard,Germany,43,49,PayPal,Email,Monthly,1,6.66,26,0,Active,588
C03746,2024-09-30,,Standard,India,24,49,PayPal,Paid Search,Annual,4,4.38,2,0,Active,588
C03747,2026-03-28,,Standard,Australia,35,49,Debit Card,Paid Search,Monthly,3,11.02,13,0,Active,588
C03748,2024-03-08,,Premium,India,50,99,Debit Card,Partner,Monthly,2,14.88,7,0,Active,1188
C03749,2025-03-25,,Premium,Australia,27,99,UPI,Social Media,Monthly,4,8.77,20,0,Active,1188
C03750,2025-04-25,,Basic,United States,40,19,Debit Card,Email,Annual,0,13.98,19,0,Active,228
C03751,2024-09-07,2025-03-19,Standard,United States,30,49,UPI,Partner,Monthly,2,12.7,8,1,Churned,588
C03752,2025-03-18,,Basic,United States,54,19,PayPal,Organic Search,Monthly,0,9.23,12,0,Active,228
C03753,2025-07-24,2025-10-10,Premium,Germany,42,99,Credit Card,Organic Search,Monthly,0,12.48,1,1,Churned,1188
C03754,2024-04-13,2025-08-31,Basic,India,21,19,PayPal,Paid Search,Monthly,2,7.55,3,1,Churned,228
C03755,2026-06-12,,Premium,Germany,40,99,Credit Card,Organic Search,Monthly,2,12.67,4,0,Active,1188
C03756,2025-04-06,,Standard,Australia,18,49,Debit Card,Paid Search,Annual,3,5.69,26,0,Active,588
C03757,2026-04-09,,Standard,Australia,20,49,UPI,Referral,Monthly,2,11.32,15,0,Active,588
C03758,2024-11-09,,Standard,Germany,56,49,Debit Card,Paid Search,Monthly,5,21.01,15,0,Active,588
C03759,2024-04-16,,Basic,India,21,19,Debit Card,Referral,Monthly,2,17.37,1,0,Active,228
C03760,2025-07-12,,Basic,Canada,31,19,Debit Card,Referral,Monthly,3,9.13,34,0,Active,228
C03761,2026-06-14,,Basic,United Kingdom,53,19,UPI,Social Media,Annual,3,12.98,17,0,Active,228
C03762,2025-08-31,,Standard,United States,45,49,Debit Card,Email,Monthly,4,12.79,18,0,Active,588
C03763,2024-05-29,2025-06-06,Standard,United Kingdom,21,49,Debit Card,Email,Annual,3,16.53,1,1,Churned,588
C03764,2024-12-01,,Basic,United States,61,19,Credit Card,Referral,Annual,3,16.86,14,0,Active,228
C03765,2025-03-20,,Basic,United States,61,19,Debit Card,Social Media,Monthly,1,19.66,34,0,Active,228
C03766,2025-09-16,,Basic,United States,27,19,Credit Card,Partner,Monthly,2,15.26,21,0,Active,228
C03767,2024-10-09,,Basic,United States,49,19,Debit Card,Paid Search,Annual,2,17.82,12,0,Active,228
C03768,2024-03-01,,Basic,United Kingdom,18,19,PayPal,Email,Monthly,3,11.25,2,0,Active,228
C03769,2024-04-25,,Premium,United Kingdom,41,99,PayPal,Organic Search,Annual,2,12.98,24,0,Active,1188
C03770,2026-01-11,,Premium,Canada,56,99,UPI,Email,Monthly,0,10.99,30,0,Active,1188
C03771,2025-10-30,,Standard,Canada,49,49,Debit Card,Partner,Annual,1,10.45,14,0,Active,588
C03772,2026-04-10,,Basic,United Kingdom,21,19,Credit Card,Referral,Monthly,2,12.83,4,0,Active,228
C03773,2026-02-06,,Standard,Canada,42,49,Credit Card,Organic Search,Annual,3,11.38,6,0,Active,588
C03774,2024-04-11,,Basic,Australia,19,19,UPI,Referral,Monthly,3,7.81,17,0,Active,228
C03775,2024-03-17,2024-11-16,Standard,Australia,36,49,UPI,Partner,Monthly,1,8.5,21,1,Churned,588
C03776,2025-04-06,,Premium,Germany,36,99,Debit Card,Partner,Monthly,4,8.1,6,0,Active,1188
C03777,2026-01-18,,Premium,India,54,99,UPI,Partner,Monthly,2,5.92,4,0,Active,1188
C03778,2024-07-13,,Premium,United Kingdom,25,99,Credit Card,Social Media,Monthly,1,10.12,18,0,Active,1188
C03779,2024-07-27,2025-10-30,Standard,India,22,49,PayPal,Referral,Monthly,2,6.89,21,1,Churned,588
C03780,2024-06-24,2024-09-16,Basic,Germany,63,19,Credit Card,Referral,Monthly,3,11.27,21,1,Churned,228
C03781,2024-04-26,,Basic,United Kingdom,36,19,UPI,Partner,Annual,1,7.48,12,0,Active,228
C03782,2026-03-02,,Basic,United States,20,19,Debit Card,Partner,Monthly,1,16.71,19,0,Active,228
C03783,2025-09-09,,Basic,India,47,19,Debit Card,Partner,Monthly,2,15.81,3,0,Active,228
C03784,2025-05-08,,Basic,Germany,25,19,PayPal,Paid Search,Monthly,6,19.0,11,0,Active,228
C03785,2024-03-21,,Basic,Australia,31,19,UPI,Referral,Annual,3,12.68,19,0,Active,228
C03786,2025-05-13,2025-08-07,Standard,United States,56,49,PayPal,Partner,Monthly,3,12.11,38,1,Churned,588
C03787,2024-12-23,2025-08-20,Premium,India,18,99,Debit Card,Social Media,Monthly,1,6.7,21,1,Churned,1188
C03788,2025-06-10,,Standard,United Kingdom,56,49,UPI,Email,Annual,2,8.09,13,0,Active,588
C03789,2024-11-28,2025-01-18,Premium,Canada,62,99,UPI,Paid Search,Monthly,4,16.81,30,1,Churned,1188
C03790,2025-01-13,,Standard,Australia,45,49,Credit Card,Organic Search,Monthly,4,9.68,11,0,Active,588
C03791,2026-03-16,,Basic,Germany,37,19,PayPal,Email,Annual,4,14.39,4,0,Active,228
C03792,2024-05-08,,Basic,Germany,27,19,PayPal,Referral,Monthly,2,6.66,25,0,Active,228
C03793,2024-03-25,,Standard,India,33,49,UPI,Organic Search,Annual,0,8.04,30,0,Active,588
C03794,2025-12-13,,Premium,United States,21,99,PayPal,Paid Search,Annual,2,9.84,16,0,Active,1188
C03795,2025-12-27,,Premium,United Kingdom,36,99,Credit Card,Email,Monthly,7,4.09,41,0,Active,1188
C03796,2025-01-06,,Standard,Australia,63,49,UPI,Partner,Annual,2,6.03,34,0,Active,588
C03797,2024-09-07,,Premium,Canada,60,99,Credit Card,Paid Search,Monthly,4,16.61,6,0,Active,1188
C03798,2025-05-19,,Standard,Canada,18,49,Credit Card,Referral,Monthly,3,15.08,21,0,Active,588
C03799,2025-06-26,2025-11-02,Basic,Australia,63,19,Credit Card,Organic Search,Monthly,1,10.62,4,1,Churned,228
C03800,2025-08-09,,Standard,Australia,28,49,Credit Card,Referral,Monthly,2,12.27,37,0,Active,588
C03801,2024-06-06,,Basic,Germany,39,19,Credit Card,Email,Monthly,1,8.0,1,0,Active,228
C03802,2025-10-25,,Basic,Canada,27,19,Credit Card,Social Media,Annual,4,18.3,18,0,Active,228
C03803,2025-11-04,,Standard,Germany,31,49,Credit Card,Organic Search,Annual,3,18.82,10,0,Active,588
C03804,2025-04-29,,Basic,Germany,53,19,Credit Card,Social Media,Monthly,5,5.0,8,0,Active,228
C03805,2025-05-28,2025-08-10,Basic,United States,26,19,PayPal,Email,Annual,4,16.77,14,1,Churned,228
C03806,2026-04-28,,Standard,Germany,41,49,Debit Card,Partner,Monthly,4,0.0,19,0,Active,588
C03807,2024-06-23,,Basic,Australia,45,19,UPI,Referral,Monthly,3,20.54,7,0,Active,228
C03808,2025-03-19,,Basic,United Kingdom,46,19,UPI,Referral,Monthly,0,21.78,4,0,Active,228
C03809,2024-12-04,,Basic,Germany,61,19,UPI,Social Media,Monthly,2,13.9,9,0,Active,228
C03810,2024-09-20,,Premium,Australia,31,99,Debit Card,Referral,Monthly,2,12.42,20,0,Active,1188
C03811,2025-05-25,,Premium,United States,54,99,PayPal,Paid Search,Annual,2,8.22,18,0,Active,1188
C03812,2024-11-18,,Premium,Australia,44,99,PayPal,Partner,Monthly,4,15.33,11,0,Active,1188
C03813,2025-04-07,,Premium,United Kingdom,54,99,Credit Card,Social Media,Annual,4,9.5,7,0,Active,1188
C03814,2025-03-13,,Standard,Germany,42,49,Debit Card,Email,Monthly,3,9.63,13,0,Active,588
C03815,2026-02-11,,Basic,United Kingdom,44,19,UPI,Referral,Monthly,2,6.1,19,0,Active,228
C03816,2025-02-04,,Premium,Canada,30,99,Debit Card,Social Media,Annual,4,15.28,27,0,Active,1188
C03817,2024-03-18,,Standard,United Kingdom,63,49,Credit Card,Referral,Monthly,1,6.68,16,0,Active,588
C03818,2025-10-26,,Premium,United Kingdom,59,99,Debit Card,Partner,Monthly,2,10.75,9,0,Active,1188
C03819,2024-03-09,,Basic,United Kingdom,44,19,UPI,Paid Search,Monthly,0,2.74,27,0,Active,228
C03820,2026-06-13,,Standard,United Kingdom,49,49,PayPal,Social Media,Monthly,5,7.35,24,0,Active,588
C03821,2024-06-08,,Premium,Germany,27,99,UPI,Social Media,Monthly,3,9.22,11,0,Active,1188
C03822,2024-07-23,,Premium,India,33,99,PayPal,Email,Annual,1,9.56,1,0,Active,1188
C03823,2025-01-23,,Premium,United States,58,99,Debit Card,Organic Search,Monthly,3,7.59,17,0,Active,1188
C03824,2025-04-07,,Basic,Canada,63,19,PayPal,Organic Search,Monthly,0,7.65,11,0,Active,228
C03825,2025-07-27,,Premium,Australia,39,99,Debit Card,Email,Monthly,4,22.44,14,0,Active,1188
C03826,2025-12-04,2025-12-31,Standard,United Kingdom,43,49,Debit Card,Organic Search,Annual,7,9.37,22,1,Churned,588
C03827,2025-04-14,2025-11-24,Standard,Germany,37,49,Credit Card,Referral,Monthly,2,18.59,23,1,Churned,588
C03828,2025-08-02,,Basic,India,36,19,UPI,Organic Search,Annual,0,10.43,1,0,Active,228
C03829,2024-07-12,2025-05-02,Standard,Germany,41,49,PayPal,Paid Search,Monthly,1,12.22,5,1,Churned,588
C03830,2026-06-14,,Standard,Australia,45,49,UPI,Email,Annual,3,13.46,14,0,Active,588
C03831,2024-05-17,2024-11-18,Premium,India,61,99,Credit Card,Social Media,Monthly,1,15.14,8,1,Churned,1188
C03832,2024-05-16,,Standard,United Kingdom,48,49,PayPal,Social Media,Annual,4,18.23,31,0,Active,588
C03833,2024-03-20,2025-07-02,Standard,India,51,49,Debit Card,Referral,Monthly,3,15.07,11,1,Churned,588
C03834,2025-03-02,,Basic,United Kingdom,54,19,Debit Card,Referral,Monthly,1,11.66,1,0,Active,228
C03835,2024-05-26,,Basic,Australia,32,19,Debit Card,Social Media,Monthly,3,10.16,13,0,Active,228
C03836,2025-01-23,,Basic,United Kingdom,41,19,PayPal,Email,Monthly,1,16.75,3,0,Active,228
C03837,2025-02-06,2025-11-05,Basic,United Kingdom,63,19,UPI,Email,Monthly,2,0.0,14,1,Churned,228
C03838,2024-04-03,,Basic,United Kingdom,59,19,Debit Card,Social Media,Annual,1,11.14,30,0,Active,228
C03839,2026-04-11,,Standard,Germany,57,49,Debit Card,Email,Annual,2,10.76,21,0,Active,588
C03840,2024-08-01,,Basic,United Kingdom,62,19,UPI,Social Media,Monthly,3,21.71,5,0,Active,228
C03841,2024-04-06,,Basic,Canada,33,19,PayPal,Partner,Monthly,3,9.29,8,0,Active,228
C03842,2024-02-23,,Basic,United Kingdom,28,19,Credit Card,Social Media,Annual,1,11.88,17,0,Active,228
C03843,2025-08-04,,Premium,United States,50,99,PayPal,Email,Monthly,6,8.83,18,0,Active,1188
C03844,2025-10-14,,Standard,India,46,49,Debit Card,Paid Search,Monthly,1,9.65,7,0,Active,588
C03845,2024-08-20,,Premium,India,44,99,Credit Card,Organic Search,Annual,3,8.52,3,0,Active,1188
C03846,2025-03-11,,Basic,United States,23,19,UPI,Referral,Monthly,0,13.21,14,0,Active,228
C03847,2026-01-02,,Standard,United Kingdom,34,49,PayPal,Paid Search,Monthly,0,10.81,8,0,Active,588
C03848,2024-11-26,,Basic,Canada,24,19,Debit Card,Paid Search,Annual,2,6.29,17,0,Active,228
C03849,2026-06-06,,Basic,Germany,48,19,UPI,Organic Search,Monthly,3,12.26,29,0,Active,228
C03850,2025-01-25,,Basic,United Kingdom,24,19,PayPal,Paid Search,Monthly,4,8.86,6,0,Active,228
C03851,2024-10-17,,Basic,Germany,45,19,Debit Card,Partner,Monthly,2,20.0,10,0,Active,228
C03852,2025-07-20,,Standard,Canada,39,49,Debit Card,Social Media,Monthly,0,18.19,1,0,Active,588
C03853,2024-06-12,,Basic,United Kingdom,27,19,Credit Card,Email,Monthly,5,14.73,32,0,Active,228
C03854,2025-06-11,,Standard,United Kingdom,52,49,Credit Card,Partner,Monthly,1,17.44,1,0,Active,588
C03855,2025-08-15,2025-11-21,Basic,India,51,19,PayPal,Email,Monthly,1,17.13,10,1,Churned,228
C03856,2024-11-18,,Standard,India,47,49,PayPal,Paid Search,Monthly,1,6.39,2,0,Active,588
C03857,2024-11-11,,Standard,India,36,49,Debit Card,Social Media,Annual,4,7.0,19,0,Active,588
C03858,2026-05-06,,Standard,Australia,40,49,Credit Card,Partner,Monthly,6,7.97,26,0,Active,588
C03859,2025-04-29,,Standard,Canada,59,49,Debit Card,Organic Search,Monthly,2,4.22,4,0,Active,588
C03860,2025-07-28,,Standard,Germany,31,49,Debit Card,Organic Search,Monthly,0,8.25,26,0,Active,588
C03861,2025-05-29,,Basic,Australia,61,19,UPI,Paid Search,Monthly,2,18.33,22,0,Active,228
C03862,2024-09-14,,Standard,Australia,59,49,UPI,Social Media,Annual,5,12.39,11,0,Active,588
C03863,2026-05-02,,Basic,Germany,24,19,UPI,Partner,Monthly,3,19.29,19,0,Active,228
C03864,2025-11-11,,Standard,India,63,49,Debit Card,Partner,Monthly,0,9.4,13,0,Active,588
C03865,2025-04-16,2025-11-13,Standard,United Kingdom,43,49,UPI,Partner,Monthly,3,6.86,8,1,Churned,588
C03866,2026-03-16,,Premium,Canada,24,99,UPI,Email,Monthly,1,1.35,8,0,Active,1188
C03867,2025-04-06,2025-07-07,Premium,Germany,42,99,Credit Card,Social Media,Monthly,0,17.75,21,1,Churned,1188
C03868,2025-06-20,,Standard,United States,61,49,UPI,Social Media,Monthly,1,12.98,12,0,Active,588
C03869,2026-03-05,,Basic,United States,27,19,Debit Card,Organic Search,Annual,2,3.12,16,0,Active,228
C03870,2026-01-30,,Standard,Canada,34,49,Debit Card,Social Media,Monthly,2,10.26,26,0,Active,588
C03871,2025-03-24,2025-10-22,Basic,Canada,18,19,UPI,Organic Search,Monthly,1,13.46,20,1,Churned,228
C03872,2025-01-22,2025-11-25,Basic,India,49,19,Credit Card,Social Media,Annual,2,17.95,17,1,Churned,228
C03873,2024-12-13,2025-10-18,Premium,India,46,99,UPI,Organic Search,Monthly,2,9.76,4,1,Churned,1188
C03874,2024-12-28,2025-02-09,Basic,United States,61,19,UPI,Social Media,Monthly,1,9.65,19,1,Churned,228
C03875,2025-12-10,,Standard,United Kingdom,60,49,UPI,Organic Search,Monthly,3,1.85,21,0,Active,588
C03876,2026-05-18,,Standard,Australia,55,49,Credit Card,Partner,Annual,6,17.94,4,0,Active,588
C03877,2024-09-18,,Standard,Germany,61,49,Credit Card,Paid Search,Annual,1,17.19,13,0,Active,588
C03878,2024-08-05,,Premium,United States,42,99,PayPal,Partner,Monthly,1,17.92,9,0,Active,1188
C03879,2025-06-27,,Standard,United States,26,49,Credit Card,Paid Search,Annual,1,11.77,26,0,Active,588
C03880,2026-04-06,2025-12-31,Standard,Germany,18,49,Credit Card,Paid Search,Monthly,1,9.51,17,1,Churned,588
C03881,2026-05-25,2025-12-31,Premium,India,45,99,Debit Card,Organic Search,Monthly,2,5.37,15,1,Churned,1188
C03882,2025-02-26,,Premium,United States,28,99,UPI,Social Media,Monthly,2,13.4,21,0,Active,1188
C03883,2025-03-03,,Premium,India,48,99,PayPal,Organic Search,Annual,2,11.84,24,0,Active,1188
C03884,2024-09-11,,Standard,Australia,50,49,Credit Card,Referral,Monthly,3,4.59,7,0,Active,588
C03885,2026-03-23,,Basic,United Kingdom,34,19,Debit Card,Partner,Annual,3,9.63,25,0,Active,228
C03886,2025-01-04,,Basic,Canada,34,19,PayPal,Email,Monthly,3,10.14,24,0,Active,228
C03887,2024-12-06,2025-11-12,Standard,United States,46,49,UPI,Social Media,Monthly,3,12.48,12,1,Churned,588
C03888,2025-03-10,,Standard,Canada,43,49,Credit Card,Email,Annual,1,18.41,17,0,Active,588
C03889,2024-11-06,2025-09-07,Basic,Germany,27,19,Debit Card,Paid Search,Annual,0,3.46,17,1,Churned,228
C03890,2025-12-19,,Standard,Germany,38,49,Debit Card,Email,Monthly,2,13.35,28,0,Active,588
C03891,2024-02-21,,Standard,Germany,24,49,UPI,Email,Monthly,0,22.78,19,0,Active,588
C03892,2025-04-03,,Premium,India,43,99,PayPal,Organic Search,Annual,3,9.52,17,0,Active,1188
C03893,2024-06-21,,Standard,Germany,46,49,Credit Card,Partner,Monthly,0,26.68,28,0,Active,588
C03894,2025-11-22,,Basic,Australia,32,19,UPI,Paid Search,Monthly,3,20.01,14,0,Active,228
C03895,2025-11-15,2025-12-15,Basic,Canada,35,19,PayPal,Partner,Monthly,4,16.77,1,1,Churned,228
C03896,2024-11-16,,Standard,Germany,31,49,Debit Card,Organic Search,Monthly,0,10.61,12,0,Active,588
C03897,2025-11-05,,Basic,United Kingdom,19,19,UPI,Referral,Monthly,5,2.64,7,0,Active,228
C03898,2025-09-25,,Basic,Germany,60,19,PayPal,Organic Search,Annual,4,21.0,10,0,Active,228
C03899,2025-10-20,,Basic,Germany,54,19,Debit Card,Email,Monthly,4,17.75,17,0,Active,228
C03900,2024-09-16,,Premium,United States,52,99,PayPal,Organic Search,Monthly,1,6.09,28,0,Active,1188
C03901,2024-02-28,,Standard,Canada,40,49,PayPal,Referral,Monthly,1,9.11,14,0,Active,588
C03902,2025-12-13,,Standard,Australia,18,49,Credit Card,Organic Search,Monthly,2,10.68,20,0,Active,588
C03903,2025-11-14,,Basic,Canada,54,19,PayPal,Organic Search,Monthly,2,15.86,14,0,Active,228
C03904,2025-12-25,,Standard,United Kingdom,30,49,PayPal,Referral,Monthly,0,10.75,9,0,Active,588
C03905,2024-12-21,2025-04-01,Basic,Australia,62,19,UPI,Social Media,Monthly,3,6.46,10,1,Churned,228
C03906,2025-10-02,2025-12-08,Standard,Germany,45,49,PayPal,Partner,Monthly,2,20.67,1,1,Churned,588
C03907,2024-06-13,,Basic,Germany,28,19,Credit Card,Paid Search,Monthly,3,12.41,14,0,Active,228
C03908,2025-10-15,2025-11-16,Basic,United Kingdom,25,19,Credit Card,Email,Annual,3,11.94,1,1,Churned,228
C03909,2025-09-17,,Standard,Germany,47,49,PayPal,Referral,Monthly,4,11.1,33,0,Active,588
C03910,2025-01-11,,Basic,Australia,37,19,UPI,Paid Search,Monthly,1,20.1,25,0,Active,228
C03911,2026-02-23,,Standard,United States,23,49,Credit Card,Referral,Monthly,4,13.38,12,0,Active,588
C03912,2024-11-14,,Basic,United Kingdom,18,19,UPI,Email,Annual,1,13.62,11,0,Active,228
C03913,2024-09-28,,Standard,India,49,49,Credit Card,Partner,Annual,1,4.37,29,0,Active,588
C03914,2024-09-25,,Standard,United States,24,49,PayPal,Paid Search,Monthly,0,6.34,1,0,Active,588
C03915,2024-07-27,,Basic,India,59,19,Debit Card,Organic Search,Monthly,2,10.01,20,0,Active,228
C03916,2025-08-06,,Basic,Germany,23,19,Debit Card,Organic Search,Monthly,1,5.63,7,0,Active,228
C03917,2024-03-29,,Standard,United Kingdom,31,49,UPI,Social Media,Monthly,1,12.54,6,0,Active,588
C03918,2024-03-26,,Basic,United States,40,19,PayPal,Social Media,Monthly,3,12.68,25,0,Active,228
C03919,2025-03-05,,Basic,Canada,46,19,Credit Card,Referral,Monthly,4,5.42,4,0,Active,228
C03920,2025-09-07,,Basic,Australia,22,19,PayPal,Email,Monthly,3,11.91,18,0,Active,228
C03921,2025-01-16,,Basic,United Kingdom,41,19,PayPal,Referral,Monthly,1,16.52,19,0,Active,228
C03922,2025-06-23,2025-09-28,Standard,India,35,49,Debit Card,Social Media,Monthly,0,14.84,9,1,Churned,588
C03923,2026-01-16,,Standard,United Kingdom,19,49,Debit Card,Social Media,Monthly,2,13.85,27,0,Active,588
C03924,2026-02-19,,Basic,Australia,29,19,Credit Card,Organic Search,Annual,3,3.06,22,0,Active,228
C03925,2024-08-26,2025-03-14,Standard,India,46,49,Debit Card,Organic Search,Monthly,0,17.25,11,1,Churned,588
C03926,2026-06-12,2025-12-31,Premium,Australia,36,99,PayPal,Referral,Monthly,0,22.79,30,1,Churned,1188
C03927,2025-02-17,,Standard,United Kingdom,41,49,Credit Card,Referral,Monthly,3,13.49,10,0,Active,588
C03928,2024-08-19,,Basic,India,22,19,UPI,Social Media,Monthly,2,8.77,11,0,Active,228
C03929,2026-05-13,,Standard,Germany,23,49,Credit Card,Partner,Monthly,5,8.6,14,0,Active,588
C03930,2024-09-23,,Premium,Germany,53,99,UPI,Organic Search,Annual,0,15.74,3,0,Active,1188
C03931,2026-01-12,,Premium,Canada,57,99,Credit Card,Partner,Monthly,0,12.75,13,0,Active,1188
C03932,2024-04-23,,Premium,India,60,99,Credit Card,Email,Monthly,2,19.67,9,0,Active,1188
C03933,2025-03-29,,Premium,Canada,64,99,UPI,Paid Search,Monthly,3,13.86,22,0,Active,1188
C03934,2024-10-12,,Premium,Germany,59,99,Debit Card,Referral,Annual,1,12.8,21,0,Active,1188
C03935,2024-03-30,,Basic,United Kingdom,61,19,Debit Card,Email,Monthly,6,1.55,24,0,Active,228
C03936,2025-10-05,,Standard,India,37,49,Debit Card,Referral,Annual,4,13.78,16,0,Active,588
C03937,2025-01-26,,Premium,United States,22,99,Debit Card,Organic Search,Monthly,4,19.16,19,0,Active,1188
C03938,2025-01-24,,Basic,Australia,38,19,Debit Card,Email,Monthly,3,21.75,5,0,Active,228
C03939,2025-01-01,2025-03-21,Premium,United Kingdom,22,99,PayPal,Referral,Monthly,5,16.57,8,1,Churned,1188
C03940,2024-10-25,,Basic,India,39,19,PayPal,Paid Search,Annual,3,13.47,16,0,Active,228
C03941,2025-10-05,,Premium,Germany,20,99,Debit Card,Organic Search,Annual,3,12.59,4,0,Active,1188
C03942,2024-05-15,2025-05-19,Basic,India,49,19,Debit Card,Organic Search,Annual,0,14.1,25,1,Churned,228
C03943,2025-06-02,,Basic,United Kingdom,39,19,UPI,Organic Search,Monthly,1,13.97,2,0,Active,228
C03944,2025-12-21,,Premium,Australia,29,99,UPI,Paid Search,Annual,3,12.29,26,0,Active,1188
C03945,2026-01-21,,Standard,United States,29,49,UPI,Email,Monthly,1,15.33,1,0,Active,588
C03946,2024-06-21,,Basic,Canada,58,19,UPI,Organic Search,Annual,6,20.09,1,0,Active,228
C03947,2025-11-24,2025-12-24,Basic,India,18,19,Credit Card,Referral,Monthly,2,6.24,38,1,Churned,228
C03948,2026-03-14,,Premium,United Kingdom,63,99,Credit Card,Referral,Annual,3,9.44,19,0,Active,1188
C03949,2026-05-29,,Premium,India,36,99,Credit Card,Social Media,Monthly,3,11.16,1,0,Active,1188
C03950,2024-05-09,,Basic,United States,23,19,Debit Card,Partner,Annual,2,16.31,11,0,Active,228
C03951,2024-06-10,2025-06-30,Premium,Canada,44,99,Debit Card,Social Media,Monthly,3,8.39,5,1,Churned,1188
C03952,2024-10-03,,Basic,Canada,34,19,Debit Card,Organic Search,Monthly,1,15.82,12,0,Active,228
C03953,2024-12-19,,Standard,Australia,63,49,Credit Card,Paid Search,Annual,4,10.85,7,0,Active,588
C03954,2025-08-06,2025-11-10,Basic,Germany,36,19,UPI,Partner,Monthly,1,7.22,13,1,Churned,228
C03955,2025-07-29,,Standard,United Kingdom,39,49,Credit Card,Email,Monthly,3,13.22,5,0,Active,588
C03956,2024-04-19,,Premium,Germany,18,99,PayPal,Partner,Annual,0,12.32,27,0,Active,1188
C03957,2025-09-17,,Standard,United Kingdom,24,49,PayPal,Organic Search,Annual,2,11.17,26,0,Active,588
C03958,2026-01-14,,Basic,Canada,50,19,PayPal,Referral,Annual,2,5.93,21,0,Active,228
C03959,2024-03-23,,Premium,United Kingdom,42,99,UPI,Email,Monthly,2,13.82,17,0,Active,1188
C03960,2024-02-24,2025-10-19,Basic,Australia,19,19,Debit Card,Paid Search,Monthly,2,0.38,17,1,Churned,228
C03961,2025-04-23,,Basic,India,30,19,Credit Card,Partner,Annual,3,4.94,23,0,Active,228
C03962,2025-06-10,,Standard,Australia,23,49,Debit Card,Referral,Monthly,2,9.36,8,0,Active,588
C03963,2025-11-06,2025-12-06,Premium,Australia,61,99,PayPal,Organic Search,Monthly,0,12.18,15,1,Churned,1188
C03964,2025-11-25,2025-12-25,Basic,Australia,27,19,UPI,Referral,Monthly,3,7.67,22,1,Churned,228
C03965,2026-02-01,2025-12-31,Standard,Canada,38,49,UPI,Referral,Monthly,1,16.95,1,1,Churned,588
C03966,2025-12-24,,Basic,Canada,46,19,Credit Card,Social Media,Monthly,1,9.7,34,0,Active,228
C03967,2025-02-11,,Basic,Germany,41,19,Credit Card,Social Media,Monthly,3,25.02,22,0,Active,228
C03968,2025-04-17,,Basic,United Kingdom,40,19,Debit Card,Organic Search,Monthly,1,13.55,15,0,Active,228
C03969,2025-11-12,,Premium,United Kingdom,19,99,PayPal,Social Media,Monthly,0,17.93,13,0,Active,1188
C03970,2024-05-13,,Basic,United Kingdom,39,19,PayPal,Organic Search,Monthly,2,9.87,1,0,Active,228
C03971,2025-04-10,,Premium,India,61,99,PayPal,Social Media,Monthly,4,6.62,11,0,Active,1188
C03972,2024-09-01,,Basic,Canada,47,19,UPI,Referral,Monthly,5,8.21,21,0,Active,228
C03973,2025-07-25,,Premium,India,37,99,Credit Card,Social Media,Monthly,1,0.0,10,0,Active,1188
C03974,2025-10-11,,Premium,Germany,53,99,UPI,Paid Search,Monthly,1,3.31,26,0,Active,1188
C03975,2024-10-27,,Standard,United Kingdom,23,49,Debit Card,Referral,Annual,1,13.7,1,0,Active,588
C03976,2024-06-26,,Premium,Germany,63,99,PayPal,Partner,Monthly,2,11.38,13,0,Active,1188
C03977,2024-06-03,2024-08-16,Premium,United States,42,99,Debit Card,Organic Search,Monthly,0,15.52,11,1,Churned,1188
C03978,2025-01-29,,Premium,Germany,18,99,PayPal,Social Media,Monthly,2,8.93,8,0,Active,1188
C03979,2024-11-23,,Premium,United Kingdom,44,99,Debit Card,Organic Search,Annual,1,14.86,33,0,Active,1188
C03980,2025-01-16,,Standard,United Kingdom,41,49,PayPal,Partner,Annual,1,14.08,24,0,Active,588
C03981,2024-05-03,,Basic,Germany,24,19,UPI,Referral,Monthly,2,14.87,22,0,Active,228
C03982,2025-07-29,2025-12-13,Standard,India,62,49,Credit Card,Organic Search,Monthly,2,17.41,6,1,Churned,588
C03983,2024-12-31,,Standard,India,27,49,UPI,Referral,Annual,2,13.73,6,0,Active,588
C03984,2026-02-08,,Basic,Australia,60,19,Credit Card,Referral,Monthly,3,6.91,20,0,Active,228
C03985,2025-09-27,2025-11-28,Basic,United States,28,19,PayPal,Organic Search,Annual,2,7.53,11,1,Churned,228
C03986,2024-09-07,,Standard,United Kingdom,32,49,Credit Card,Referral,Monthly,0,14.55,21,0,Active,588
C03987,2025-01-12,,Basic,United Kingdom,42,19,UPI,Email,Annual,3,13.19,5,0,Active,228
C03988,2024-06-23,,Basic,United Kingdom,56,19,Credit Card,Paid Search,Monthly,1,13.98,30,0,Active,228
C03989,2026-04-09,,Basic,United Kingdom,28,19,PayPal,Referral,Monthly,1,0.72,14,0,Active,228
C03990,2026-02-05,,Standard,Australia,57,49,Debit Card,Organic Search,Monthly,4,11.28,1,0,Active,588
C03991,2026-04-22,,Standard,India,41,49,PayPal,Paid Search,Monthly,3,3.59,2,0,Active,588
C03992,2026-01-11,2025-12-31,Standard,Canada,28,49,PayPal,Paid Search,Monthly,0,12.6,1,1,Churned,588
C03993,2025-08-22,,Standard,United Kingdom,47,49,Credit Card,Paid Search,Monthly,1,10.91,31,0,Active,588
C03994,2024-07-20,,Premium,United States,30,99,Credit Card,Paid Search,Annual,1,14.18,33,0,Active,1188
C03995,2025-01-05,2025-08-02,Basic,India,35,19,Debit Card,Partner,Monthly,3,2.36,24,1,Churned,228
C03996,2024-09-12,,Premium,United States,24,99,UPI,Partner,Monthly,1,18.42,26,0,Active,1188
C03997,2025-04-19,2025-05-23,Basic,Germany,43,19,UPI,Paid Search,Monthly,1,12.45,13,1,Churned,228
C03998,2025-10-06,,Standard,United Kingdom,35,49,UPI,Organic Search,Monthly,3,14.41,7,0,Active,588
C03999,2024-02-27,,Standard,United States,34,49,UPI,Partner,Monthly,4,3.17,25,0,Active,588
C04000,2025-01-16,,Basic,India,45,19,Debit Card,Paid Search,Monthly,3,15.38,13,0,Active,228
C04001,2024-09-14,,Standard,Canada,19,49,Credit Card,Paid Search,Monthly,4,14.03,23,0,Active,588
C04002,2024-02-27,2025-05-07,Basic,United Kingdom,44,19,PayPal,Paid Search,Monthly,1,10.09,21,1,Churned,228
C04003,2025-03-06,,Basic,United Kingdom,34,19,Debit Card,Email,Monthly,2,15.26,30,0,Active,228
C04004,2025-01-07,,Premium,Canada,24,99,Debit Card,Referral,Monthly,1,17.07,17,0,Active,1188
C04005,2025-06-13,,Standard,India,32,49,Credit Card,Organic Search,Monthly,1,15.35,3,0,Active,588
C04006,2026-04-18,,Standard,Germany,29,49,Debit Card,Partner,Annual,2,10.04,8,0,Active,588
C04007,2026-05-11,,Standard,United Kingdom,38,49,PayPal,Organic Search,Monthly,3,4.78,15,0,Active,588
C04008,2024-06-04,,Basic,India,47,19,UPI,Paid Search,Monthly,0,18.23,23,0,Active,228
C04009,2024-10-29,,Standard,India,25,49,UPI,Referral,Annual,0,10.3,25,0,Active,588
C04010,2025-03-19,2025-08-01,Basic,Germany,29,19,Credit Card,Social Media,Annual,2,5.72,14,1,Churned,228
C04011,2025-02-27,,Premium,Germany,43,99,UPI,Social Media,Monthly,3,22.08,12,0,Active,1188
C04012,2026-02-06,,Premium,United States,53,99,PayPal,Paid Search,Monthly,0,3.44,26,0,Active,1188
C04013,2025-07-21,,Basic,United States,28,19,Debit Card,Partner,Annual,0,9.71,29,0,Active,228
C04014,2024-10-10,,Premium,Germany,54,99,Debit Card,Partner,Monthly,2,15.4,5,0,Active,1188
C04015,2026-03-14,2025-12-31,Basic,Australia,40,19,Credit Card,Email,Annual,2,6.54,13,1,Churned,228
C04016,2024-10-21,,Standard,India,31,49,Debit Card,Email,Monthly,1,13.12,10,0,Active,588
C04017,2024-10-31,2025-12-09,Basic,United States,52,19,UPI,Social Media,Monthly,0,5.92,18,1,Churned,228
C04018,2025-06-03,,Standard,Canada,39,49,UPI,Partner,Monthly,0,19.27,9,0,Active,588
C04019,2024-04-08,,Standard,Germany,45,49,UPI,Paid Search,Monthly,1,9.6,19,0,Active,588
C04020,2024-12-27,,Standard,Germany,62,49,PayPal,Paid Search,Annual,1,9.59,9,0,Active,588
C04021,2026-04-13,,Basic,United States,18,19,PayPal,Partner,Monthly,2,1.95,23,0,Active,228
C04022,2025-06-14,,Premium,Canada,63,99,Debit Card,Email,Annual,3,13.26,30,0,Active,1188
C04023,2024-11-04,,Premium,United States,26,99,UPI,Social Media,Monthly,3,15.62,6,0,Active,1188
C04024,2025-06-21,,Premium,Germany,31,99,UPI,Paid Search,Annual,2,10.39,38,0,Active,1188
C04025,2024-09-15,,Standard,Germany,26,49,Debit Card,Email,Monthly,3,14.76,27,0,Active,588
C04026,2026-04-20,,Premium,Germany,64,99,UPI,Social Media,Monthly,0,11.61,10,0,Active,1188
C04027,2025-11-03,2025-12-03,Basic,Canada,34,19,Credit Card,Partner,Monthly,4,15.44,7,1,Churned,228
C04028,2026-06-02,2025-12-31,Basic,United Kingdom,44,19,PayPal,Social Media,Monthly,1,13.97,14,1,Churned,228
C04029,2024-06-09,2025-10-11,Basic,Canada,34,19,Credit Card,Organic Search,Monthly,2,13.53,33,1,Churned,228
C04030,2026-02-16,,Basic,Australia,57,19,Debit Card,Partner,Monthly,0,9.46,1,0,Active,228
C04031,2024-06-10,,Standard,Canada,28,49,UPI,Referral,Monthly,4,11.31,1,0,Active,588
C04032,2026-06-08,,Premium,Australia,27,99,Credit Card,Referral,Monthly,1,3.73,2,0,Active,1188
C04033,2024-08-07,,Basic,Germany,49,19,Credit Card,Referral,Annual,1,14.36,6,0,Active,228
C04034,2024-07-18,2024-12-11,Premium,Australia,39,99,Debit Card,Paid Search,Monthly,1,14.36,24,1,Churned,1188
C04035,2025-10-10,,Premium,Australia,54,99,Credit Card,Referral,Monthly,3,11.02,28,0,Active,1188
C04036,2025-07-05,,Premium,Canada,43,99,PayPal,Organic Search,Monthly,0,18.61,5,0,Active,1188
C04037,2025-03-05,,Basic,United States,46,19,Credit Card,Social Media,Annual,0,16.61,8,0,Active,228
C04038,2026-02-28,,Standard,India,46,49,PayPal,Social Media,Monthly,1,15.1,1,0,Active,588
C04039,2024-07-26,,Basic,United States,57,19,UPI,Organic Search,Monthly,1,18.32,1,0,Active,228
C04040,2025-04-07,,Standard,Germany,44,49,Debit Card,Referral,Monthly,1,10.37,18,0,Active,588
C04041,2024-08-29,,Standard,United Kingdom,55,49,UPI,Paid Search,Annual,2,5.31,5,0,Active,588
C04042,2024-11-18,,Premium,United States,59,99,UPI,Social Media,Annual,2,9.5,19,0,Active,1188
C04043,2024-04-23,,Standard,United States,21,49,UPI,Email,Annual,1,3.55,9,0,Active,588
C04044,2024-04-18,,Basic,United Kingdom,38,19,Debit Card,Email,Monthly,2,11.99,36,0,Active,228
C04045,2025-01-06,,Premium,United Kingdom,30,99,UPI,Referral,Monthly,2,18.23,17,0,Active,1188
C04046,2026-01-01,,Standard,Canada,22,49,PayPal,Referral,Annual,4,4.67,16,0,Active,588
C04047,2026-03-12,,Standard,United Kingdom,32,49,Debit Card,Partner,Annual,3,7.02,36,0,Active,588
C04048,2026-02-04,,Basic,Canada,22,19,PayPal,Paid Search,Monthly,1,8.71,19,0,Active,228
C04049,2024-07-26,,Premium,Germany,40,99,PayPal,Social Media,Annual,3,12.55,28,0,Active,1188
C04050,2025-06-12,,Premium,United States,62,99,UPI,Social Media,Monthly,1,14.68,13,0,Active,1188
C04051,2025-06-25,,Basic,India,40,19,Credit Card,Organic Search,Annual,1,13.37,10,0,Active,228
C04052,2025-08-07,,Standard,India,61,49,Credit Card,Referral,Annual,3,14.69,21,0,Active,588
C04053,2026-03-30,,Standard,India,20,49,Debit Card,Paid Search,Monthly,5,17.12,16,0,Active,588
C04054,2025-06-19,2025-09-02,Standard,Canada,39,49,Debit Card,Referral,Monthly,2,15.02,8,1,Churned,588
C04055,2025-09-23,2025-12-07,Standard,United States,21,49,UPI,Email,Annual,3,12.41,23,1,Churned,588
C04056,2024-11-11,,Basic,United States,20,19,PayPal,Organic Search,Monthly,0,14.69,3,0,Active,228
C04057,2024-06-17,,Standard,Germany,42,49,Credit Card,Social Media,Annual,2,12.61,26,0,Active,588
C04058,2024-07-21,,Premium,Australia,33,99,Debit Card,Organic Search,Monthly,3,8.44,24,0,Active,1188
C04059,2024-03-11,,Basic,Germany,50,19,UPI,Partner,Monthly,1,9.17,22,0,Active,228
C04060,2024-05-02,,Standard,India,31,49,UPI,Referral,Monthly,1,14.68,19,0,Active,588
C04061,2025-07-17,,Premium,Germany,57,99,Credit Card,Organic Search,Monthly,2,9.34,10,0,Active,1188
C04062,2026-05-22,,Premium,United Kingdom,40,99,UPI,Organic Search,Annual,2,7.96,20,0,Active,1188
C04063,2025-03-28,,Standard,Australia,41,49,Debit Card,Organic Search,Monthly,1,11.62,4,0,Active,588
C04064,2025-10-31,,Basic,United Kingdom,35,19,Credit Card,Paid Search,Monthly,3,11.22,12,0,Active,228
C04065,2024-09-20,,Standard,Canada,54,49,Debit Card,Partner,Annual,3,5.51,16,0,Active,588
C04066,2024-06-28,,Standard,United Kingdom,35,49,PayPal,Paid Search,Annual,1,11.27,26,0,Active,588
C04067,2025-03-03,,Standard,Canada,29,49,Credit Card,Organic Search,Monthly,4,16.08,9,0,Active,588
C04068,2025-05-15,,Basic,Germany,61,19,PayPal,Partner,Annual,0,11.46,24,0,Active,228
C04069,2026-06-14,,Basic,India,42,19,UPI,Social Media,Monthly,2,18.86,2,0,Active,228
C04070,2024-10-06,,Premium,United Kingdom,57,99,Credit Card,Partner,Monthly,1,10.36,10,0,Active,1188
C04071,2025-10-19,,Basic,Canada,48,19,PayPal,Partner,Monthly,0,15.97,14,0,Active,228
C04072,2025-12-11,,Standard,Canada,29,49,UPI,Organic Search,Monthly,0,9.05,8,0,Active,588
C04073,2025-09-14,2025-12-09,Basic,United Kingdom,20,19,Debit Card,Paid Search,Monthly,2,19.34,34,1,Churned,228
C04074,2024-07-15,,Standard,Australia,36,49,PayPal,Social Media,Monthly,2,16.05,11,0,Active,588
C04075,2024-10-31,,Premium,Germany,60,99,Debit Card,Paid Search,Monthly,2,7.54,37,0,Active,1188
C04076,2026-02-22,,Premium,Canada,54,99,Debit Card,Organic Search,Monthly,0,16.54,20,0,Active,1188
C04077,2024-11-17,,Basic,Canada,51,19,Credit Card,Organic Search,Annual,1,8.85,25,0,Active,228
C04078,2025-08-28,,Basic,Australia,62,19,Debit Card,Organic Search,Annual,1,14.4,33,0,Active,228
C04079,2025-08-16,2025-10-18,Standard,United States,46,49,UPI,Social Media,Monthly,2,5.64,24,1,Churned,588
C04080,2024-04-02,,Basic,India,55,19,Debit Card,Email,Monthly,0,16.05,13,0,Active,228
C04081,2026-05-29,2025-12-31,Premium,United States,48,99,UPI,Email,Monthly,1,24.38,3,1,Churned,1188
C04082,2026-02-09,,Premium,United Kingdom,18,99,PayPal,Social Media,Monthly,2,17.33,35,0,Active,1188
C04083,2024-11-19,,Basic,United States,35,19,PayPal,Social Media,Annual,2,14.26,5,0,Active,228
C04084,2025-11-18,,Basic,United Kingdom,44,19,Credit Card,Referral,Annual,1,12.91,6,0,Active,228
C04085,2025-11-17,,Standard,Germany,50,49,Credit Card,Social Media,Monthly,2,12.2,3,0,Active,588
C04086,2025-08-24,2025-11-18,Basic,Germany,63,19,PayPal,Social Media,Monthly,1,7.92,31,1,Churned,228
C04087,2025-05-21,,Premium,Canada,61,99,PayPal,Partner,Monthly,0,13.08,32,0,Active,1188
C04088,2025-08-22,2025-12-18,Basic,Canada,59,19,Credit Card,Email,Monthly,3,19.78,19,1,Churned,228
C04089,2025-10-25,,Premium,Germany,46,99,Debit Card,Partner,Annual,1,8.18,7,0,Active,1188
C04090,2025-08-22,,Standard,Germany,62,49,Debit Card,Email,Annual,2,10.67,15,0,Active,588
C04091,2026-03-08,,Standard,Canada,28,49,Credit Card,Partner,Monthly,0,10.56,14,0,Active,588
C04092,2024-08-19,2025-07-15,Basic,Australia,40,19,Debit Card,Partner,Monthly,2,7.93,12,1,Churned,228
C04093,2024-06-29,,Standard,United Kingdom,46,49,PayPal,Partner,Monthly,1,22.43,11,0,Active,588
C04094,2026-05-26,,Premium,United Kingdom,59,99,Debit Card,Partner,Monthly,2,13.09,7,0,Active,1188
C04095,2024-05-22,,Basic,United Kingdom,55,19,PayPal,Organic Search,Monthly,2,13.53,20,0,Active,228
C04096,2025-01-25,,Basic,Germany,42,19,PayPal,Social Media,Annual,1,16.93,18,0,Active,228
C04097,2024-07-21,,Basic,India,40,19,PayPal,Email,Annual,0,13.8,22,0,Active,228
C04098,2025-01-04,,Standard,Germany,41,49,UPI,Email,Monthly,5,10.61,6,0,Active,588
C04099,2025-12-10,,Basic,India,37,19,UPI,Social Media,Annual,3,18.93,17,0,Active,228
C04100,2025-09-08,,Standard,Canada,26,49,Credit Card,Organic Search,Annual,0,12.57,21,0,Active,588
C04101,2024-06-20,,Premium,United States,63,99,UPI,Referral,Monthly,2,16.51,26,0,Active,1188
C04102,2025-05-27,,Standard,United States,18,49,Credit Card,Email,Monthly,2,14.87,30,0,Active,588
C04103,2024-09-03,,Premium,Australia,52,99,Credit Card,Referral,Monthly,3,9.36,24,0,Active,1188
C04104,2024-05-21,,Standard,Canada,32,49,Credit Card,Social Media,Monthly,4,7.6,9,0,Active,588
C04105,2025-02-24,,Standard,United Kingdom,42,49,PayPal,Paid Search,Monthly,3,8.74,32,0,Active,588
C04106,2024-10-31,,Basic,Germany,36,19,Debit Card,Paid Search,Annual,2,13.08,21,0,Active,228
C04107,2025-10-20,2025-12-14,Basic,Germany,63,19,Debit Card,Organic Search,Monthly,3,12.25,1,1,Churned,228
C04108,2024-11-07,,Standard,United Kingdom,30,49,Credit Card,Organic Search,Annual,2,6.46,20,0,Active,588
C04109,2026-06-18,,Standard,Australia,50,49,PayPal,Referral,Annual,0,10.11,25,0,Active,588
C04110,2026-06-09,,Premium,Canada,36,99,Debit Card,Referral,Monthly,1,13.34,1,0,Active,1188
C04111,2024-12-10,,Premium,United States,45,99,Credit Card,Referral,Annual,2,16.41,25,0,Active,1188
C04112,2026-05-06,,Basic,Germany,46,19,PayPal,Paid Search,Monthly,3,13.22,16,0,Active,228
C04113,2024-03-15,,Premium,United States,26,99,Debit Card,Organic Search,Monthly,2,25.6,10,0,Active,1188
C04114,2026-05-04,,Basic,Australia,25,19,Credit Card,Partner,Annual,1,12.31,23,0,Active,228
C04115,2025-12-06,,Basic,Canada,30,19,Debit Card,Organic Search,Monthly,1,10.83,26,0,Active,228
C04116,2026-03-09,,Standard,Australia,59,49,Credit Card,Paid Search,Annual,5,16.38,8,0,Active,588
C04117,2026-04-17,,Standard,Germany,18,49,Debit Card,Email,Annual,1,7.68,28,0,Active,588
C04118,2024-10-21,2025-09-25,Standard,Canada,29,49,Credit Card,Paid Search,Monthly,1,15.0,33,1,Churned,588
C04119,2026-02-22,,Basic,United Kingdom,41,19,PayPal,Organic Search,Monthly,2,18.2,27,0,Active,228
C04120,2026-01-24,,Basic,Australia,33,19,Debit Card,Organic Search,Monthly,0,14.68,13,0,Active,228
C04121,2026-05-30,,Premium,Germany,25,99,Credit Card,Partner,Monthly,2,0.41,6,0,Active,1188
C04122,2024-05-15,,Standard,Canada,20,49,Credit Card,Referral,Monthly,2,17.46,27,0,Active,588
C04123,2026-06-06,,Premium,Canada,20,99,Credit Card,Referral,Monthly,3,14.16,1,0,Active,1188
C04124,2024-08-31,,Standard,Germany,29,49,Debit Card,Referral,Monthly,2,9.59,23,0,Active,588
C04125,2024-08-16,,Basic,Australia,26,19,UPI,Referral,Annual,3,14.7,23,0,Active,228
C04126,2024-11-21,,Basic,India,42,19,UPI,Paid Search,Monthly,2,15.5,22,0,Active,228
C04127,2024-02-29,,Basic,Germany,27,19,Debit Card,Email,Monthly,3,9.17,13,0,Active,228
C04128,2026-03-22,,Basic,United Kingdom,42,19,PayPal,Partner,Annual,3,0.49,21,0,Active,228
C04129,2025-08-11,2025-09-26,Premium,Germany,63,99,Credit Card,Referral,Monthly,3,7.67,26,1,Churned,1188
C04130,2026-05-22,,Standard,Germany,62,49,Credit Card,Partner,Monthly,3,14.22,9,0,Active,588
C04131,2025-03-25,,Premium,United Kingdom,55,99,PayPal,Social Media,Annual,1,6.6,21,0,Active,1188
C04132,2026-05-10,,Premium,Germany,53,99,PayPal,Organic Search,Monthly,2,10.35,13,0,Active,1188
C04133,2025-02-15,,Standard,Canada,28,49,UPI,Partner,Annual,2,14.28,23,0,Active,588
C04134,2024-04-01,,Basic,Canada,43,19,PayPal,Paid Search,Monthly,1,13.17,9,0,Active,228
C04135,2025-07-11,2025-09-14,Basic,Germany,27,19,Debit Card,Social Media,Monthly,2,23.27,19,1,Churned,228
C04136,2024-03-08,,Basic,Australia,37,19,Credit Card,Organic Search,Annual,4,6.01,15,0,Active,228
C04137,2025-01-09,2025-09-05,Standard,Germany,18,49,Credit Card,Paid Search,Monthly,1,5.33,26,1,Churned,588
C04138,2026-06-06,,Basic,United Kingdom,39,19,UPI,Paid Search,Monthly,2,12.75,20,0,Active,228
C04139,2026-03-15,,Basic,Germany,47,19,Debit Card,Paid Search,Monthly,1,14.75,18,0,Active,228
C04140,2024-04-02,,Standard,Germany,33,49,UPI,Social Media,Monthly,1,10.18,2,0,Active,588
C04141,2025-09-29,,Basic,India,53,19,Credit Card,Referral,Monthly,1,12.19,1,0,Active,228
C04142,2024-09-26,,Standard,Australia,54,49,PayPal,Partner,Monthly,2,14.01,11,0,Active,588
C04143,2024-10-05,2025-04-21,Standard,India,31,49,Credit Card,Referral,Monthly,1,5.1,20,1,Churned,588
C04144,2025-01-20,2025-04-30,Basic,Germany,35,19,UPI,Partner,Monthly,3,3.29,18,1,Churned,228
C04145,2024-11-26,,Basic,Australia,54,19,UPI,Referral,Annual,1,21.04,13,0,Active,228
C04146,2024-04-02,,Basic,India,21,19,Debit Card,Referral,Monthly,2,9.78,1,0,Active,228
C04147,2025-07-09,,Standard,Germany,56,49,UPI,Email,Annual,5,19.31,15,0,Active,588
C04148,2025-06-18,,Standard,Germany,48,49,UPI,Social Media,Monthly,2,9.48,30,0,Active,588
C04149,2025-04-28,,Basic,United Kingdom,43,19,Debit Card,Social Media,Monthly,3,11.78,17,0,Active,228
C04150,2026-04-08,,Premium,United States,60,99,Credit Card,Social Media,Annual,4,18.39,6,0,Active,1188
C04151,2025-01-09,,Basic,Australia,29,19,Credit Card,Paid Search,Monthly,2,18.92,14,0,Active,228
C04152,2026-04-23,,Premium,Australia,57,99,Debit Card,Referral,Annual,2,21.87,39,0,Active,1188
C04153,2026-03-11,,Basic,India,39,19,Debit Card,Organic Search,Monthly,1,9.11,7,0,Active,228
C04154,2024-05-07,,Basic,Australia,19,19,Debit Card,Email,Monthly,2,9.43,25,0,Active,228
C04155,2025-06-14,2025-07-27,Premium,United States,43,99,UPI,Referral,Annual,0,24.51,21,1,Churned,1188
C04156,2024-02-25,,Premium,Australia,61,99,Debit Card,Email,Annual,3,11.46,16,0,Active,1188
C04157,2024-03-11,2024-09-12,Basic,Germany,64,19,UPI,Organic Search,Monthly,2,7.83,22,1,Churned,228
C04158,2025-09-24,,Premium,Germany,43,99,PayPal,Social Media,Annual,2,12.03,29,0,Active,1188
C04159,2025-10-05,,Premium,Canada,25,99,UPI,Social Media,Monthly,2,18.47,7,0,Active,1188
C04160,2024-12-05,,Premium,Germany,35,99,UPI,Email,Monthly,2,10.48,16,0,Active,1188
C04161,2026-01-26,,Standard,Canada,19,49,Debit Card,Email,Annual,2,13.96,16,0,Active,588
C04162,2024-09-05,,Premium,United Kingdom,27,99,Debit Card,Email,Monthly,2,6.91,15,0,Active,1188
C04163,2026-01-03,,Standard,Canada,26,49,Credit Card,Paid Search,Monthly,1,5.24,22,0,Active,588
C04164,2024-12-28,2025-08-10,Basic,Germany,36,19,Credit Card,Email,Annual,3,14.35,23,1,Churned,228
C04165,2025-08-20,,Premium,United Kingdom,24,99,PayPal,Email,Monthly,3,11.9,6,0,Active,1188
C04166,2024-03-17,,Premium,United Kingdom,28,99,Debit Card,Paid Search,Annual,1,15.46,7,0,Active,1188
C04167,2025-11-27,2025-12-27,Basic,Germany,28,19,Credit Card,Paid Search,Monthly,0,3.97,36,1,Churned,228
C04168,2026-03-24,,Premium,United States,51,99,Credit Card,Partner,Monthly,2,5.86,5,0,Active,1188
C04169,2025-04-30,,Premium,Canada,21,99,Credit Card,Paid Search,Monthly,2,12.0,28,0,Active,1188
C04170,2024-10-03,,Basic,Canada,36,19,PayPal,Referral,Monthly,3,9.05,24,0,Active,228
C04171,2024-06-22,,Standard,United States,60,49,Debit Card,Organic Search,Monthly,1,16.7,6,0,Active,588
C04172,2025-10-27,,Standard,Australia,60,49,Debit Card,Paid Search,Monthly,1,10.76,32,0,Active,588
C04173,2025-10-15,,Standard,India,57,49,UPI,Social Media,Monthly,1,15.81,13,0,Active,588
C04174,2025-08-15,2025-09-23,Standard,India,61,49,Debit Card,Paid Search,Monthly,3,4.19,18,1,Churned,588
C04175,2024-05-06,,Standard,Australia,31,49,UPI,Partner,Annual,3,21.11,12,0,Active,588
C04176,2024-07-30,2025-08-29,Standard,Germany,44,49,UPI,Social Media,Monthly,3,3.71,19,1,Churned,588
C04177,2024-05-07,,Premium,India,18,99,Debit Card,Referral,Annual,1,3.0,34,0,Active,1188
C04178,2024-08-31,2024-12-13,Basic,Germany,36,19,UPI,Organic Search,Monthly,2,19.64,18,1,Churned,228
C04179,2024-12-15,,Standard,United Kingdom,35,49,Debit Card,Social Media,Monthly,2,11.45,15,0,Active,588
C04180,2026-02-04,,Basic,Australia,62,19,Debit Card,Email,Annual,2,17.73,9,0,Active,228
C04181,2025-04-25,2025-10-02,Basic,Australia,50,19,UPI,Partner,Monthly,4,13.6,18,1,Churned,228
C04182,2024-10-18,,Basic,Canada,52,19,Credit Card,Referral,Monthly,1,13.33,1,0,Active,228
C04183,2025-03-15,,Standard,India,44,49,Credit Card,Partner,Monthly,3,15.49,6,0,Active,588
C04184,2025-04-12,,Standard,Australia,24,49,Credit Card,Social Media,Monthly,1,4.69,18,0,Active,588
C04185,2025-03-09,,Basic,United States,24,19,PayPal,Partner,Monthly,2,11.52,21,0,Active,228
C04186,2025-05-21,2025-08-27,Basic,Australia,62,19,Debit Card,Email,Monthly,1,10.97,22,1,Churned,228
C04187,2024-05-17,,Standard,Australia,43,49,PayPal,Partner,Monthly,3,18.38,9,0,Active,588
C04188,2024-07-04,,Standard,Germany,34,49,PayPal,Partner,Monthly,2,10.63,3,0,Active,588
C04189,2025-04-19,,Basic,United Kingdom,20,19,Debit Card,Social Media,Annual,2,12.22,15,0,Active,228
C04190,2025-01-24,,Premium,United States,53,99,PayPal,Email,Annual,1,9.51,1,0,Active,1188
C04191,2025-11-10,,Premium,Australia,23,99,Credit Card,Organic Search,Monthly,2,11.02,10,0,Active,1188
C04192,2025-07-17,,Basic,Australia,41,19,PayPal,Referral,Monthly,0,16.12,20,0,Active,228
C04193,2025-08-29,,Standard,Canada,40,49,PayPal,Partner,Annual,3,8.44,3,0,Active,588
C04194,2025-12-29,,Basic,United Kingdom,26,19,UPI,Paid Search,Monthly,1,10.18,17,0,Active,228
C04195,2024-08-16,2024-10-30,Basic,Australia,36,19,Credit Card,Referral,Monthly,3,14.86,26,1,Churned,228
C04196,2025-04-03,,Premium,United Kingdom,21,99,PayPal,Partner,Monthly,1,14.91,19,0,Active,1188
C04197,2025-05-19,2025-10-16,Basic,Canada,50,19,Debit Card,Referral,Monthly,1,13.08,14,1,Churned,228
C04198,2026-04-13,,Basic,Germany,56,19,UPI,Organic Search,Monthly,0,11.05,10,0,Active,228
C04199,2025-03-08,,Basic,Australia,29,19,Credit Card,Email,Monthly,1,11.66,14,0,Active,228
C04200,2024-09-29,,Standard,India,39,49,PayPal,Partner,Monthly,3,6.53,18,0,Active,588
C04201,2024-07-14,,Basic,India,51,19,Credit Card,Partner,Monthly,2,10.53,1,0,Active,228
C04202,2026-02-28,,Standard,United Kingdom,38,49,PayPal,Email,Annual,3,13.75,27,0,Active,588
C04203,2024-04-18,,Basic,India,61,19,Credit Card,Organic Search,Annual,1,14.47,15,0,Active,228
C04204,2024-09-06,,Basic,United Kingdom,59,19,PayPal,Paid Search,Monthly,2,15.66,18,0,Active,228
C04205,2024-08-02,,Basic,United States,57,19,Credit Card,Referral,Monthly,3,12.83,1,0,Active,228
C04206,2024-05-09,,Basic,Germany,64,19,Credit Card,Partner,Monthly,2,16.44,43,0,Active,228
C04207,2025-07-09,2025-08-31,Basic,India,56,19,UPI,Organic Search,Monthly,1,13.29,22,1,Churned,228
C04208,2025-09-18,,Basic,United States,63,19,Credit Card,Social Media,Annual,7,9.7,18,0,Active,228
C04209,2025-05-05,,Basic,Canada,41,19,Credit Card,Social Media,Monthly,2,0.0,23,0,Active,228
C04210,2026-01-11,2025-12-31,Basic,India,49,19,Credit Card,Email,Annual,1,14.71,20,1,Churned,228
C04211,2025-04-11,,Basic,Australia,60,19,Credit Card,Referral,Monthly,3,9.2,16,0,Active,228
C04212,2026-02-01,,Standard,Canada,55,49,UPI,Referral,Annual,2,2.12,22,0,Active,588
C04213,2026-01-01,,Basic,Australia,34,19,UPI,Referral,Annual,1,10.58,19,0,Active,228
C04214,2026-02-25,2025-12-31,Standard,Australia,51,49,PayPal,Paid Search,Monthly,4,1.52,1,1,Churned,588
C04215,2024-08-05,,Standard,United States,19,49,Debit Card,Organic Search,Annual,2,7.53,12,0,Active,588
C04216,2026-04-02,,Basic,India,33,19,Debit Card,Paid Search,Monthly,2,8.45,13,0,Active,228
C04217,2026-01-15,,Standard,India,52,49,PayPal,Partner,Annual,2,20.17,14,0,Active,588
C04218,2024-12-02,,Basic,India,36,19,Credit Card,Paid Search,Annual,0,20.72,21,0,Active,228
C04219,2024-03-20,2024-10-22,Basic,Australia,34,19,UPI,Organic Search,Annual,2,21.51,9,1,Churned,228
C04220,2025-06-02,,Premium,Germany,64,99,UPI,Email,Monthly,2,11.79,13,0,Active,1188
C04221,2026-03-31,,Standard,India,18,49,Credit Card,Referral,Monthly,3,17.65,1,0,Active,588
C04222,2025-10-18,,Premium,Germany,52,99,PayPal,Organic Search,Annual,3,4.83,25,0,Active,1188
C04223,2024-08-03,,Premium,United States,38,99,UPI,Referral,Annual,1,1.69,16,0,Active,1188
C04224,2025-02-16,2025-11-14,Basic,United States,33,19,PayPal,Partner,Annual,1,11.84,5,1,Churned,228
C04225,2025-04-08,2025-08-26,Standard,Australia,59,49,Debit Card,Email,Annual,6,9.92,11,1,Churned,588
C04226,2024-06-13,,Premium,Canada,33,99,Credit Card,Referral,Monthly,2,10.59,8,0,Active,1188
C04227,2024-08-18,2025-03-09,Standard,United Kingdom,38,49,Debit Card,Email,Monthly,1,4.73,38,1,Churned,588
C04228,2026-02-13,,Standard,Canada,24,49,UPI,Referral,Monthly,3,11.13,14,0,Active,588
C04229,2025-04-27,2025-06-26,Standard,United States,47,49,PayPal,Email,Monthly,4,3.99,14,1,Churned,588
C04230,2025-01-25,,Basic,Germany,28,19,PayPal,Social Media,Annual,2,6.2,17,0,Active,228
C04231,2024-09-09,,Basic,Canada,46,19,Debit Card,Referral,Annual,2,16.08,4,0,Active,228
C04232,2024-03-07,2025-06-29,Basic,India,50,19,Credit Card,Organic Search,Monthly,3,10.3,1,1,Churned,228
C04233,2026-01-12,,Standard,United States,45,49,UPI,Referral,Annual,1,10.62,16,0,Active,588
C04234,2025-03-09,2025-08-29,Premium,Germany,41,99,Debit Card,Organic Search,Monthly,1,13.77,17,1,Churned,1188
C04235,2025-10-12,,Premium,United Kingdom,55,99,PayPal,Social Media,Monthly,3,15.74,1,0,Active,1188
C04236,2025-08-07,,Standard,Australia,37,49,Credit Card,Organic Search,Monthly,3,17.45,24,0,Active,588
C04237,2024-04-30,2025-12-02,Standard,India,31,49,Credit Card,Referral,Monthly,2,5.26,31,1,Churned,588
C04238,2025-06-28,,Basic,Germany,25,19,UPI,Email,Monthly,1,19.21,16,0,Active,228
C04239,2025-08-03,,Basic,India,43,19,Debit Card,Organic Search,Annual,4,16.46,23,0,Active,228
C04240,2025-10-20,,Basic,United Kingdom,29,19,Debit Card,Referral,Monthly,1,11.66,6,0,Active,228
C04241,2024-05-14,,Premium,United States,55,99,Debit Card,Partner,Monthly,0,18.28,10,0,Active,1188
C04242,2025-05-21,,Premium,India,46,99,PayPal,Referral,Monthly,3,11.4,30,0,Active,1188
C04243,2024-08-06,,Basic,United Kingdom,26,19,PayPal,Organic Search,Annual,3,22.4,6,0,Active,228
C04244,2024-03-21,,Standard,Canada,40,49,Debit Card,Email,Monthly,3,16.29,18,0,Active,588
C04245,2024-06-15,,Basic,Germany,24,19,Debit Card,Paid Search,Monthly,1,19.89,10,0,Active,228
C04246,2026-05-23,,Standard,Canada,54,49,Debit Card,Partner,Monthly,4,11.19,17,0,Active,588
C04247,2026-03-08,,Standard,Canada,40,49,Credit Card,Social Media,Monthly,1,11.2,1,0,Active,588
C04248,2025-10-16,,Premium,Canada,24,99,UPI,Paid Search,Annual,2,11.44,22,0,Active,1188
C04249,2025-09-12,,Standard,United States,20,49,PayPal,Organic Search,Monthly,0,4.19,18,0,Active,588
C04250,2025-07-24,,Basic,India,45,19,Debit Card,Referral,Annual,3,9.83,25,0,Active,228
C04251,2024-08-30,2025-12-06,Basic,India,46,19,UPI,Organic Search,Monthly,3,12.04,22,1,Churned,228
C04252,2024-09-11,,Basic,India,37,19,Credit Card,Referral,Monthly,2,10.08,9,0,Active,228
C04253,2025-03-09,,Standard,United Kingdom,48,49,Debit Card,Paid Search,Monthly,2,10.18,17,0,Active,588
C04254,2024-08-26,2024-11-02,Standard,Canada,19,49,Debit Card,Social Media,Monthly,3,16.35,1,1,Churned,588
C04255,2025-01-28,,Standard,United States,29,49,Debit Card,Partner,Annual,2,3.41,6,0,Active,588
C04256,2026-01-23,,Premium,Australia,51,99,Debit Card,Organic Search,Monthly,2,4.37,2,0,Active,1188
C04257,2024-08-26,2024-12-26,Standard,United Kingdom,46,49,Debit Card,Paid Search,Monthly,3,14.05,20,1,Churned,588
C04258,2025-06-01,,Standard,India,43,49,Credit Card,Social Media,Annual,1,14.28,20,0,Active,588
C04259,2026-04-13,2025-12-31,Basic,United States,18,19,Credit Card,Email,Monthly,1,14.44,1,1,Churned,228
C04260,2024-04-19,,Standard,United States,35,49,Credit Card,Organic Search,Monthly,4,8.56,1,0,Active,588
C04261,2025-11-19,,Basic,Australia,25,19,Credit Card,Social Media,Monthly,0,11.88,21,0,Active,228
C04262,2024-05-12,2025-02-26,Basic,United Kingdom,40,19,UPI,Partner,Monthly,1,12.18,8,1,Churned,228
C04263,2024-09-06,,Basic,United Kingdom,25,19,PayPal,Partner,Annual,0,9.19,13,0,Active,228
C04264,2025-03-09,,Standard,Canada,43,49,Debit Card,Organic Search,Annual,1,3.84,17,0,Active,588
C04265,2025-07-22,,Basic,Australia,22,19,PayPal,Paid Search,Annual,3,14.29,14,0,Active,228
C04266,2026-05-21,,Basic,United Kingdom,50,19,PayPal,Organic Search,Monthly,2,12.39,17,0,Active,228
C04267,2024-09-26,2025-08-06,Standard,India,64,49,PayPal,Referral,Monthly,2,12.8,24,1,Churned,588
C04268,2024-11-26,,Standard,Germany,62,49,Debit Card,Paid Search,Monthly,2,19.98,23,0,Active,588
C04269,2025-01-11,,Premium,India,43,99,Debit Card,Email,Monthly,4,11.98,6,0,Active,1188
C04270,2025-11-03,,Standard,India,22,49,Debit Card,Referral,Monthly,1,15.98,8,0,Active,588
C04271,2026-05-03,,Standard,Canada,61,49,PayPal,Email,Monthly,3,14.14,20,0,Active,588
C04272,2026-05-16,2025-12-31,Basic,India,37,19,PayPal,Social Media,Monthly,3,5.83,14,1,Churned,228
C04273,2025-11-11,,Premium,United Kingdom,36,99,Debit Card,Referral,Monthly,0,10.68,1,0,Active,1188
C04274,2025-04-26,,Standard,India,60,49,Debit Card,Social Media,Monthly,2,14.26,30,0,Active,588
C04275,2026-06-11,,Premium,Australia,30,99,Debit Card,Referral,Monthly,2,14.14,8,0,Active,1188
C04276,2025-09-05,,Basic,Germany,29,19,UPI,Social Media,Monthly,2,16.56,19,0,Active,228
C04277,2025-08-09,,Basic,India,46,19,PayPal,Email,Annual,2,14.09,1,0,Active,228
C04278,2024-05-21,,Basic,United Kingdom,30,19,Credit Card,Social Media,Annual,2,8.55,12,0,Active,228
C04279,2024-08-27,,Standard,Canada,27,49,Credit Card,Social Media,Monthly,3,3.79,22,0,Active,588
C04280,2024-12-08,,Basic,Australia,53,19,Credit Card,Referral,Monthly,3,17.31,23,0,Active,228
C04281,2025-03-30,2025-10-26,Standard,Canada,43,49,Debit Card,Partner,Annual,0,15.44,10,1,Churned,588
C04282,2025-07-12,,Basic,India,24,19,UPI,Referral,Monthly,0,18.83,25,0,Active,228
C04283,2025-04-22,,Basic,United Kingdom,48,19,Debit Card,Paid Search,Annual,0,15.47,11,0,Active,228
C04284,2025-08-28,,Standard,Australia,58,49,Credit Card,Paid Search,Annual,3,11.55,3,0,Active,588
C04285,2024-04-16,,Standard,Germany,50,49,PayPal,Partner,Annual,4,5.81,26,0,Active,588
C04286,2025-08-15,,Premium,United States,56,99,Debit Card,Partner,Annual,2,16.57,19,0,Active,1188
C04287,2025-05-10,2025-10-31,Basic,India,60,19,Credit Card,Organic Search,Annual,1,20.26,28,1,Churned,228
C04288,2025-07-03,,Premium,Australia,42,99,Debit Card,Referral,Monthly,2,18.75,12,0,Active,1188
C04289,2025-02-12,,Standard,Germany,60,49,PayPal,Social Media,Annual,2,3.67,20,0,Active,588
C04290,2024-04-21,,Basic,United States,55,19,Debit Card,Partner,Annual,2,9.62,28,0,Active,228
C04291,2025-10-18,2025-11-17,Basic,United States,19,19,PayPal,Partner,Monthly,1,12.6,28,1,Churned,228
C04292,2026-06-10,,Premium,Canada,50,99,UPI,Referral,Monthly,2,8.69,24,0,Active,1188
C04293,2024-10-20,,Standard,United Kingdom,32,49,UPI,Paid Search,Monthly,5,10.47,14,0,Active,588
C04294,2026-05-30,,Basic,United States,23,19,Credit Card,Paid Search,Annual,5,11.53,19,0,Active,228
C04295,2026-03-10,,Basic,Australia,27,19,UPI,Email,Annual,1,13.91,15,0,Active,228
C04296,2025-08-31,,Standard,India,24,49,PayPal,Social Media,Monthly,6,15.57,6,0,Active,588
C04297,2025-02-23,,Standard,United States,44,49,Credit Card,Partner,Monthly,0,20.58,5,0,Active,588
C04298,2025-01-03,,Basic,Canada,40,19,UPI,Social Media,Monthly,4,3.5,26,0,Active,228
C04299,2025-08-10,,Basic,United States,21,19,UPI,Email,Annual,3,5.08,2,0,Active,228
C04300,2026-02-10,2025-12-31,Basic,Australia,48,19,UPI,Paid Search,Monthly,3,15.2,22,1,Churned,228
C04301,2025-05-19,,Basic,Germany,45,19,Debit Card,Social Media,Monthly,3,7.6,28,0,Active,228
C04302,2025-10-19,,Basic,India,18,19,UPI,Email,Monthly,2,12.0,9,0,Active,228
C04303,2024-12-31,,Basic,United Kingdom,21,19,UPI,Organic Search,Monthly,1,13.34,23,0,Active,228
C04304,2024-07-11,,Basic,India,20,19,UPI,Paid Search,Monthly,1,5.84,9,0,Active,228
C04305,2025-05-24,,Standard,United States,32,49,UPI,Social Media,Annual,1,12.63,4,0,Active,588
C04306,2025-01-02,,Premium,Australia,23,99,Credit Card,Paid Search,Monthly,3,10.08,33,0,Active,1188
C04307,2026-02-01,,Standard,Australia,44,49,UPI,Partner,Monthly,0,6.37,9,0,Active,588
C04308,2024-06-22,,Basic,Germany,29,19,Debit Card,Organic Search,Monthly,3,8.9,10,0,Active,228
C04309,2025-11-23,,Standard,Germany,47,49,Credit Card,Referral,Monthly,2,7.09,20,0,Active,588
C04310,2025-05-19,,Basic,United States,23,19,PayPal,Partner,Monthly,1,13.68,9,0,Active,228
C04311,2026-03-28,,Premium,United Kingdom,39,99,PayPal,Email,Annual,3,11.32,15,0,Active,1188
C04312,2024-08-13,,Basic,United States,50,19,Debit Card,Partner,Annual,2,14.11,1,0,Active,228
C04313,2024-04-07,2025-08-07,Standard,Germany,46,49,Debit Card,Email,Monthly,3,12.63,13,1,Churned,588
C04314,2024-07-28,,Standard,Australia,28,49,PayPal,Referral,Annual,3,12.59,4,0,Active,588
C04315,2025-05-25,,Standard,United Kingdom,28,49,Debit Card,Partner,Monthly,2,7.68,1,0,Active,588
C04316,2025-04-16,,Standard,Australia,18,49,Debit Card,Paid Search,Monthly,1,17.04,22,0,Active,588
C04317,2025-08-20,,Premium,Australia,23,99,Credit Card,Email,Annual,2,6.94,21,0,Active,1188
C04318,2025-02-27,,Basic,Germany,48,19,PayPal,Organic Search,Monthly,0,9.41,13,0,Active,228
C04319,2024-10-30,,Standard,India,43,49,Credit Card,Email,Monthly,6,10.65,26,0,Active,588
C04320,2025-09-27,2025-12-10,Basic,Canada,34,19,Credit Card,Paid Search,Monthly,4,9.82,3,1,Churned,228
C04321,2024-08-07,,Standard,India,55,49,PayPal,Social Media,Monthly,1,11.81,24,0,Active,588
C04322,2024-11-07,,Standard,United States,21,49,PayPal,Paid Search,Monthly,1,9.39,20,0,Active,588
C04323,2026-02-26,,Standard,Australia,50,49,Credit Card,Email,Monthly,0,7.77,1,0,Active,588
C04324,2024-11-25,2025-10-18,Basic,United Kingdom,26,19,PayPal,Email,Monthly,1,10.37,10,1,Churned,228
C04325,2024-12-14,,Basic,India,29,19,UPI,Partner,Monthly,2,8.55,20,0,Active,228
C04326,2024-05-09,,Basic,Australia,51,19,Debit Card,Social Media,Annual,1,5.88,24,0,Active,228
C04327,2025-11-18,,Premium,United Kingdom,33,99,UPI,Email,Monthly,2,15.64,38,0,Active,1188
C04328,2024-10-08,2024-11-11,Standard,India,36,49,Debit Card,Email,Monthly,4,18.65,7,1,Churned,588
C04329,2024-04-19,,Basic,Australia,29,19,PayPal,Email,Annual,3,16.97,1,0,Active,228
C04330,2025-11-19,2025-12-19,Standard,United States,39,49,Credit Card,Paid Search,Monthly,0,5.05,10,1,Churned,588
C04331,2026-05-08,,Basic,Australia,47,19,PayPal,Referral,Monthly,1,22.6,10,0,Active,228
C04332,2024-11-06,,Premium,India,34,99,Credit Card,Social Media,Annual,3,11.35,22,0,Active,1188
C04333,2024-08-22,,Standard,Australia,34,49,PayPal,Partner,Monthly,2,7.89,32,0,Active,588
C04334,2026-03-02,,Premium,Germany,40,99,Credit Card,Partner,Annual,3,6.93,15,0,Active,1188
C04335,2025-03-18,2025-08-03,Standard,Australia,63,49,Credit Card,Social Media,Monthly,0,18.37,14,1,Churned,588
C04336,2026-05-08,,Standard,Australia,44,49,UPI,Paid Search,Monthly,1,12.28,11,0,Active,588
C04337,2025-10-09,,Basic,United States,51,19,UPI,Organic Search,Monthly,3,13.61,2,0,Active,228
C04338,2025-05-13,,Premium,Canada,42,99,UPI,Paid Search,Monthly,2,12.57,7,0,Active,1188
C04339,2025-09-21,,Standard,India,28,49,Debit Card,Paid Search,Annual,2,24.48,38,0,Active,588
C04340,2024-11-02,,Premium,Australia,42,99,UPI,Partner,Annual,1,10.4,1,0,Active,1188
C04341,2024-07-27,2024-12-27,Premium,Germany,45,99,Credit Card,Social Media,Monthly,2,3.45,2,1,Churned,1188
C04342,2025-07-25,,Basic,India,45,19,Debit Card,Organic Search,Monthly,1,0.0,11,0,Active,228
C04343,2024-05-12,,Basic,Australia,61,19,Debit Card,Email,Monthly,3,6.11,20,0,Active,228
C04344,2026-01-22,2025-12-31,Standard,United States,50,49,Credit Card,Referral,Annual,0,15.27,21,1,Churned,588
C04345,2025-01-29,,Standard,India,62,49,Credit Card,Email,Annual,4,15.44,10,0,Active,588
C04346,2026-01-11,,Standard,United Kingdom,18,49,Credit Card,Email,Annual,3,14.0,25,0,Active,588
C04347,2026-04-13,,Premium,United States,37,99,Credit Card,Organic Search,Monthly,1,7.1,22,0,Active,1188
C04348,2025-03-12,,Basic,India,64,19,Debit Card,Partner,Monthly,1,6.63,6,0,Active,228
C04349,2025-05-18,,Basic,India,38,19,Debit Card,Paid Search,Annual,2,15.1,28,0,Active,228
C04350,2026-04-09,,Basic,India,21,19,PayPal,Organic Search,Annual,1,14.57,22,0,Active,228
C04351,2026-06-08,,Standard,Australia,49,49,Debit Card,Social Media,Annual,2,11.46,6,0,Active,588
C04352,2025-09-29,2025-12-24,Basic,Australia,47,19,PayPal,Partner,Monthly,2,8.35,30,1,Churned,228
C04353,2025-09-26,,Premium,Canada,38,99,UPI,Organic Search,Annual,1,1.06,5,0,Active,1188
C04354,2026-01-16,,Basic,Australia,29,19,Debit Card,Partner,Monthly,0,8.26,28,0,Active,228
C04355,2025-03-29,,Basic,Canada,21,19,UPI,Organic Search,Monthly,4,15.96,14,0,Active,228
C04356,2024-11-04,,Basic,Australia,51,19,Debit Card,Paid Search,Monthly,3,14.56,2,0,Active,228
C04357,2025-06-23,,Standard,United Kingdom,45,49,Debit Card,Referral,Annual,0,3.47,2,0,Active,588
C04358,2024-02-28,2025-08-09,Basic,India,58,19,UPI,Paid Search,Monthly,2,7.55,27,1,Churned,228
C04359,2024-08-26,,Basic,India,37,19,Credit Card,Partner,Monthly,0,7.25,6,0,Active,228
C04360,2025-12-31,,Standard,Canada,18,49,UPI,Organic Search,Monthly,2,10.11,10,0,Active,588
C04361,2024-03-18,,Basic,Germany,53,19,PayPal,Referral,Monthly,1,13.67,13,0,Active,228
C04362,2026-02-23,,Basic,Germany,59,19,UPI,Referral,Monthly,3,11.38,24,0,Active,228
C04363,2024-03-26,,Standard,Germany,40,49,Debit Card,Partner,Monthly,2,7.05,10,0,Active,588
C04364,2024-10-29,,Basic,United Kingdom,34,19,PayPal,Paid Search,Monthly,4,11.27,17,0,Active,228
C04365,2024-10-10,,Premium,United States,44,99,Credit Card,Email,Monthly,3,15.97,9,0,Active,1188
C04366,2026-05-21,,Basic,United Kingdom,50,19,PayPal,Email,Monthly,4,17.91,19,0,Active,228
C04367,2026-04-15,,Basic,Australia,41,19,UPI,Email,Monthly,3,15.81,27,0,Active,228
C04368,2025-12-31,,Standard,Germany,45,49,PayPal,Partner,Annual,3,10.64,7,0,Active,588
C04369,2024-05-23,,Basic,Germany,31,19,PayPal,Partner,Annual,0,5.56,9,0,Active,228
C04370,2025-03-12,2025-11-26,Basic,India,38,19,UPI,Paid Search,Monthly,1,12.79,11,1,Churned,228
C04371,2024-05-08,,Premium,India,24,99,Credit Card,Email,Annual,2,11.2,24,0,Active,1188
C04372,2026-04-22,,Standard,United Kingdom,35,49,Credit Card,Referral,Monthly,1,13.66,21,0,Active,588
C04373,2025-03-28,,Standard,United States,48,49,UPI,Social Media,Monthly,2,20.05,14,0,Active,588
C04374,2026-03-21,2025-12-31,Premium,Canada,24,99,PayPal,Partner,Monthly,2,9.64,13,1,Churned,1188
C04375,2025-02-10,2025-06-08,Basic,Australia,31,19,Debit Card,Paid Search,Annual,1,11.71,1,1,Churned,228
C04376,2026-01-10,2025-12-31,Premium,India,59,99,UPI,Social Media,Monthly,2,14.71,7,1,Churned,1188
C04377,2026-03-17,,Basic,United Kingdom,34,19,Credit Card,Referral,Monthly,3,9.19,24,0,Active,228
C04378,2024-04-28,,Premium,Canada,26,99,UPI,Referral,Monthly,3,12.85,8,0,Active,1188
C04379,2024-04-28,,Premium,Australia,37,99,Debit Card,Social Media,Monthly,2,18.9,22,0,Active,1188
C04380,2025-03-17,,Standard,Canada,35,49,Credit Card,Referral,Annual,1,14.11,15,0,Active,588
C04381,2025-08-11,,Standard,United Kingdom,61,49,UPI,Partner,Monthly,3,4.48,32,0,Active,588
C04382,2024-08-03,2025-11-23,Basic,Canada,21,19,UPI,Email,Monthly,2,11.54,26,1,Churned,228
C04383,2025-05-05,2025-12-03,Standard,United States,26,49,Debit Card,Partner,Monthly,2,8.11,22,1,Churned,588
C04384,2026-02-26,,Basic,Canada,36,19,Debit Card,Partner,Monthly,4,17.23,25,0,Active,228
C04385,2025-03-19,,Basic,India,26,19,UPI,Organic Search,Annual,3,17.59,33,0,Active,228
C04386,2024-04-18,2025-07-12,Premium,Germany,64,99,Debit Card,Social Media,Monthly,2,9.29,21,1,Churned,1188
C04387,2025-03-04,,Standard,Australia,27,49,Debit Card,Paid Search,Monthly,2,17.78,28,0,Active,588
C04388,2024-09-22,,Standard,United States,57,49,UPI,Partner,Monthly,2,13.74,2,0,Active,588
C04389,2025-05-02,,Basic,United States,31,19,UPI,Paid Search,Monthly,1,9.16,11,0,Active,228
C04390,2025-12-25,,Basic,India,53,19,PayPal,Partner,Annual,0,19.7,21,0,Active,228
C04391,2025-10-08,,Basic,Australia,42,19,Credit Card,Organic Search,Monthly,1,13.69,17,0,Active,228
C04392,2024-11-14,,Basic,Germany,51,19,Debit Card,Email,Monthly,3,17.76,23,0,Active,228
C04393,2024-03-28,,Basic,Canada,38,19,PayPal,Email,Annual,1,7.4,7,0,Active,228
C04394,2026-05-27,,Standard,United Kingdom,57,49,Credit Card,Partner,Monthly,2,16.25,7,0,Active,588
C04395,2024-04-12,,Standard,United States,40,49,Credit Card,Social Media,Annual,2,15.07,12,0,Active,588
C04396,2025-07-25,,Basic,Australia,29,19,PayPal,Paid Search,Monthly,4,9.83,1,0,Active,228
C04397,2025-03-17,,Standard,Australia,46,49,UPI,Social Media,Monthly,4,6.77,23,0,Active,588
C04398,2025-05-19,,Basic,United States,37,19,PayPal,Social Media,Monthly,4,14.47,9,0,Active,228
C04399,2024-07-30,,Standard,India,63,49,Debit Card,Email,Monthly,0,10.51,23,0,Active,588
C04400,2024-10-21,,Standard,United States,27,49,PayPal,Organic Search,Monthly,5,9.15,9,0,Active,588
C04401,2025-12-16,,Standard,United States,42,49,Credit Card,Social Media,Annual,4,10.16,33,0,Active,588
C04402,2024-11-15,,Basic,Germany,60,19,Credit Card,Referral,Monthly,1,12.49,14,0,Active,228
C04403,2025-05-02,2025-08-20,Premium,Germany,32,99,Debit Card,Email,Monthly,3,25.72,26,1,Churned,1188
C04404,2025-12-16,,Basic,United Kingdom,26,19,Credit Card,Partner,Monthly,3,17.32,16,0,Active,228
C04405,2026-06-03,,Standard,Australia,40,49,UPI,Organic Search,Monthly,1,6.63,11,0,Active,588
C04406,2024-10-12,,Basic,Canada,20,19,Debit Card,Partner,Monthly,2,1.33,9,0,Active,228
C04407,2025-05-03,,Basic,Germany,42,19,Credit Card,Referral,Monthly,4,17.56,18,0,Active,228
C04408,2025-06-06,,Standard,Germany,21,49,PayPal,Email,Monthly,1,11.4,1,0,Active,588
C04409,2025-10-08,,Basic,United Kingdom,28,19,Credit Card,Organic Search,Monthly,2,17.09,25,0,Active,228
C04410,2025-10-04,,Basic,Germany,55,19,Debit Card,Organic Search,Monthly,1,6.89,14,0,Active,228
C04411,2024-04-05,,Basic,Australia,19,19,PayPal,Social Media,Monthly,2,10.52,24,0,Active,228
C04412,2024-04-20,2025-09-11,Basic,United States,51,19,UPI,Referral,Annual,0,1.3,17,1,Churned,228
C04413,2026-03-24,,Basic,Canada,45,19,UPI,Partner,Monthly,3,11.19,8,0,Active,228
C04414,2024-09-18,,Premium,United States,30,99,UPI,Referral,Annual,1,7.91,1,0,Active,1188
C04415,2025-04-04,,Standard,United Kingdom,29,49,PayPal,Social Media,Annual,6,12.0,26,0,Active,588
C04416,2024-06-29,,Basic,Germany,36,19,UPI,Organic Search,Monthly,5,9.18,14,0,Active,228
C04417,2026-01-18,,Premium,United Kingdom,27,99,PayPal,Email,Annual,3,11.18,3,0,Active,1188
C04418,2025-12-25,,Basic,Germany,49,19,Debit Card,Organic Search,Monthly,2,7.14,23,0,Active,228
C04419,2024-04-21,,Basic,United Kingdom,40,19,Credit Card,Email,Annual,3,15.63,10,0,Active,228
C04420,2025-03-16,,Basic,United States,60,19,Credit Card,Partner,Monthly,2,12.39,25,0,Active,228
C04421,2026-05-01,,Standard,United Kingdom,35,49,Credit Card,Paid Search,Monthly,4,16.54,17,0,Active,588
C04422,2024-03-12,,Basic,Germany,50,19,Credit Card,Social Media,Monthly,4,8.84,4,0,Active,228
C04423,2025-01-31,2025-07-29,Basic,Australia,58,19,Debit Card,Social Media,Monthly,1,2.68,6,1,Churned,228
C04424,2025-05-23,,Standard,India,50,49,PayPal,Paid Search,Monthly,2,16.25,21,0,Active,588
C04425,2024-08-10,,Basic,United States,63,19,UPI,Organic Search,Annual,1,5.45,10,0,Active,228
C04426,2024-09-18,,Standard,United Kingdom,43,49,PayPal,Referral,Monthly,1,13.08,19,0,Active,588
C04427,2025-09-03,,Standard,India,47,49,Credit Card,Social Media,Monthly,1,17.46,31,0,Active,588
C04428,2025-07-27,,Premium,United States,48,99,UPI,Social Media,Monthly,2,5.76,12,0,Active,1188
C04429,2024-08-30,,Premium,United States,29,99,UPI,Paid Search,Monthly,3,8.15,46,0,Active,1188
C04430,2025-07-18,,Basic,Canada,58,19,PayPal,Social Media,Monthly,3,3.51,18,0,Active,228
C04431,2024-06-18,,Basic,Canada,31,19,UPI,Referral,Monthly,2,8.7,13,0,Active,228
C04432,2026-04-22,2025-12-31,Premium,Germany,60,99,Credit Card,Paid Search,Annual,0,4.63,31,1,Churned,1188
C04433,2025-05-19,,Standard,United States,41,49,Debit Card,Email,Monthly,0,14.0,9,0,Active,588
C04434,2024-04-14,,Basic,Germany,18,19,PayPal,Social Media,Monthly,0,8.56,19,0,Active,228
C04435,2025-01-05,,Premium,Germany,63,99,Debit Card,Social Media,Annual,1,6.2,11,0,Active,1188
C04436,2025-07-22,,Basic,Canada,26,19,UPI,Paid Search,Monthly,3,16.92,18,0,Active,228
C04437,2026-03-08,,Basic,Australia,45,19,Debit Card,Partner,Monthly,3,8.1,27,0,Active,228
C04438,2025-07-30,,Standard,India,44,49,Debit Card,Organic Search,Monthly,4,12.82,10,0,Active,588
C04439,2024-06-17,,Basic,United States,52,19,UPI,Organic Search,Monthly,1,15.78,35,0,Active,228
C04440,2026-04-21,,Standard,United Kingdom,22,49,Credit Card,Email,Annual,2,9.37,5,0,Active,588
C04441,2025-10-07,,Standard,India,25,49,Credit Card,Email,Monthly,2,17.23,1,0,Active,588
C04442,2025-11-28,,Standard,Germany,20,49,Credit Card,Organic Search,Monthly,2,17.09,7,0,Active,588
C04443,2026-04-12,2025-12-31,Basic,United States,61,19,Credit Card,Organic Search,Annual,4,15.2,12,1,Churned,228
C04444,2025-12-05,,Standard,United States,37,49,PayPal,Email,Annual,1,10.98,33,0,Active,588
C04445,2025-10-11,2025-11-27,Standard,Germany,53,49,Credit Card,Referral,Monthly,3,2.19,24,1,Churned,588
C04446,2025-11-17,,Basic,Canada,64,19,PayPal,Referral,Annual,1,16.07,1,0,Active,228
C04447,2025-09-22,2025-12-07,Basic,United States,28,19,Credit Card,Paid Search,Monthly,1,8.1,24,1,Churned,228
C04448,2024-10-09,,Standard,United States,44,49,Credit Card,Referral,Monthly,1,13.07,18,0,Active,588
C04449,2024-05-08,,Standard,United Kingdom,36,49,PayPal,Partner,Monthly,4,6.02,5,0,Active,588
C04450,2024-07-22,,Standard,Canada,42,49,Credit Card,Email,Monthly,4,10.25,35,0,Active,588
C04451,2024-06-01,2024-12-18,Basic,United States,24,19,Credit Card,Partner,Monthly,1,10.1,23,1,Churned,228
C04452,2025-06-16,,Standard,India,38,49,UPI,Organic Search,Monthly,1,13.89,18,0,Active,588
C04453,2025-05-05,,Basic,United Kingdom,24,19,Credit Card,Partner,Monthly,0,7.73,17,0,Active,228
C04454,2025-02-06,,Standard,Australia,29,49,Credit Card,Email,Monthly,3,14.29,24,0,Active,588
C04455,2026-06-07,,Basic,United States,39,19,Debit Card,Social Media,Annual,3,14.93,1,0,Active,228
C04456,2026-02-19,,Basic,India,37,19,UPI,Referral,Annual,0,18.52,27,0,Active,228
C04457,2024-08-27,,Basic,United Kingdom,20,19,Debit Card,Paid Search,Annual,2,21.57,17,0,Active,228
C04458,2025-12-11,2025-12-31,Basic,United States,19,19,PayPal,Referral,Monthly,1,17.31,12,1,Churned,228
C04459,2024-06-05,2024-07-20,Basic,India,30,19,Credit Card,Paid Search,Monthly,4,10.36,9,1,Churned,228
C04460,2026-02-05,,Basic,Canada,53,19,PayPal,Organic Search,Monthly,2,10.14,22,0,Active,228
C04461,2025-11-04,,Premium,United Kingdom,49,99,Credit Card,Organic Search,Monthly,5,10.84,9,0,Active,1188
C04462,2024-06-11,,Basic,Germany,42,19,Debit Card,Referral,Monthly,0,5.13,10,0,Active,228
C04463,2024-12-10,,Basic,Canada,55,19,PayPal,Paid Search,Monthly,5,20.8,4,0,Active,228
C04464,2025-12-14,,Basic,Germany,33,19,Debit Card,Organic Search,Monthly,1,14.97,13,0,Active,228
C04465,2025-01-30,2025-05-01,Basic,United Kingdom,55,19,PayPal,Social Media,Monthly,1,12.08,1,1,Churned,228
C04466,2025-10-07,,Basic,India,28,19,UPI,Organic Search,Annual,0,17.83,1,0,Active,228
C04467,2026-02-20,,Standard,Germany,49,49,PayPal,Partner,Annual,5,12.93,36,0,Active,588
C04468,2024-10-10,,Basic,Germany,31,19,UPI,Email,Monthly,4,2.63,14,0,Active,228
C04469,2024-04-22,,Premium,Germany,20,99,PayPal,Paid Search,Annual,1,13.67,19,0,Active,1188
C04470,2025-03-19,,Premium,United Kingdom,49,99,Debit Card,Partner,Monthly,2,8.18,16,0,Active,1188
C04471,2025-11-05,,Basic,Germany,51,19,Credit Card,Partner,Annual,1,8.91,16,0,Active,228
C04472,2025-01-18,,Standard,India,57,49,Debit Card,Organic Search,Annual,2,12.37,22,0,Active,588
C04473,2024-08-09,2025-09-11,Basic,Germany,36,19,Debit Card,Paid Search,Monthly,2,19.6,1,1,Churned,228
C04474,2026-04-06,,Standard,Germany,36,49,PayPal,Social Media,Monthly,5,10.92,1,0,Active,588
C04475,2025-01-23,,Standard,Australia,52,49,Debit Card,Social Media,Monthly,2,0.0,22,0,Active,588
C04476,2025-03-23,,Basic,Australia,35,19,Credit Card,Social Media,Annual,3,4.99,23,0,Active,228
C04477,2024-02-24,,Standard,Germany,51,49,PayPal,Paid Search,Monthly,2,3.8,18,0,Active,588
C04478,2026-03-25,,Premium,United States,47,99,Debit Card,Referral,Annual,2,13.85,7,0,Active,1188
C04479,2026-04-25,,Standard,Germany,61,49,PayPal,Paid Search,Monthly,4,15.7,4,0,Active,588
C04480,2025-08-24,,Standard,India,58,49,UPI,Paid Search,Monthly,2,16.65,13,0,Active,588
C04481,2024-09-06,,Basic,United Kingdom,30,19,PayPal,Partner,Monthly,1,0.0,7,0,Active,228
C04482,2024-08-29,2025-06-04,Basic,United States,28,19,UPI,Paid Search,Monthly,3,10.57,18,1,Churned,228
C04483,2024-03-27,,Basic,United Kingdom,50,19,Debit Card,Paid Search,Annual,2,14.14,1,0,Active,228
C04484,2025-02-05,,Basic,Australia,64,19,UPI,Organic Search,Annual,2,5.94,16,0,Active,228
C04485,2025-09-08,,Standard,Canada,39,49,Credit Card,Partner,Monthly,2,6.48,1,0,Active,588
C04486,2025-04-18,,Standard,United States,64,49,PayPal,Email,Monthly,1,20.98,18,0,Active,588
C04487,2024-06-03,,Basic,Germany,53,19,UPI,Social Media,Monthly,2,14.39,34,0,Active,228
C04488,2025-03-06,,Standard,United Kingdom,21,49,Debit Card,Organic Search,Monthly,2,12.75,27,0,Active,588
C04489,2024-06-11,,Basic,United States,28,19,UPI,Social Media,Monthly,4,10.49,9,0,Active,228
C04490,2025-10-17,,Basic,Canada,55,19,Debit Card,Social Media,Monthly,5,11.84,19,0,Active,228
C04491,2024-10-06,,Standard,United Kingdom,36,49,UPI,Paid Search,Annual,3,11.88,24,0,Active,588
C04492,2024-03-17,,Standard,Canada,50,49,PayPal,Referral,Annual,3,11.36,30,0,Active,588
C04493,2025-10-23,,Basic,United Kingdom,24,19,Credit Card,Email,Monthly,4,15.91,37,0,Active,228
C04494,2025-07-16,,Basic,Germany,24,19,Credit Card,Referral,Monthly,1,8.34,17,0,Active,228
C04495,2025-04-09,,Basic,United Kingdom,46,19,PayPal,Partner,Annual,7,14.54,21,0,Active,228
C04496,2025-03-02,,Basic,Canada,60,19,Credit Card,Organic Search,Annual,2,19.76,13,0,Active,228
C04497,2025-04-26,,Basic,Australia,19,19,UPI,Referral,Monthly,2,14.65,1,0,Active,228
C04498,2025-08-12,,Premium,Germany,36,99,UPI,Social Media,Annual,0,13.56,5,0,Active,1188
C04499,2024-08-29,,Standard,Canada,18,49,Credit Card,Partner,Monthly,0,15.24,31,0,Active,588
C04500,2025-03-21,2025-06-06,Basic,Canada,30,19,Credit Card,Paid Search,Monthly,2,3.65,27,1,Churned,228
C04501,2024-11-04,,Basic,Australia,33,19,PayPal,Organic Search,Monthly,2,6.11,22,0,Active,228
C04502,2024-11-20,,Standard,Canada,31,49,UPI,Paid Search,Monthly,1,18.09,16,0,Active,588
C04503,2025-08-21,2025-12-04,Premium,India,53,99,Debit Card,Referral,Annual,4,12.91,11,1,Churned,1188
C04504,2025-11-19,,Standard,Germany,35,49,UPI,Email,Monthly,4,11.67,13,0,Active,588
C04505,2026-06-01,,Standard,India,28,49,PayPal,Social Media,Monthly,1,13.95,7,0,Active,588
C04506,2024-08-24,,Basic,Canada,31,19,UPI,Paid Search,Annual,3,13.0,13,0,Active,228
C04507,2024-08-26,,Premium,United States,29,99,Debit Card,Social Media,Monthly,1,8.17,19,0,Active,1188
C04508,2025-07-03,,Premium,United Kingdom,60,99,UPI,Referral,Annual,2,14.8,12,0,Active,1188
C04509,2025-12-15,,Standard,Germany,33,49,Debit Card,Organic Search,Monthly,4,6.1,1,0,Active,588
C04510,2025-03-23,,Premium,Australia,22,99,UPI,Paid Search,Monthly,4,15.72,23,0,Active,1188
C04511,2025-10-19,,Basic,Canada,61,19,PayPal,Organic Search,Monthly,3,8.86,3,0,Active,228
C04512,2024-05-30,,Standard,Canada,27,49,Debit Card,Social Media,Monthly,0,8.42,7,0,Active,588
C04513,2025-03-19,,Standard,Germany,38,49,UPI,Organic Search,Monthly,2,6.29,27,0,Active,588
C04514,2024-10-07,,Standard,Australia,60,49,Debit Card,Partner,Annual,1,10.22,18,0,Active,588
C04515,2025-05-13,,Premium,United Kingdom,33,99,UPI,Referral,Monthly,2,8.29,12,0,Active,1188
C04516,2024-12-31,,Basic,Australia,39,19,UPI,Email,Annual,0,10.86,20,0,Active,228
C04517,2026-03-03,,Standard,Germany,43,49,Debit Card,Organic Search,Annual,4,9.89,6,0,Active,588
C04518,2024-09-25,,Standard,Canada,26,49,Credit Card,Email,Annual,0,16.98,1,0,Active,588
C04519,2026-02-21,,Basic,United Kingdom,60,19,Debit Card,Partner,Annual,1,18.43,1,0,Active,228
C04520,2026-03-09,,Standard,Germany,53,49,Debit Card,Paid Search,Monthly,2,1.07,12,0,Active,588
C04521,2025-08-30,,Premium,United States,31,99,Debit Card,Social Media,Annual,6,16.34,15,0,Active,1188
C04522,2025-01-23,,Premium,India,45,99,Credit Card,Partner,Annual,2,15.95,20,0,Active,1188
C04523,2026-06-17,,Basic,United States,26,19,UPI,Paid Search,Annual,2,14.99,29,0,Active,228
C04524,2024-03-10,,Standard,United Kingdom,33,49,Debit Card,Social Media,Monthly,0,13.3,5,0,Active,588
C04525,2025-05-28,,Standard,India,53,49,Debit Card,Email,Monthly,2,10.29,14,0,Active,588
C04526,2024-05-13,,Basic,Australia,62,19,PayPal,Email,Monthly,0,13.98,3,0,Active,228
C04527,2026-04-08,,Standard,United Kingdom,28,49,Credit Card,Paid Search,Monthly,0,10.28,1,0,Active,588
C04528,2024-08-05,,Standard,India,21,49,Credit Card,Paid Search,Monthly,2,15.57,17,0,Active,588
C04529,2026-04-20,2025-12-31,Basic,Germany,43,19,Debit Card,Organic Search,Annual,2,17.07,13,1,Churned,228
C04530,2026-04-02,,Standard,United Kingdom,24,49,PayPal,Organic Search,Monthly,0,15.38,17,0,Active,588
C04531,2026-05-01,,Basic,United States,32,19,Debit Card,Email,Monthly,0,17.16,12,0,Active,228
C04532,2026-02-01,,Standard,India,63,49,UPI,Referral,Annual,0,10.18,18,0,Active,588
C04533,2024-10-05,,Basic,United States,34,19,Credit Card,Partner,Annual,1,16.25,1,0,Active,228
C04534,2026-01-03,,Standard,United Kingdom,35,49,PayPal,Referral,Monthly,1,11.49,11,0,Active,588
C04535,2025-12-18,,Standard,Australia,21,49,UPI,Social Media,Monthly,2,10.58,24,0,Active,588
C04536,2025-02-14,,Standard,Australia,42,49,PayPal,Organic Search,Annual,2,14.26,9,0,Active,588
C04537,2026-04-22,2025-12-31,Basic,United States,42,19,PayPal,Partner,Monthly,2,15.82,17,1,Churned,228
C04538,2025-01-15,,Basic,Australia,52,19,Debit Card,Partner,Monthly,2,14.85,18,0,Active,228
C04539,2026-03-09,,Premium,Australia,60,99,Debit Card,Paid Search,Monthly,0,19.02,18,0,Active,1188
C04540,2024-12-15,,Basic,India,60,19,PayPal,Paid Search,Monthly,0,7.49,5,0,Active,228
C04541,2026-02-05,,Standard,India,21,49,UPI,Partner,Monthly,5,8.72,15,0,Active,588
C04542,2024-10-10,,Standard,Australia,29,49,Credit Card,Email,Monthly,2,4.91,9,0,Active,588
C04543,2026-05-08,,Standard,India,62,49,UPI,Referral,Monthly,3,13.61,15,0,Active,588
C04544,2025-07-10,,Standard,United Kingdom,32,49,Debit Card,Partner,Monthly,0,17.61,1,0,Active,588
C04545,2025-04-16,2025-08-22,Basic,United Kingdom,44,19,PayPal,Paid Search,Annual,1,3.87,19,1,Churned,228
C04546,2025-12-21,2025-12-31,Basic,United States,62,19,Debit Card,Social Media,Annual,4,12.2,1,1,Churned,228
C04547,2026-03-03,,Basic,Germany,33,19,Credit Card,Paid Search,Annual,2,11.81,1,0,Active,228
C04548,2026-05-17,,Basic,Canada,19,19,Credit Card,Partner,Annual,3,15.09,1,0,Active,228
C04549,2025-10-10,,Basic,United Kingdom,33,19,Credit Card,Partner,Monthly,2,9.91,16,0,Active,228
C04550,2026-04-04,2025-12-31,Premium,Germany,42,99,Debit Card,Email,Monthly,1,16.49,12,1,Churned,1188
C04551,2024-03-11,,Standard,India,21,49,Credit Card,Paid Search,Monthly,5,19.58,15,0,Active,588
C04552,2024-06-13,2025-10-31,Premium,Canada,30,99,Credit Card,Paid Search,Monthly,2,14.54,1,1,Churned,1188
C04553,2026-04-19,,Standard,India,25,49,UPI,Referral,Annual,0,18.89,14,0,Active,588
C04554,2026-04-01,,Premium,United States,18,99,Credit Card,Organic Search,Monthly,2,19.48,20,0,Active,1188
C04555,2025-09-17,,Basic,United Kingdom,52,19,UPI,Social Media,Annual,2,20.5,17,0,Active,228
C04556,2026-01-10,,Premium,Germany,64,99,UPI,Organic Search,Annual,1,12.23,20,0,Active,1188
C04557,2025-06-30,2025-12-24,Basic,Australia,53,19,PayPal,Organic Search,Monthly,2,13.49,15,1,Churned,228
C04558,2024-09-26,,Basic,Australia,41,19,Credit Card,Referral,Annual,2,8.53,13,0,Active,228
C04559,2026-01-03,,Basic,Germany,25,19,Debit Card,Email,Annual,2,6.35,16,0,Active,228
C04560,2024-12-04,,Standard,Germany,39,49,Credit Card,Social Media,Annual,2,9.64,12,0,Active,588
C04561,2025-09-18,2025-11-19,Premium,United Kingdom,46,99,PayPal,Paid Search,Monthly,3,21.11,36,1,Churned,1188
C04562,2024-11-14,2025-11-18,Premium,United Kingdom,39,99,Credit Card,Email,Monthly,3,17.96,12,1,Churned,1188
C04563,2025-12-03,,Basic,Australia,29,19,PayPal,Email,Annual,2,16.27,24,0,Active,228
C04564,2026-02-15,,Standard,Germany,43,49,PayPal,Partner,Annual,2,16.6,30,0,Active,588
C04565,2025-04-21,2025-08-24,Basic,Canada,57,19,PayPal,Organic Search,Monthly,1,7.74,7,1,Churned,228
C04566,2025-09-30,,Standard,Australia,52,49,Credit Card,Email,Annual,4,7.97,26,0,Active,588
C04567,2025-07-15,,Basic,Germany,58,19,PayPal,Email,Monthly,3,8.4,5,0,Active,228
C04568,2024-09-03,,Basic,Australia,28,19,Debit Card,Referral,Annual,0,6.15,23,0,Active,228
C04569,2025-04-21,,Standard,Germany,34,49,Debit Card,Social Media,Annual,2,16.47,1,0,Active,588
C04570,2024-04-10,,Basic,India,29,19,Debit Card,Referral,Monthly,0,10.97,19,0,Active,228
C04571,2025-12-11,,Premium,Germany,22,99,Debit Card,Social Media,Monthly,2,21.36,11,0,Active,1188
C04572,2025-12-27,,Standard,United States,37,49,Credit Card,Organic Search,Monthly,1,10.67,3,0,Active,588
C04573,2025-07-26,,Basic,United Kingdom,32,19,Debit Card,Referral,Annual,1,14.09,25,0,Active,228
C04574,2026-04-15,,Basic,United States,56,19,Debit Card,Email,Monthly,0,9.06,36,0,Active,228
C04575,2024-03-14,,Standard,Germany,59,49,PayPal,Organic Search,Monthly,2,11.29,28,0,Active,588
C04576,2024-11-03,,Standard,Australia,44,49,UPI,Partner,Monthly,0,14.47,19,0,Active,588
C04577,2024-11-04,2025-01-12,Basic,Canada,26,19,Debit Card,Email,Monthly,1,18.11,14,1,Churned,228
C04578,2025-02-06,,Basic,India,64,19,PayPal,Organic Search,Monthly,3,9.65,23,0,Active,228
C04579,2025-10-18,,Standard,Germany,63,49,Credit Card,Partner,Annual,0,10.27,28,0,Active,588
C04580,2024-12-16,,Premium,United Kingdom,27,99,Credit Card,Referral,Monthly,5,12.58,11,0,Active,1188
C04581,2025-03-07,,Basic,United Kingdom,52,19,UPI,Referral,Monthly,1,16.74,24,0,Active,228
C04582,2025-08-18,,Standard,Australia,40,49,PayPal,Referral,Monthly,3,15.8,21,0,Active,588
C04583,2025-02-28,,Basic,India,54,19,Credit Card,Organic Search,Annual,2,16.97,13,0,Active,228
C04584,2025-09-30,,Basic,India,27,19,Debit Card,Organic Search,Annual,3,11.96,9,0,Active,228
C04585,2025-06-30,2025-11-14,Basic,India,55,19,PayPal,Referral,Monthly,4,16.75,2,1,Churned,228
C04586,2024-12-11,,Standard,Australia,40,49,PayPal,Email,Annual,2,0.0,16,0,Active,588
C04587,2026-01-05,,Standard,Canada,57,49,Debit Card,Partner,Monthly,1,9.92,1,0,Active,588
C04588,2024-04-18,2024-12-24,Basic,Canada,48,19,Credit Card,Social Media,Annual,3,11.49,18,1,Churned,228
C04589,2025-03-14,2025-09-07,Standard,United States,26,49,Debit Card,Organic Search,Monthly,1,15.89,11,1,Churned,588
C04590,2024-12-03,,Standard,India,22,49,UPI,Partner,Monthly,3,14.62,18,0,Active,588
C04591,2025-05-29,,Premium,India,44,99,PayPal,Email,Monthly,4,7.78,18,0,Active,1188
C04592,2026-06-12,,Premium,United Kingdom,18,99,Credit Card,Partner,Annual,1,14.82,24,0,Active,1188
C04593,2026-01-04,,Basic,United Kingdom,27,19,Credit Card,Social Media,Monthly,1,12.83,1,0,Active,228
C04594,2026-05-01,,Premium,Canada,27,99,UPI,Referral,Annual,3,10.96,11,0,Active,1188
C04595,2024-09-20,,Standard,Canada,21,49,PayPal,Social Media,Monthly,4,6.25,14,0,Active,588
C04596,2025-12-11,,Basic,United States,30,19,PayPal,Email,Monthly,0,10.22,5,0,Active,228
C04597,2025-12-11,,Standard,Germany,22,49,Debit Card,Paid Search,Monthly,4,3.95,30,0,Active,588
C04598,2026-05-29,2025-12-31,Basic,Australia,24,19,Credit Card,Partner,Monthly,1,11.83,13,1,Churned,228
C04599,2025-02-04,,Basic,India,59,19,UPI,Social Media,Monthly,2,8.42,20,0,Active,228
C04600,2025-08-08,,Standard,Canada,58,49,UPI,Partner,Annual,4,8.81,8,0,Active,588
C04601,2025-10-13,,Basic,United States,21,19,Credit Card,Partner,Monthly,0,11.5,12,0,Active,228
C04602,2025-10-18,,Standard,India,28,49,PayPal,Referral,Monthly,1,11.41,2,0,Active,588
C04603,2026-06-07,,Premium,United States,57,99,UPI,Organic Search,Annual,4,13.74,17,0,Active,1188
C04604,2024-06-14,,Standard,Germany,47,49,Credit Card,Organic Search,Annual,2,21.71,3,0,Active,588
C04605,2025-10-29,,Basic,India,22,19,Credit Card,Email,Monthly,3,19.99,6,0,Active,228
C04606,2024-10-08,,Basic,Australia,19,19,UPI,Social Media,Annual,2,8.96,13,0,Active,228
C04607,2024-04-17,,Basic,United Kingdom,36,19,Credit Card,Referral,Monthly,0,12.13,12,0,Active,228
C04608,2024-03-16,,Premium,United States,59,99,Credit Card,Paid Search,Monthly,0,10.21,22,0,Active,1188
C04609,2025-10-13,,Basic,United Kingdom,43,19,Credit Card,Social Media,Monthly,3,2.82,24,0,Active,228
C04610,2026-01-07,,Standard,Germany,44,49,PayPal,Paid Search,Monthly,2,15.85,10,0,Active,588
C04611,2025-02-17,,Basic,India,43,19,PayPal,Organic Search,Monthly,2,10.39,13,0,Active,228
C04612,2025-06-03,,Basic,India,31,19,Credit Card,Email,Monthly,2,1.97,22,0,Active,228
C04613,2025-05-25,,Premium,United Kingdom,39,99,Credit Card,Organic Search,Annual,1,0.48,19,0,Active,1188
C04614,2024-08-09,,Standard,United Kingdom,29,49,UPI,Partner,Annual,0,7.49,19,0,Active,588
C04615,2026-05-11,2025-12-31,Basic,Germany,59,19,PayPal,Organic Search,Annual,2,16.26,21,1,Churned,228
C04616,2024-12-11,,Standard,United States,52,49,Credit Card,Organic Search,Monthly,4,21.58,2,0,Active,588
C04617,2025-05-24,,Standard,United Kingdom,54,49,UPI,Referral,Monthly,2,10.26,20,0,Active,588
C04618,2026-02-21,,Standard,United States,32,49,PayPal,Social Media,Annual,1,9.01,18,0,Active,588
C04619,2025-01-04,,Premium,Germany,62,99,Credit Card,Organic Search,Monthly,2,17.54,17,0,Active,1188
C04620,2026-05-08,2025-12-31,Basic,Australia,41,19,UPI,Partner,Monthly,3,14.63,21,1,Churned,228
C04621,2025-10-27,,Standard,India,44,49,UPI,Organic Search,Monthly,3,10.67,1,0,Active,588
C04622,2024-04-30,,Standard,Germany,40,49,PayPal,Referral,Monthly,4,4.61,25,0,Active,588
C04623,2024-03-15,,Basic,Australia,31,19,PayPal,Social Media,Monthly,3,14.38,11,0,Active,228
C04624,2026-02-09,,Standard,India,64,49,UPI,Email,Annual,4,20.53,15,0,Active,588
C04625,2026-04-01,,Basic,India,30,19,UPI,Paid Search,Annual,2,7.41,23,0,Active,228
C04626,2024-12-22,,Basic,United Kingdom,27,19,Credit Card,Organic Search,Annual,4,14.3,16,0,Active,228
C04627,2024-11-05,,Premium,Germany,50,99,Credit Card,Paid Search,Annual,1,13.59,29,0,Active,1188
C04628,2025-04-01,,Basic,United Kingdom,23,19,Debit Card,Organic Search,Monthly,0,7.53,21,0,Active,228
C04629,2025-09-22,,Premium,Australia,55,99,Debit Card,Referral,Annual,1,26.14,6,0,Active,1188
C04630,2024-06-22,,Basic,United Kingdom,45,19,Debit Card,Organic Search,Monthly,2,14.4,26,0,Active,228
C04631,2024-06-23,,Standard,Canada,22,49,Debit Card,Organic Search,Monthly,3,10.3,23,0,Active,588
C04632,2024-04-14,2025-09-18,Basic,United States,27,19,UPI,Organic Search,Monthly,5,11.24,22,1,Churned,228
C04633,2026-06-19,,Basic,Australia,23,19,Debit Card,Paid Search,Annual,5,15.75,1,0,Active,228
C04634,2025-04-16,,Basic,Canada,43,19,Credit Card,Social Media,Monthly,1,6.0,28,0,Active,228
C04635,2025-10-02,,Standard,Canada,30,49,PayPal,Referral,Monthly,2,14.13,12,0,Active,588
C04636,2024-04-30,,Premium,India,22,99,UPI,Email,Monthly,4,8.95,17,0,Active,1188
C04637,2024-03-24,,Basic,United States,34,19,Credit Card,Partner,Monthly,0,9.14,6,0,Active,228
C04638,2026-03-18,,Standard,Canada,19,49,Debit Card,Social Media,Monthly,2,18.48,14,0,Active,588
C04639,2026-02-10,,Standard,Germany,31,49,UPI,Email,Annual,2,22.09,28,0,Active,588
C04640,2025-12-23,2025-12-31,Standard,United States,29,49,PayPal,Organic Search,Monthly,2,17.5,13,1,Churned,588
C04641,2024-03-31,2025-07-14,Premium,India,49,99,UPI,Social Media,Monthly,5,18.2,1,1,Churned,1188
C04642,2025-03-09,2025-08-20,Basic,Australia,44,19,PayPal,Organic Search,Monthly,1,20.19,12,1,Churned,228
C04643,2025-05-21,,Basic,United States,49,19,Debit Card,Organic Search,Monthly,1,14.96,15,0,Active,228
C04644,2026-06-17,,Standard,Germany,39,49,UPI,Organic Search,Annual,2,17.81,13,0,Active,588
C04645,2025-02-19,2025-06-22,Basic,Canada,39,19,Debit Card,Email,Monthly,2,16.4,25,1,Churned,228
C04646,2025-03-26,,Basic,India,30,19,Debit Card,Email,Monthly,6,8.55,14,0,Active,228
C04647,2026-06-08,,Basic,Australia,27,19,UPI,Referral,Annual,3,7.31,26,0,Active,228
C04648,2025-12-25,2025-12-31,Basic,Australia,33,19,PayPal,Organic Search,Monthly,1,2.46,21,1,Churned,228
C04649,2025-09-24,2025-11-01,Premium,India,45,99,Debit Card,Social Media,Monthly,2,10.06,7,1,Churned,1188
C04650,2026-04-08,,Standard,Australia,52,49,PayPal,Paid Search,Monthly,1,15.37,25,0,Active,588
C04651,2025-04-04,,Basic,United Kingdom,36,19,UPI,Organic Search,Monthly,0,5.15,1,0,Active,228
C04652,2025-10-27,,Premium,Germany,53,99,PayPal,Partner,Monthly,6,4.1,5,0,Active,1188
C04653,2026-05-16,,Standard,United States,43,49,Debit Card,Social Media,Annual,2,7.96,4,0,Active,588
C04654,2025-09-25,,Basic,Germany,35,19,Debit Card,Paid Search,Monthly,1,10.51,11,0,Active,228
C04655,2025-06-13,,Basic,Germany,56,19,Debit Card,Organic Search,Monthly,0,5.93,1,0,Active,228
C04656,2024-08-15,,Standard,India,61,49,PayPal,Social Media,Monthly,1,17.86,19,0,Active,588
C04657,2025-04-10,,Basic,Canada,35,19,Credit Card,Social Media,Monthly,1,18.87,14,0,Active,228
C04658,2025-02-25,,Premium,United Kingdom,28,99,Debit Card,Paid Search,Annual,4,12.26,6,0,Active,1188
C04659,2025-06-15,,Premium,United Kingdom,21,99,UPI,Social Media,Monthly,2,19.43,14,0,Active,1188
C04660,2024-11-28,2025-10-30,Basic,India,56,19,Credit Card,Partner,Monthly,1,5.45,9,1,Churned,228
C04661,2024-12-28,,Basic,Germany,36,19,PayPal,Paid Search,Annual,4,17.0,14,0,Active,228
C04662,2026-03-31,,Standard,United States,38,49,PayPal,Email,Annual,2,21.11,17,0,Active,588
C04663,2025-11-19,,Standard,Canada,33,49,Credit Card,Paid Search,Annual,4,0.0,11,0,Active,588
C04664,2024-12-21,,Standard,Canada,38,49,UPI,Paid Search,Monthly,0,6.68,13,0,Active,588
C04665,2026-02-08,,Basic,India,60,19,Debit Card,Referral,Monthly,0,21.01,13,0,Active,228
C04666,2024-07-30,,Standard,Canada,38,49,Debit Card,Referral,Monthly,1,19.99,17,0,Active,588
C04667,2025-03-20,,Premium,Canada,18,99,UPI,Referral,Monthly,3,14.49,12,0,Active,1188
C04668,2024-08-20,,Premium,United Kingdom,61,99,Debit Card,Referral,Annual,1,5.7,21,0,Active,1188
C04669,2025-03-14,,Basic,Canada,30,19,Debit Card,Social Media,Monthly,1,12.59,21,0,Active,228
C04670,2025-08-10,,Basic,United States,59,19,PayPal,Referral,Monthly,0,12.18,16,0,Active,228
C04671,2026-01-16,2025-12-31,Standard,United States,22,49,PayPal,Email,Monthly,2,4.87,11,1,Churned,588
C04672,2026-03-05,,Basic,United States,48,19,UPI,Referral,Monthly,1,19.2,25,0,Active,228
C04673,2024-05-11,,Basic,Australia,25,19,PayPal,Social Media,Annual,4,15.98,28,0,Active,228
C04674,2025-01-02,,Standard,Canada,57,49,PayPal,Organic Search,Monthly,2,19.15,20,0,Active,588
C04675,2025-06-13,,Standard,United Kingdom,22,49,Credit Card,Referral,Annual,3,18.08,24,0,Active,588
C04676,2024-05-13,2025-06-11,Premium,India,25,99,UPI,Organic Search,Monthly,2,1.62,10,1,Churned,1188
C04677,2025-11-29,,Premium,India,31,99,Credit Card,Social Media,Monthly,2,6.6,9,0,Active,1188
C04678,2024-04-22,,Premium,United States,28,99,UPI,Paid Search,Monthly,1,9.21,18,0,Active,1188
C04679,2024-08-17,,Standard,India,55,49,PayPal,Social Media,Monthly,6,17.79,15,0,Active,588
C04680,2024-12-26,,Standard,Australia,57,49,UPI,Email,Monthly,2,13.54,14,0,Active,588
C04681,2024-09-23,,Standard,Australia,51,49,Debit Card,Social Media,Annual,0,15.49,9,0,Active,588
C04682,2024-08-18,,Standard,Australia,35,49,UPI,Social Media,Monthly,2,6.52,8,0,Active,588
C04683,2025-07-18,,Premium,United States,26,99,Debit Card,Social Media,Monthly,1,14.54,20,0,Active,1188
C04684,2024-04-14,,Basic,Germany,27,19,Debit Card,Organic Search,Annual,0,10.31,18,0,Active,228
C04685,2024-07-27,,Basic,United Kingdom,36,19,Credit Card,Social Media,Monthly,2,7.45,1,0,Active,228
C04686,2025-10-23,2025-11-25,Standard,Canada,33,49,UPI,Partner,Monthly,6,12.03,9,1,Churned,588
C04687,2024-04-16,,Basic,United Kingdom,18,19,UPI,Referral,Monthly,1,14.54,8,0,Active,228
C04688,2026-05-12,,Basic,Australia,53,19,Credit Card,Partner,Annual,1,7.0,32,0,Active,228
C04689,2025-10-05,,Standard,Canada,27,49,PayPal,Partner,Annual,2,19.76,25,0,Active,588
C04690,2025-08-15,,Basic,United States,56,19,Credit Card,Paid Search,Monthly,3,22.21,16,0,Active,228
C04691,2025-03-23,,Standard,United States,45,49,UPI,Social Media,Monthly,6,15.67,17,0,Active,588
C04692,2025-09-19,,Standard,United States,61,49,Credit Card,Partner,Annual,4,9.54,18,0,Active,588
C04693,2025-07-31,2025-10-06,Standard,Canada,48,49,PayPal,Social Media,Monthly,3,9.46,18,1,Churned,588
C04694,2024-06-25,,Basic,Germany,62,19,UPI,Partner,Monthly,3,7.54,10,0,Active,228
C04695,2025-11-12,,Standard,Australia,42,49,Credit Card,Email,Monthly,4,9.9,17,0,Active,588
C04696,2024-09-28,2024-12-25,Basic,India,57,19,UPI,Referral,Monthly,1,22.17,1,1,Churned,228
C04697,2025-02-01,,Premium,United Kingdom,37,99,Debit Card,Referral,Annual,1,20.45,13,0,Active,1188
C04698,2025-12-13,,Premium,India,41,99,PayPal,Social Media,Annual,1,8.8,5,0,Active,1188
C04699,2026-02-11,,Premium,Canada,20,99,Debit Card,Social Media,Monthly,3,15.1,21,0,Active,1188
C04700,2026-06-09,,Basic,Canada,36,19,PayPal,Paid Search,Monthly,1,20.78,1,0,Active,228
C04701,2025-06-19,,Basic,Canada,50,19,Debit Card,Partner,Annual,1,23.34,32,0,Active,228
C04702,2024-07-20,,Standard,Australia,49,49,Credit Card,Paid Search,Annual,2,9.48,6,0,Active,588
C04703,2024-10-10,,Standard,Germany,19,49,PayPal,Social Media,Monthly,4,7.47,35,0,Active,588
C04704,2024-06-03,2025-12-23,Basic,India,29,19,PayPal,Paid Search,Monthly,2,3.13,9,1,Churned,228
C04705,2024-08-04,,Basic,India,61,19,PayPal,Email,Monthly,3,13.94,32,0,Active,228
C04706,2025-04-05,2025-11-27,Premium,United Kingdom,64,99,UPI,Social Media,Monthly,4,0.0,11,1,Churned,1188
C04707,2025-06-25,,Standard,Australia,45,49,Credit Card,Paid Search,Monthly,0,19.48,17,0,Active,588
C04708,2026-02-25,,Premium,United States,52,99,Debit Card,Partner,Annual,0,10.71,19,0,Active,1188
C04709,2025-07-19,,Standard,India,21,49,PayPal,Social Media,Monthly,2,5.52,6,0,Active,588
C04710,2025-08-15,,Basic,India,50,19,Debit Card,Paid Search,Annual,0,6.27,19,0,Active,228
C04711,2024-05-08,,Standard,United States,53,49,Credit Card,Partner,Monthly,3,29.35,12,0,Active,588
C04712,2026-02-07,,Premium,United States,60,99,Debit Card,Social Media,Monthly,0,11.29,27,0,Active,1188
C04713,2025-05-19,2025-07-27,Standard,United States,34,49,Credit Card,Referral,Monthly,1,4.58,11,1,Churned,588
C04714,2024-04-06,2024-10-06,Basic,India,35,19,Debit Card,Social Media,Monthly,3,1.84,18,1,Churned,228
C04715,2026-02-24,,Basic,Canada,20,19,Credit Card,Social Media,Monthly,1,5.56,4,0,Active,228
C04716,2025-10-24,,Premium,Germany,51,99,PayPal,Referral,Annual,2,11.16,14,0,Active,1188
C04717,2025-03-30,,Standard,Australia,20,49,PayPal,Partner,Annual,2,12.37,16,0,Active,588
C04718,2025-12-10,,Standard,Australia,43,49,Credit Card,Email,Annual,4,11.44,13,0,Active,588
C04719,2024-05-02,,Premium,Australia,32,99,Debit Card,Referral,Monthly,0,22.61,7,0,Active,1188
C04720,2026-04-13,,Basic,United States,23,19,PayPal,Social Media,Monthly,3,18.46,18,0,Active,228
C04721,2025-05-01,,Premium,Canada,41,99,PayPal,Social Media,Annual,2,10.71,26,0,Active,1188
C04722,2025-01-24,,Basic,United Kingdom,47,19,PayPal,Email,Monthly,1,4.77,27,0,Active,228
C04723,2026-02-15,,Basic,United Kingdom,41,19,Credit Card,Email,Monthly,3,10.68,17,0,Active,228
C04724,2026-03-08,,Standard,India,37,49,PayPal,Referral,Monthly,1,14.32,24,0,Active,588
C04725,2026-04-04,,Basic,Canada,35,19,Credit Card,Organic Search,Monthly,1,9.43,12,0,Active,228
C04726,2025-03-23,,Premium,Canada,22,99,UPI,Referral,Monthly,0,5.19,7,0,Active,1188
C04727,2025-09-22,,Basic,Australia,59,19,Credit Card,Partner,Monthly,4,12.88,13,0,Active,228
C04728,2026-02-05,2025-12-31,Standard,Germany,20,49,Debit Card,Organic Search,Monthly,3,22.81,9,1,Churned,588
C04729,2025-09-08,2025-11-07,Basic,Germany,57,19,Credit Card,Organic Search,Monthly,1,20.5,8,1,Churned,228
C04730,2025-07-07,,Standard,Germany,42,49,Credit Card,Social Media,Annual,0,6.3,1,0,Active,588
C04731,2024-11-30,,Standard,United Kingdom,27,49,Debit Card,Social Media,Annual,2,12.4,10,0,Active,588
C04732,2025-03-10,,Standard,United Kingdom,35,49,Debit Card,Organic Search,Annual,1,6.63,16,0,Active,588
C04733,2025-07-07,,Premium,India,37,99,Debit Card,Organic Search,Monthly,2,15.82,35,0,Active,1188
C04734,2025-10-13,,Standard,Canada,33,49,Credit Card,Email,Monthly,4,9.78,1,0,Active,588
C04735,2025-12-19,2025-12-31,Premium,Germany,40,99,UPI,Referral,Monthly,3,11.3,8,1,Churned,1188
C04736,2026-01-24,2025-12-31,Basic,United States,40,19,UPI,Referral,Monthly,0,19.02,10,1,Churned,228
C04737,2024-10-25,,Standard,United States,60,49,UPI,Email,Monthly,2,18.81,5,0,Active,588
C04738,2025-08-17,,Standard,India,43,49,UPI,Paid Search,Monthly,2,20.34,11,0,Active,588
C04739,2024-07-27,,Basic,Australia,41,19,Debit Card,Organic Search,Monthly,1,9.66,1,0,Active,228
C04740,2024-08-27,,Basic,United Kingdom,37,19,UPI,Partner,Monthly,2,4.81,19,0,Active,228
C04741,2026-06-07,,Basic,United States,20,19,Debit Card,Paid Search,Annual,2,13.77,27,0,Active,228
C04742,2025-11-27,2025-12-27,Basic,Germany,55,19,Debit Card,Organic Search,Monthly,2,13.19,30,1,Churned,228
C04743,2025-08-30,,Standard,United States,22,49,Debit Card,Paid Search,Monthly,2,7.48,31,0,Active,588
C04744,2026-01-23,2025-12-31,Basic,United States,34,19,Credit Card,Partner,Annual,3,14.22,15,1,Churned,228
C04745,2024-03-12,2025-04-25,Premium,Germany,64,99,PayPal,Referral,Monthly,1,10.83,14,1,Churned,1188
C04746,2025-11-25,,Premium,Germany,29,99,UPI,Email,Monthly,4,15.53,29,0,Active,1188
C04747,2024-05-10,,Basic,India,37,19,UPI,Organic Search,Monthly,1,22.21,4,0,Active,228
C04748,2024-11-23,,Basic,Australia,53,19,Credit Card,Partner,Monthly,3,13.16,20,0,Active,228
C04749,2024-10-08,,Basic,Canada,44,19,Credit Card,Partner,Monthly,6,12.21,9,0,Active,228
C04750,2025-02-14,,Premium,United Kingdom,36,99,Credit Card,Email,Monthly,1,13.99,32,0,Active,1188
C04751,2025-05-05,,Basic,Canada,61,19,PayPal,Social Media,Annual,1,20.93,4,0,Active,228
C04752,2024-11-17,,Basic,India,33,19,PayPal,Social Media,Monthly,3,8.59,18,0,Active,228
C04753,2025-03-15,,Standard,United States,41,49,PayPal,Referral,Monthly,4,14.95,12,0,Active,588
C04754,2026-01-14,,Standard,United States,54,49,Credit Card,Social Media,Monthly,2,14.69,12,0,Active,588
C04755,2025-04-18,,Standard,Germany,25,49,Debit Card,Paid Search,Monthly,1,11.22,1,0,Active,588
C04756,2026-04-12,,Standard,United States,50,49,UPI,Partner,Monthly,1,7.83,8,0,Active,588
C04757,2025-02-10,,Basic,Canada,60,19,Debit Card,Organic Search,Monthly,0,13.78,4,0,Active,228
C04758,2026-05-13,,Basic,India,40,19,UPI,Social Media,Annual,0,8.15,24,0,Active,228
C04759,2024-07-06,,Premium,India,55,99,UPI,Paid Search,Monthly,3,13.0,21,0,Active,1188
C04760,2025-03-24,2025-07-25,Basic,United Kingdom,29,19,PayPal,Email,Monthly,2,12.67,20,1,Churned,228
C04761,2025-04-03,,Premium,Australia,64,99,PayPal,Organic Search,Annual,3,18.96,5,0,Active,1188
C04762,2025-04-09,,Basic,United Kingdom,22,19,PayPal,Email,Annual,1,12.85,18,0,Active,228
C04763,2025-05-03,2025-09-18,Basic,India,58,19,PayPal,Referral,Monthly,3,6.49,33,1,Churned,228
C04764,2025-10-20,,Premium,Germany,23,99,PayPal,Organic Search,Monthly,5,8.14,18,0,Active,1188
C04765,2025-01-03,,Basic,Australia,52,19,PayPal,Partner,Monthly,0,19.73,15,0,Active,228
C04766,2026-03-30,,Basic,India,62,19,Debit Card,Partner,Monthly,2,12.91,13,0,Active,228
C04767,2024-10-13,2025-03-18,Standard,United States,56,49,PayPal,Paid Search,Monthly,1,5.64,12,1,Churned,588
C04768,2025-01-19,,Basic,Canada,55,19,Credit Card,Email,Annual,4,12.65,28,0,Active,228
C04769,2025-09-17,,Standard,United Kingdom,47,49,Credit Card,Organic Search,Monthly,1,21.79,21,0,Active,588
C04770,2026-03-24,,Basic,Australia,18,19,PayPal,Organic Search,Monthly,2,16.06,18,0,Active,228
C04771,2026-02-26,,Basic,United States,62,19,PayPal,Email,Monthly,1,20.5,8,0,Active,228
C04772,2026-02-20,,Standard,Germany,52,49,UPI,Email,Annual,1,12.55,16,0,Active,588
C04773,2026-06-18,2025-12-31,Standard,Australia,29,49,Credit Card,Organic Search,Monthly,2,17.12,15,1,Churned,588
C04774,2024-10-12,,Standard,Canada,58,49,UPI,Partner,Monthly,3,15.3,12,0,Active,588
C04775,2025-02-14,,Standard,Canada,28,49,PayPal,Email,Annual,3,12.56,26,0,Active,588
C04776,2025-06-26,,Standard,Australia,45,49,UPI,Social Media,Annual,1,18.32,19,0,Active,588
C04777,2026-06-10,,Standard,Australia,37,49,Debit Card,Partner,Monthly,4,11.66,29,0,Active,588
C04778,2025-12-09,,Basic,United Kingdom,40,19,Debit Card,Email,Monthly,3,4.88,31,0,Active,228
C04779,2026-01-12,,Standard,United Kingdom,61,49,Debit Card,Social Media,Monthly,0,11.81,1,0,Active,588
C04780,2024-05-13,,Basic,Germany,18,19,Debit Card,Social Media,Monthly,2,17.71,18,0,Active,228
C04781,2025-12-01,,Basic,India,27,19,UPI,Email,Monthly,1,4.29,15,0,Active,228
C04782,2025-03-11,2025-11-08,Basic,India,38,19,Debit Card,Partner,Annual,2,8.74,15,1,Churned,228
C04783,2025-07-29,,Standard,United States,23,49,Debit Card,Partner,Annual,2,14.3,14,0,Active,588
C04784,2024-06-17,,Standard,United Kingdom,30,49,Credit Card,Referral,Annual,1,21.74,2,0,Active,588
C04785,2024-07-12,,Basic,United States,27,19,Debit Card,Social Media,Monthly,1,5.36,13,0,Active,228
C04786,2026-02-25,,Basic,Germany,20,19,PayPal,Organic Search,Monthly,0,16.86,12,0,Active,228
C04787,2024-11-24,,Premium,United Kingdom,57,99,Debit Card,Organic Search,Monthly,2,10.22,27,0,Active,1188
C04788,2025-12-02,,Standard,Germany,31,49,UPI,Referral,Monthly,0,14.89,20,0,Active,588
C04789,2024-09-03,,Basic,India,30,19,UPI,Organic Search,Monthly,2,15.7,29,0,Active,228
C04790,2024-12-20,,Basic,Canada,54,19,UPI,Partner,Monthly,3,11.79,1,0,Active,228
C04791,2025-05-01,,Standard,Australia,36,49,UPI,Social Media,Monthly,1,10.82,4,0,Active,588
C04792,2025-07-18,,Basic,Canada,48,19,PayPal,Paid Search,Annual,2,20.92,28,0,Active,228
C04793,2026-06-14,,Basic,Canada,48,19,PayPal,Organic Search,Monthly,1,16.38,21,0,Active,228
C04794,2024-04-15,,Basic,Australia,48,19,Credit Card,Social Media,Monthly,2,15.68,26,0,Active,228
C04795,2025-04-06,,Basic,Canada,38,19,UPI,Referral,Monthly,1,6.36,10,0,Active,228
C04796,2025-06-21,,Standard,United Kingdom,28,49,UPI,Organic Search,Annual,2,7.82,27,0,Active,588
C04797,2025-08-07,,Premium,Germany,60,99,PayPal,Paid Search,Monthly,1,9.25,20,0,Active,1188
C04798,2024-10-21,2025-11-10,Standard,Australia,25,49,PayPal,Social Media,Annual,4,6.81,30,1,Churned,588
C04799,2025-08-07,,Standard,United States,23,49,Debit Card,Email,Annual,2,22.31,14,0,Active,588
C04800,2025-11-19,2025-12-19,Basic,India,58,19,Credit Card,Paid Search,Annual,0,16.83,31,1,Churned,228
C04801,2025-07-17,,Basic,Canada,46,19,Debit Card,Organic Search,Annual,5,20.84,20,0,Active,228
C04802,2026-04-15,,Standard,Canada,24,49,Credit Card,Organic Search,Monthly,2,17.6,1,0,Active,588
C04803,2024-12-04,,Standard,India,21,49,Credit Card,Partner,Monthly,1,19.76,7,0,Active,588
C04804,2024-03-05,,Standard,India,34,49,Credit Card,Social Media,Monthly,1,6.45,12,0,Active,588
C04805,2024-06-25,2025-08-12,Standard,Australia,59,49,PayPal,Organic Search,Annual,0,17.64,16,1,Churned,588
C04806,2025-02-01,,Basic,Canada,56,19,UPI,Social Media,Monthly,0,15.65,7,0,Active,228
C04807,2026-05-25,,Standard,India,63,49,Credit Card,Referral,Annual,2,14.83,18,0,Active,588
C04808,2025-12-22,,Standard,India,32,49,PayPal,Paid Search,Annual,2,23.19,20,0,Active,588
C04809,2026-04-19,,Basic,Germany,24,19,PayPal,Partner,Monthly,3,13.01,1,0,Active,228
C04810,2024-12-27,,Basic,Germany,44,19,Credit Card,Organic Search,Annual,3,9.1,13,0,Active,228
C04811,2024-12-24,,Basic,Australia,59,19,UPI,Organic Search,Monthly,0,21.8,1,0,Active,228
C04812,2024-04-06,2025-10-17,Standard,United States,42,49,Credit Card,Organic Search,Annual,0,14.48,23,1,Churned,588
C04813,2026-05-03,,Basic,India,53,19,Debit Card,Organic Search,Monthly,3,17.86,5,0,Active,228
C04814,2025-10-30,,Premium,Germany,36,99,PayPal,Social Media,Annual,2,5.28,19,0,Active,1188
C04815,2024-03-03,,Premium,Canada,30,99,PayPal,Partner,Annual,4,17.18,1,0,Active,1188
C04816,2024-03-25,,Basic,Germany,31,19,UPI,Referral,Monthly,3,12.83,12,0,Active,228
C04817,2024-04-17,,Basic,Canada,59,19,PayPal,Partner,Monthly,3,11.87,8,0,Active,228
C04818,2024-12-24,,Basic,India,47,19,UPI,Partner,Monthly,2,7.73,3,0,Active,228
C04819,2026-05-09,,Standard,Germany,25,49,UPI,Organic Search,Monthly,2,13.53,6,0,Active,588
C04820,2024-12-20,,Basic,United States,23,19,PayPal,Email,Monthly,0,13.62,33,0,Active,228
C04821,2024-05-11,,Standard,Canada,40,49,Credit Card,Partner,Monthly,2,4.38,1,0,Active,588
C04822,2025-12-14,2025-12-31,Premium,Germany,56,99,UPI,Referral,Monthly,3,10.67,33,1,Churned,1188
C04823,2026-04-13,,Basic,United Kingdom,62,19,PayPal,Email,Monthly,2,10.73,3,0,Active,228
C04824,2024-07-14,,Standard,Australia,57,49,UPI,Email,Monthly,2,15.12,17,0,Active,588
C04825,2024-07-21,,Basic,Germany,49,19,PayPal,Referral,Annual,2,20.02,8,0,Active,228
C04826,2025-09-08,,Premium,Germany,22,99,PayPal,Paid Search,Monthly,3,16.09,11,0,Active,1188
C04827,2025-11-15,2025-12-15,Basic,India,24,19,PayPal,Organic Search,Monthly,2,11.55,27,1,Churned,228
C04828,2024-05-18,2024-08-29,Standard,United States,37,49,UPI,Organic Search,Annual,0,21.72,1,1,Churned,588
C04829,2026-03-09,,Standard,Canada,37,49,PayPal,Organic Search,Monthly,2,13.33,9,0,Active,588
C04830,2026-04-02,2025-12-31,Standard,India,26,49,Credit Card,Email,Annual,0,11.88,13,1,Churned,588
C04831,2024-11-01,,Standard,United States,25,49,PayPal,Email,Monthly,2,19.58,25,0,Active,588
C04832,2025-06-27,2025-11-24,Standard,Germany,31,49,PayPal,Referral,Annual,1,11.63,26,1,Churned,588
C04833,2025-08-13,,Standard,Germany,20,49,Debit Card,Organic Search,Monthly,0,14.51,1,0,Active,588
C04834,2024-07-06,,Standard,Germany,32,49,UPI,Email,Monthly,1,12.02,27,0,Active,588
C04835,2024-03-14,,Standard,Germany,29,49,Debit Card,Referral,Annual,2,11.39,32,0,Active,588
C04836,2025-05-14,,Standard,India,47,49,Credit Card,Social Media,Annual,3,4.92,12,0,Active,588
C04837,2025-07-02,,Standard,India,48,49,PayPal,Partner,Annual,4,17.09,17,0,Active,588
C04838,2025-01-26,,Premium,United States,28,99,PayPal,Social Media,Annual,0,10.35,29,0,Active,1188
C04839,2026-01-14,2025-12-31,Standard,Canada,25,49,Debit Card,Partner,Monthly,5,11.33,25,1,Churned,588
C04840,2025-12-03,,Standard,India,64,49,Credit Card,Referral,Annual,1,0.76,24,0,Active,588
C04841,2025-09-10,,Standard,United Kingdom,37,49,UPI,Paid Search,Monthly,1,16.12,10,0,Active,588
C04842,2026-02-23,,Basic,Australia,62,19,UPI,Social Media,Annual,3,4.5,1,0,Active,228
C04843,2025-12-04,,Premium,Canada,29,99,UPI,Social Media,Annual,1,11.38,4,0,Active,1188
C04844,2025-06-09,,Basic,India,63,19,Debit Card,Referral,Monthly,0,6.12,14,0,Active,228
C04845,2025-08-05,2025-11-05,Standard,United Kingdom,28,49,PayPal,Paid Search,Monthly,0,22.39,1,1,Churned,588
C04846,2024-11-08,,Basic,United Kingdom,47,19,PayPal,Email,Annual,3,10.14,14,0,Active,228
C04847,2024-05-15,,Basic,Australia,21,19,Debit Card,Paid Search,Monthly,0,8.38,14,0,Active,228
C04848,2024-07-20,,Basic,India,34,19,Credit Card,Paid Search,Annual,3,11.51,10,0,Active,228
C04849,2024-11-04,,Basic,United Kingdom,36,19,UPI,Paid Search,Monthly,1,18.41,1,0,Active,228
C04850,2024-12-01,,Basic,Canada,62,19,Credit Card,Social Media,Monthly,2,16.4,33,0,Active,228
C04851,2024-11-09,,Standard,United States,63,49,UPI,Partner,Annual,1,18.34,3,0,Active,588
C04852,2025-05-07,2025-08-08,Standard,Germany,51,49,Debit Card,Partner,Annual,2,12.07,16,1,Churned,588
C04853,2024-04-19,,Basic,India,55,19,UPI,Social Media,Monthly,0,20.43,23,0,Active,228
C04854,2025-01-18,2025-08-04,Standard,Germany,45,49,Credit Card,Social Media,Monthly,0,17.97,4,1,Churned,588
C04855,2025-11-25,,Standard,United States,36,49,Credit Card,Partner,Annual,2,14.49,5,0,Active,588
C04856,2026-04-06,,Premium,Germany,42,99,PayPal,Partner,Monthly,3,11.26,17,0,Active,1188
C04857,2026-03-23,,Standard,Australia,52,49,Debit Card,Referral,Annual,2,12.22,19,0,Active,588
C04858,2026-01-26,,Premium,United Kingdom,43,99,Debit Card,Partner,Monthly,0,9.58,15,0,Active,1188
C04859,2024-11-08,,Basic,Germany,43,19,Credit Card,Partner,Monthly,2,13.2,15,0,Active,228
C04860,2025-09-27,,Basic,Canada,32,19,UPI,Email,Monthly,0,9.99,3,0,Active,228
C04861,2024-07-14,,Basic,India,36,19,UPI,Paid Search,Monthly,1,7.66,11,0,Active,228
C04862,2026-03-26,,Basic,United Kingdom,19,19,PayPal,Partner,Annual,2,13.79,17,0,Active,228
C04863,2024-03-02,,Basic,Canada,54,19,UPI,Partner,Annual,0,8.04,24,0,Active,228
C04864,2024-03-13,,Premium,Australia,21,99,UPI,Social Media,Annual,2,13.41,19,0,Active,1188
C04865,2025-03-10,2025-06-19,Premium,Germany,58,99,PayPal,Organic Search,Monthly,2,10.19,19,1,Churned,1188
C04866,2025-02-09,,Basic,India,22,19,Debit Card,Partner,Monthly,4,16.11,12,0,Active,228
C04867,2025-03-26,,Standard,United Kingdom,63,49,PayPal,Paid Search,Annual,3,7.72,34,0,Active,588
C04868,2025-10-21,,Basic,United States,47,19,UPI,Social Media,Monthly,3,13.73,3,0,Active,228
C04869,2024-06-23,,Basic,United Kingdom,32,19,PayPal,Partner,Monthly,1,17.72,9,0,Active,228
C04870,2025-05-21,,Basic,Australia,34,19,PayPal,Social Media,Monthly,1,8.79,24,0,Active,228
C04871,2024-04-26,,Basic,India,31,19,Debit Card,Partner,Monthly,1,5.21,1,0,Active,228
C04872,2024-07-14,,Standard,India,20,49,PayPal,Paid Search,Monthly,0,13.53,21,0,Active,588
C04873,2024-10-14,,Basic,Germany,38,19,PayPal,Email,Monthly,2,12.52,23,0,Active,228
C04874,2025-09-01,,Basic,Canada,33,19,PayPal,Paid Search,Annual,0,10.72,24,0,Active,228
C04875,2025-05-22,,Premium,Canada,42,99,UPI,Referral,Annual,4,15.1,1,0,Active,1188
C04876,2026-05-16,,Standard,United States,48,49,UPI,Social Media,Monthly,2,17.76,15,0,Active,588
C04877,2024-08-14,,Premium,Australia,19,99,Debit Card,Paid Search,Monthly,4,12.63,33,0,Active,1188
C04878,2024-05-01,2025-06-23,Standard,Germany,49,49,UPI,Email,Monthly,2,18.2,13,1,Churned,588
C04879,2024-05-13,,Premium,India,29,99,Credit Card,Email,Monthly,5,10.85,3,0,Active,1188
C04880,2024-08-21,,Basic,Australia,40,19,PayPal,Paid Search,Annual,0,10.21,12,0,Active,228
C04881,2026-02-19,2025-12-31,Basic,India,39,19,Debit Card,Organic Search,Monthly,1,7.53,22,1,Churned,228
C04882,2026-06-04,,Basic,United States,59,19,UPI,Paid Search,Monthly,2,7.54,14,0,Active,228
C04883,2025-10-03,,Basic,Australia,27,19,PayPal,Referral,Monthly,1,10.84,1,0,Active,228
C04884,2025-09-22,,Premium,India,49,99,UPI,Partner,Monthly,3,10.68,15,0,Active,1188
C04885,2026-02-14,,Standard,Germany,37,49,UPI,Organic Search,Annual,2,13.74,18,0,Active,588
C04886,2025-12-19,,Standard,Australia,39,49,Credit Card,Organic Search,Monthly,3,5.69,20,0,Active,588
C04887,2024-05-19,,Standard,United Kingdom,22,49,UPI,Partner,Monthly,1,16.67,1,0,Active,588
C04888,2025-01-27,,Basic,Australia,20,19,Debit Card,Organic Search,Annual,2,18.21,15,0,Active,228
C04889,2026-04-16,,Premium,Australia,21,99,Credit Card,Social Media,Monthly,1,19.42,32,0,Active,1188
C04890,2024-03-30,,Basic,Germany,34,19,PayPal,Partner,Monthly,3,8.57,1,0,Active,228
C04891,2025-01-27,2025-09-21,Basic,Canada,52,19,Credit Card,Referral,Annual,3,5.55,20,1,Churned,228
C04892,2026-04-08,,Premium,United States,49,99,UPI,Partner,Monthly,2,16.53,19,0,Active,1188
C04893,2025-06-30,,Premium,Germany,33,99,UPI,Partner,Monthly,3,7.87,9,0,Active,1188
C04894,2026-06-05,,Premium,Canada,40,99,Debit Card,Social Media,Monthly,3,10.3,1,0,Active,1188
C04895,2024-10-25,,Standard,India,56,49,Debit Card,Email,Annual,3,11.02,26,0,Active,588
C04896,2024-09-17,,Basic,United States,64,19,PayPal,Organic Search,Monthly,1,11.7,26,0,Active,228
C04897,2024-12-14,,Standard,India,60,49,Credit Card,Organic Search,Annual,1,14.3,21,0,Active,588
C04898,2024-09-14,,Basic,United Kingdom,54,19,Debit Card,Partner,Annual,4,0.0,20,0,Active,228
C04899,2025-11-21,,Standard,United Kingdom,39,49,Credit Card,Referral,Monthly,2,14.85,14,0,Active,588
C04900,2026-01-08,,Premium,Germany,44,99,PayPal,Referral,Annual,4,25.35,6,0,Active,1188
C04901,2025-06-07,,Standard,United States,60,49,PayPal,Organic Search,Annual,4,9.58,8,0,Active,588
C04902,2024-06-07,,Standard,Canada,33,49,Debit Card,Organic Search,Annual,0,13.03,4,0,Active,588
C04903,2024-08-06,2024-09-09,Basic,United States,56,19,UPI,Email,Monthly,2,5.31,9,1,Churned,228
C04904,2024-05-12,,Basic,Canada,53,19,UPI,Social Media,Monthly,0,12.87,10,0,Active,228
C04905,2025-12-27,,Basic,India,21,19,UPI,Organic Search,Monthly,1,10.08,1,0,Active,228
C04906,2024-03-16,,Basic,United States,21,19,Credit Card,Organic Search,Annual,5,8.51,11,0,Active,228
C04907,2026-04-05,2025-12-31,Standard,India,64,49,Debit Card,Paid Search,Monthly,4,14.24,14,1,Churned,588
C04908,2025-11-16,,Basic,Australia,18,19,PayPal,Email,Monthly,2,10.32,30,0,Active,228
C04909,2026-01-08,2025-12-31,Premium,India,32,99,Credit Card,Social Media,Monthly,3,13.35,17,1,Churned,1188
C04910,2025-08-20,,Basic,Canada,27,19,Credit Card,Social Media,Annual,5,16.52,12,0,Active,228
C04911,2026-02-03,2025-12-31,Basic,India,26,19,Credit Card,Paid Search,Monthly,2,15.54,4,1,Churned,228
C04912,2025-09-14,,Premium,United Kingdom,25,99,UPI,Partner,Annual,2,23.46,17,0,Active,1188
C04913,2024-03-29,,Standard,Canada,60,49,Credit Card,Paid Search,Annual,3,12.98,20,0,Active,588
C04914,2026-04-04,,Standard,Australia,62,49,Debit Card,Social Media,Monthly,3,6.94,18,0,Active,588
C04915,2025-04-29,,Basic,Germany,46,19,Credit Card,Referral,Annual,0,11.01,25,0,Active,228
C04916,2024-07-22,,Basic,United Kingdom,55,19,Debit Card,Partner,Annual,2,19.0,9,0,Active,228
C04917,2026-04-12,,Standard,Australia,49,49,PayPal,Partner,Monthly,3,11.66,16,0,Active,588
C04918,2024-07-15,,Basic,United States,56,19,PayPal,Social Media,Monthly,1,10.29,10,0,Active,228
C04919,2024-04-16,,Basic,United States,32,19,PayPal,Email,Annual,1,17.59,20,0,Active,228
C04920,2025-12-06,,Standard,Canada,52,49,UPI,Referral,Annual,3,23.6,4,0,Active,588
C04921,2025-05-27,,Basic,Canada,30,19,PayPal,Partner,Monthly,2,6.03,21,0,Active,228
C04922,2024-05-02,,Premium,United Kingdom,23,99,UPI,Social Media,Monthly,1,10.1,22,0,Active,1188
C04923,2024-08-08,,Basic,Germany,27,19,Credit Card,Paid Search,Monthly,3,15.6,14,0,Active,228
C04924,2025-09-11,2025-11-15,Standard,Germany,35,49,Debit Card,Email,Monthly,3,6.45,11,1,Churned,588
C04925,2025-01-12,,Standard,India,57,49,Debit Card,Social Media,Annual,1,8.81,9,0,Active,588
C04926,2025-10-15,,Basic,United Kingdom,35,19,UPI,Paid Search,Monthly,2,4.15,18,0,Active,228
C04927,2025-11-02,,Premium,Australia,39,99,Credit Card,Email,Monthly,1,12.23,23,0,Active,1188
C04928,2024-05-25,,Premium,Germany,50,99,PayPal,Email,Annual,2,14.43,5,0,Active,1188
C04929,2024-10-05,,Standard,Canada,57,49,UPI,Referral,Monthly,3,13.86,11,0,Active,588
C04930,2024-11-14,,Premium,Canada,36,99,Credit Card,Social Media,Monthly,0,16.8,6,0,Active,1188
C04931,2024-09-11,,Standard,United Kingdom,31,49,Credit Card,Organic Search,Monthly,4,15.71,20,0,Active,588
C04932,2025-12-13,,Premium,Germany,57,99,Debit Card,Organic Search,Monthly,1,2.79,1,0,Active,1188
C04933,2024-11-18,2025-04-06,Standard,Canada,52,49,PayPal,Social Media,Monthly,0,14.26,12,1,Churned,588
C04934,2024-02-29,,Standard,Australia,39,49,Debit Card,Referral,Monthly,2,6.12,23,0,Active,588
C04935,2025-10-26,,Standard,India,47,49,UPI,Email,Monthly,1,4.53,11,0,Active,588
C04936,2026-06-10,,Premium,Australia,30,99,Debit Card,Referral,Annual,2,8.16,13,0,Active,1188
C04937,2025-02-07,,Basic,United States,61,19,Debit Card,Referral,Annual,4,12.86,15,0,Active,228
C04938,2025-10-14,,Standard,Germany,19,49,UPI,Paid Search,Annual,0,11.31,1,0,Active,588
C04939,2025-06-16,,Basic,United States,43,19,UPI,Paid Search,Monthly,1,9.45,10,0,Active,228
C04940,2025-10-31,2025-12-17,Basic,India,62,19,Debit Card,Email,Monthly,2,11.66,12,1,Churned,228
C04941,2025-02-21,2025-04-29,Standard,Australia,25,49,PayPal,Referral,Monthly,3,20.65,16,1,Churned,588
C04942,2026-01-30,,Premium,Canada,30,99,PayPal,Referral,Annual,4,17.2,26,0,Active,1188
C04943,2024-07-30,,Standard,India,37,49,Debit Card,Social Media,Annual,1,24.06,20,0,Active,588
C04944,2025-01-18,,Standard,Australia,34,49,Debit Card,Email,Annual,4,18.11,21,0,Active,588
C04945,2024-06-03,2024-11-10,Standard,India,19,49,UPI,Referral,Monthly,3,14.53,15,1,Churned,588
C04946,2024-04-09,,Standard,Australia,37,49,PayPal,Organic Search,Annual,2,18.25,20,0,Active,588
C04947,2026-06-05,,Standard,Germany,27,49,PayPal,Referral,Monthly,1,7.49,20,0,Active,588
C04948,2026-03-30,,Standard,United States,20,49,PayPal,Social Media,Monthly,0,12.21,20,0,Active,588
C04949,2025-07-27,,Standard,Canada,20,49,UPI,Social Media,Monthly,2,13.3,28,0,Active,588
C04950,2024-08-15,,Standard,India,53,49,UPI,Email,Annual,0,7.93,16,0,Active,588
C04951,2025-07-16,,Basic,India,49,19,UPI,Organic Search,Monthly,1,16.4,1,0,Active,228
C04952,2025-02-08,,Standard,United Kingdom,37,49,UPI,Social Media,Monthly,2,15.22,7,0,Active,588
C04953,2025-04-23,,Basic,United States,33,19,Credit Card,Referral,Monthly,2,3.86,8,0,Active,228
C04954,2024-10-21,2025-03-08,Basic,India,29,19,Credit Card,Social Media,Monthly,2,14.33,24,1,Churned,228
C04955,2026-02-13,,Basic,Australia,62,19,Debit Card,Organic Search,Annual,2,1.62,21,0,Active,228
C04956,2025-11-20,,Basic,Germany,29,19,Debit Card,Organic Search,Monthly,4,11.82,7,0,Active,228
C04957,2025-11-14,,Standard,India,19,49,PayPal,Organic Search,Monthly,4,7.28,16,0,Active,588
C04958,2025-10-03,,Premium,United Kingdom,41,99,Debit Card,Paid Search,Annual,2,10.82,10,0,Active,1188
C04959,2025-06-04,2025-12-23,Basic,India,39,19,PayPal,Social Media,Monthly,1,5.48,34,1,Churned,228
C04960,2024-12-03,,Premium,United States,58,99,UPI,Partner,Monthly,1,13.65,1,0,Active,1188
C04961,2024-10-24,,Premium,Australia,54,99,Credit Card,Email,Monthly,1,12.53,23,0,Active,1188
C04962,2024-04-26,2025-06-06,Standard,United States,37,49,Debit Card,Referral,Monthly,5,12.62,17,1,Churned,588
C04963,2024-10-23,,Standard,United States,20,49,PayPal,Social Media,Monthly,3,6.84,6,0,Active,588
C04964,2025-09-20,,Standard,India,27,49,Credit Card,Email,Annual,1,24.51,16,0,Active,588
C04965,2026-01-30,,Basic,India,33,19,Debit Card,Referral,Monthly,1,11.57,27,0,Active,228
C04966,2024-07-18,,Standard,India,55,49,PayPal,Paid Search,Monthly,1,17.25,13,0,Active,588
C04967,2025-02-04,,Standard,United States,40,49,UPI,Paid Search,Monthly,0,6.21,17,0,Active,588
C04968,2025-09-22,,Premium,Australia,59,99,Credit Card,Partner,Annual,1,12.45,16,0,Active,1188
C04969,2024-08-31,,Basic,United Kingdom,45,19,UPI,Referral,Monthly,0,16.96,35,0,Active,228
C04970,2026-01-17,,Premium,Canada,39,99,PayPal,Partner,Monthly,0,12.73,25,0,Active,1188
C04971,2025-02-08,2025-11-18,Basic,Canada,56,19,Credit Card,Social Media,Monthly,5,11.89,30,1,Churned,228
C04972,2024-05-24,,Basic,Australia,51,19,PayPal,Paid Search,Monthly,2,18.58,23,0,Active,228
C04973,2024-04-05,,Premium,United Kingdom,32,99,Debit Card,Organic Search,Annual,2,13.0,15,0,Active,1188
C04974,2025-04-16,,Basic,Australia,37,19,PayPal,Paid Search,Monthly,2,13.42,1,0,Active,228
C04975,2026-04-18,2025-12-31,Basic,United Kingdom,54,19,Credit Card,Organic Search,Annual,1,16.7,1,1,Churned,228
C04976,2026-01-05,,Basic,Germany,20,19,Credit Card,Partner,Annual,3,19.33,14,0,Active,228
C04977,2024-07-16,,Premium,Canada,41,99,Debit Card,Organic Search,Monthly,1,12.09,21,0,Active,1188
C04978,2024-08-25,,Standard,Australia,46,49,Credit Card,Referral,Monthly,0,8.83,6,0,Active,588
C04979,2025-07-16,,Standard,Australia,27,49,PayPal,Partner,Annual,0,10.99,9,0,Active,588
C04980,2025-01-07,,Standard,Canada,36,49,UPI,Partner,Monthly,5,20.57,16,0,Active,588
C04981,2025-10-25,,Standard,Germany,28,49,UPI,Organic Search,Annual,2,16.93,28,0,Active,588
C04982,2025-01-10,,Standard,Australia,50,49,PayPal,Social Media,Monthly,0,5.11,1,0,Active,588
C04983,2025-08-21,2025-12-02,Premium,India,35,99,Debit Card,Paid Search,Monthly,2,10.85,17,1,Churned,1188
C04984,2025-10-12,,Basic,Canada,30,19,PayPal,Email,Monthly,1,11.68,9,0,Active,228
C04985,2024-12-16,,Standard,India,56,49,UPI,Referral,Monthly,1,13.78,21,0,Active,588
C04986,2025-12-14,,Basic,United States,64,19,UPI,Social Media,Monthly,0,15.7,10,0,Active,228
C04987,2025-11-30,2025-12-30,Standard,United Kingdom,40,49,UPI,Partner,Monthly,1,11.44,14,1,Churned,588
C04988,2026-03-07,,Standard,Germany,51,49,Debit Card,Partner,Monthly,2,12.56,16,0,Active,588
C04989,2025-11-25,,Basic,India,27,19,Debit Card,Social Media,Annual,3,9.64,27,0,Active,228
C04990,2024-07-15,,Basic,United Kingdom,53,19,Debit Card,Social Media,Monthly,1,12.96,20,0,Active,228
C04991,2025-03-07,,Basic,Australia,47,19,Debit Card,Referral,Monthly,3,10.38,10,0,Active,228
C04992,2024-03-12,,Basic,Canada,61,19,Debit Card,Email,Monthly,3,8.17,31,0,Active,228
C04993,2026-01-02,,Standard,United States,30,49,UPI,Organic Search,Annual,1,11.78,16,0,Active,588
C04994,2026-02-17,,Basic,Germany,24,19,Debit Card,Paid Search,Monthly,2,12.24,18,0,Active,228
C04995,2024-04-12,2025-09-02,Standard,Germany,25,49,UPI,Organic Search,Monthly,3,10.34,23,1,Churned,588
C04996,2024-02-25,,Standard,Canada,58,49,PayPal,Social Media,Annual,2,7.53,10,0,Active,588
C04997,2025-10-13,2025-11-24,Basic,India,19,19,PayPal,Paid Search,Monthly,3,3.7,8,1,Churned,228
C04998,2024-04-27,,Basic,United Kingdom,58,19,Credit Card,Paid Search,Monthly,3,25.98,13,0,Active,228
C04999,2024-07-14,2025-01-16,Basic,Germany,64,19,PayPal,Partner,Monthly,2,15.47,3,1,Churned,228
C05000,2024-03-06,2025-03-09,Standard,Canada,43,49,UPI,Paid Search,Monthly,2,8.2,17,1,Churned,588
